DATE_TIME,CO,NO2,SO2,CH4
2025-09-01 00:00:00,736.7182020405162,51.41348797270977,35.494274630684785,2120.150058121366
2025-09-01 01:00:00,1716.2143208968575,42.98631153578781,35.360271094799145,2626.5649449285247
2025-09-01 02:00:00,,45.12793306571998,41.7960858306913,3289.472433572785
2025-09-01 03:00:00,1117.7194231349622,66.1691743542136,,1657.535253716507
2025-09-01 04:00:00,,8.81178935698621,26.576440206286623,1552.8629104045567
2025-09-01 05:00:00,365.1906845715445,60.46807891425356,5.790791105371293,1370.120198740849
2025-09-01 06:00:00,198.7421406859391,80.72727702447351,21.2017159421192,2064.0499464643012
2025-09-01 07:00:00,1572.4994478173899,6.143149534767909,35.65445044431235,2009.0198018635188
2025-09-01 08:00:00,1121.895519963455,13.51814719179634,2.2199142895213644,2204.721345133152
2025-09-01 09:00:00,1303.7233822532774,64.78024236648079,3.503047287670559,2356.9510648499927
2025-09-01 10:00:00,134.99364030286415,39.91806669377097,3.9549424248441385,2891.4303874639545
2025-09-01 11:00:00,1748.8467486753902,36.91582725241827,33.16557336644568,2123.4381199607888
2025-09-01 12:00:00,1515.152489360717,13.190030474436991,23.05133165677957,1994.2875296585905
2025-09-01 13:00:00,460.97648815306945,46.10253362388314,17.23150951490612,3036.4455225452166
2025-09-01 14:00:00,409.10244425207105,12.262532696477574,5.647149991516383,3084.5730083726785
2025-09-01 15:00:00,411.7876667508375,43.419220611638096,33.21857100905912,1788.8085250160416
2025-09-01 16:00:00,617.2118130312141,68.96176160758745,15.124871664239585,1960.8108276937473
2025-09-01 17:00:00,992.0859337748043,23.985527851957553,12.674259082845357,3032.7443789111853
2025-09-01 18:00:00,834.3065316915968,43.78996896799573,29.702044868356243,1466.757313025306
2025-09-01 19:00:00,595.0895383366712,89.28942127631838,25.59647927426104,1984.2782388205496
2025-09-01 20:00:00,1140.1499210280451,62.11188767850931,16.94606823978527,2241.5352247858086
2025-09-01 21:00:00,337.1395631084711,75.88075264616268,29.225448715445875,1692.8503919211992
2025-09-01 22:00:00,596.6459025098709,37.92143698388857,12.9337468969012,1677.819812882466
2025-09-01 23:00:00,722.8151335992759,69.33962215820112,35.97253151059038,2192.21032182841
2025-09-02 00:00:00,875.3189731689611,4.605316391777643,11.090033813536772,2884.495621943197
2025-09-02 01:00:00,1434.799134368123,11.939095246259804,7.988858596808688,3064.489257050018
2025-09-02 02:00:00,439.44542966921153,19.07328276988553,35.4273340179505,3356.393694325964
2025-09-02 03:00:00,974.1985453031398,36.773721290754544,32.14724935070906,1455.36650519261
2025-09-02 04:00:00,1107.104767065472,76.27129417099292,9.036114930879132,1755.0326224065846
2025-09-02 05:00:00,178.96570162399613,31.817678520125813,6.1148131183572705,2888.9226690068153
2025-09-02 06:00:00,1132.8262482324453,59.261286222876194,37.88955989341445,
2025-09-02 07:00:00,389.8910102683956,64.12897223751003,35.17033321665427,1988.1275253210783
2025-09-02 08:00:00,210.58770807497518,53.17022951386239,15.399324442785225,1731.7382886192113
2025-09-02 09:00:00,1713.1054133306666,32.79453516714212,29.960685961388133,1889.0028584491408
2025-09-02 10:00:00,,52.35774741250544,6.463048208103675,2201.506795631999
2025-09-02 11:00:00,1474.275491797984,31.461637758287413,23.310096998097837,1672.0175609626688
2025-09-02 12:00:00,617.8434075947301,8.464762731129074,1.8241328506584744,3324.8745073411765
2025-09-02 13:00:00,266.04259381085257,89.35955405855528,18.23048276054844,1525.9357336597361
2025-09-02 14:00:00,1263.1961450706667,12.319238373293471,4.293084144741824,3369.71261242736
2025-09-02 15:00:00,848.2592393573223,7.439006161409104,21.90647592690283,3067.9759006014124
2025-09-02 16:00:00,307.464999236124,79.18923667943687,19.55399246152735,2188.618396778852
2025-09-02 17:00:00,941.8007471891593,27.863284819467665,20.552941172074465,2853.6143022152414
2025-09-02 18:00:00,158.46048589587127,58.87643069254218,2.994577290111739,2710.1820117624106
2025-09-02 19:00:00,1645.8446835339296,30.281509939938722,16.911119016400626,1747.902527692755
2025-09-02 20:00:00,539.9259687200288,35.83943010070793,34.28528936039633,2012.0471808497873
2025-09-02 21:00:00,1226.2878834017692,24.32805450949489,17.232232427559286,2377.557381891462
2025-09-02 22:00:00,629.9088293519986,31.530916515577907,32.46756591482155,2639.4727777642265
2025-09-02 23:00:00,984.1156360022784,37.55233565220234,17.257063839884264,2440.079460848905
2025-09-03 00:00:00,1029.4074748835756,65.11703014921852,19.622535425568202,2293.273668113595
2025-09-03 01:00:00,414.25257439339595,46.52672128689647,25.811252964487707,2230.6197742552904
2025-09-03 02:00:00,1748.2938671997495,84.97730432697095,42.83000521951163,2346.3554485195377
2025-09-03 03:00:00,1417.7257997138947,4.7273550516510205,5.789859652452828,2212.1381916765376
2025-09-03 04:00:00,1697.1482006591216,45.773080714250504,2.448205821091642,2436.7931628460037
2025-09-03 05:00:00,1621.206495727003,52.99600620602291,27.750116087641988,3164.769127998
2025-09-03 06:00:00,1116.4299639788446,82.89753176061038,42.76027191285076,2628.941557414684
2025-09-03 07:00:00,1667.1861995392985,5.375108602307055,44.54781783240745,2817.5038374759342
2025-09-03 08:00:00,250.43725348826314,52.041463059234225,22.30322688524808,2554.714580834631
2025-09-03 09:00:00,433.17086611254683,,21.59559132774433,2650.3371330694044
2025-09-03 10:00:00,176.8863911479147,22.531567802612056,29.378405912788633,2514.5346397411786
2025-09-03 11:00:00,653.0615622975494,78.99001901863043,25.44792931701867,1356.4196966112288
2025-09-03 12:00:00,760.7513924721194,2.694863425411972,28.899874535021198,3399.1566026200417
2025-09-03 13:00:00,561.293354015623,66.18846199290195,39.455974723667346,1370.579404447083
2025-09-03 14:00:00,1508.85376555828,84.04707668401012,33.83747145745481,2129.8108172906727
2025-09-03 15:00:00,706.4806553791018,59.490591885965536,22.862605234219004,1520.7429244277603
2025-09-03 16:00:00,577.5886664685472,40.07360271425987,21.322036196007463,1503.5497459259582
2025-09-03 17:00:00,1022.5833413690224,4.994410466071905,29.142476934577104,2966.4065985164157
2025-09-03 18:00:00,339.5711824570965,82.89012938571396,21.05107651449309,2194.4441366519613
2025-09-03 19:00:00,1463.7348672818675,42.856363819550154,21.142291455688152,2982.3912874274065
2025-09-03 20:00:00,226.7360942556104,3.5807102458993727,1.717459678606212,1872.8515884297462
2025-09-03 21:00:00,1777.7077922208794,62.39407534825981,8.658822045921571,1838.571862793093
2025-09-03 22:00:00,1412.8161078043177,43.883515568286974,22.49460015981313,1827.5859018103706
2025-09-03 23:00:00,437.81665860809306,12.066733252374554,37.196752198216245,2593.9058154566305
2025-09-04 00:00:00,109.38759911012409,20.070191028613102,13.263988295993462,3011.49871867576
2025-09-04 01:00:00,1486.2844283732181,6.739670560570318,23.99631105777056,2249.7481211580052
2025-09-04 02:00:00,1301.657484540949,52.11212503406305,16.178331729406217,2096.4226703462728
2025-09-04 03:00:00,1339.3121856696785,56.360623653428824,5.611375539741918,3344.5170638234636
2025-09-04 04:00:00,1411.1595893661079,46.01106455363455,43.16513325513723,1545.1834756244416
2025-09-04 05:00:00,225.8759079479536,73.72208983723273,38.605650291013276,2321.9286322942744
2025-09-04 06:00:00,709.3917385252635,77.62978509641322,4.453666676543882,2157.824281681012
2025-09-04 07:00:00,296.97740119272055,55.79057130479827,32.67063954860453,1506.0658528324698
2025-09-04 08:00:00,1567.275823988509,2.1353266939613187,16.29351579173001,1863.2207603852603
2025-09-04 09:00:00,1159.6068156068484,62.87543936154847,44.773391510718874,1359.7265464161353
2025-09-04 10:00:00,662.5266422495037,38.20193030591129,14.305534872475018,3141.6040068642096
2025-09-04 11:00:00,208.0491954862402,51.33461600714844,11.504491595954397,2576.4840108798426
2025-09-04 12:00:00,628.6699469166257,58.76817357968071,25.987184125437828,3011.5388455275265
2025-09-04 13:00:00,652.8116474454699,32.17105867510983,37.74555118710098,2395.2643500462787
2025-09-04 14:00:00,1340.3305031747088,82.62176696028969,9.470830360071112,2558.970641785978
2025-09-04 15:00:00,1183.8477013038623,12.923763140730527,32.21372186765058,2771.794403399246
2025-09-04 16:00:00,1608.261662379755,60.764550848012334,,3206.8244176748512
2025-09-04 17:00:00,902.7653727753138,1.3880026161356582,41.43312869686188,1492.6789644342762
2025-09-04 18:00:00,303.3102180951129,83.29394838106109,4.567296310481146,1994.9916289450266
2025-09-04 19:00:00,1312.5161382790916,11.012867858190143,41.22618055914315,2788.9550004700013
2025-09-04 20:00:00,1393.3345826487257,9.444696483134143,22.595518975918925,3312.5361823029248
2025-09-04 21:00:00,1054.1712358681436,30.637679341649736,20.716008963020474,3359.6955998290114
2025-09-04 22:00:00,1410.6442059227536,34.247399457478174,43.82551149801657,2640.016319188251
2025-09-04 23:00:00,939.4525138194642,20.072706436736198,44.57690381872164,1706.5568032852213
2025-09-05 00:00:00,988.6458099493899,,29.60783754228453,1550.338713969309
2025-09-05 01:00:00,826.8197312095343,40.419354725734756,6.5932488417101345,3286.691652988893
2025-09-05 02:00:00,,4.04162742465678,23.271483768828908,2211.2481478712657
2025-09-05 03:00:00,283.41542588861756,,24.283176442049147,1709.1136698516382
2025-09-05 04:00:00,153.42961566744822,73.12852930801218,23.63564283795363,3261.174283132962
2025-09-05 05:00:00,1181.8976991484267,62.383436602706304,26.05764089488043,1519.500970285055
2025-09-05 06:00:00,634.4051678297553,65.51350596860937,1.8238874069531894,2832.0993033998575
2025-09-05 07:00:00,964.5701749799947,63.13240624343359,32.2940003847021,2613.052357841002
2025-09-05 08:00:00,1642.8630056743582,28.676598903089964,32.345349285931476,1484.242795199873
2025-09-05 09:00:00,523.7967895530874,9.870089064833053,6.080670107827069,2011.3724708428285
2025-09-05 10:00:00,797.6509691605705,25.249579378945544,26.090535467615233,1614.8544480340224
2025-09-05 11:00:00,1384.4369355231827,75.02889171647918,26.007892027174083,2569.4470443196387
2025-09-05 12:00:00,488.95688133575817,88.26190100269334,31.027818488377605,2301.9373665226003
2025-09-05 13:00:00,230.86584670894808,44.95238431199896,4.757498453943567,1308.977761787031
2025-09-05 14:00:00,592.5774699534056,1.8633315881507575,28.56614551970824,3348.9921891962067
2025-09-05 15:00:00,374.0761883318075,13.463988279946385,13.353085832839012,2034.127764768035
2025-09-05 16:00:00,1680.4860089823742,29.665171203147654,23.308131581831564,1842.229224957805
2025-09-05 17:00:00,1473.8046452595088,52.494096024772524,35.02623631897937,1767.1302071676155
2025-09-05 18:00:00,1176.7863860677198,7.683334476672943,32.04842119997259,1633.5133819644925
2025-09-05 19:00:00,,84.95879958517946,6.231732777831709,3398.1878600546706
2025-09-05 20:00:00,1466.2425307284946,33.492446922311665,27.012130633107223,1919.7298825513703
2025-09-05 21:00:00,417.16910010626094,82.21999539530925,43.6411273613925,2151.5783441709914
2025-09-05 22:00:00,1617.3502974329622,70.46644044537494,7.8978552427401,3129.8474239739867
2025-09-05 23:00:00,1016.8818112566063,68.23391725388672,38.527911859918255,2647.963757440044
2025-09-06 00:00:00,,54.998042600618646,31.912115544366184,2074.258264665072
2025-09-06 01:00:00,,56.78375971761417,35.056145768029424,3186.4897154400915
2025-09-06 02:00:00,,57.782287934246085,13.4061663942764,2874.4208246485605
2025-09-06 03:00:00,,56.956203445276806,13.667112892713067,1778.5910658375692
2025-09-06 04:00:00,,50.28181259445415,40.86485605416548,2651.851888659833
2025-09-06 05:00:00,,88.7908476449771,16.83260941207258,3237.036846414043
2025-09-06 06:00:00,,66.17386050088695,3.772677190483661,2342.5678447458663
2025-09-06 07:00:00,,70.14822856693438,27.426254957495804,2840.586045946501
2025-09-06 08:00:00,,78.649190542447,6.4919774378410775,3339.3178623772346
2025-09-06 09:00:00,,20.191938882600578,36.05023462194796,2749.8696958799474
2025-09-06 10:00:00,,8.45857015946041,29.236843470046527,1515.1212485087692
2025-09-06 11:00:00,,43.97760485727528,39.48796622973316,1813.5750569557076
2025-09-06 12:00:00,,46.75318191011531,35.53283899043595,2549.7025184195627
2025-09-06 13:00:00,,74.79717841554267,5.9330005268806305,1878.6672122810028
2025-09-06 14:00:00,,40.49673855612788,17.76710976311458,3310.837581317194
2025-09-06 15:00:00,,51.805919273443834,35.08065099624184,2151.239271446565
2025-09-06 16:00:00,981.9440569637223,47.90931352769779,19.363024823718334,2260.1838520379665
2025-09-06 17:00:00,1295.1322301218024,4.4000477544078045,43.78408133031905,2773.3643962872466
2025-09-06 18:00:00,718.1703240447997,55.75412579712534,33.372579795311765,2400.924435817936
2025-09-06 19:00:00,1752.0295406256332,74.69585243390844,1.681996334374125,2102.5065304664136
2025-09-06 20:00:00,1736.160401401589,15.01754877874654,39.719370428676804,1460.9395378246154
2025-09-06 21:00:00,528.0299029031191,53.89552431946702,5.435410534216534,2552.535737966514
2025-09-06 22:00:00,945.3224600170553,53.83133845573088,7.1830438639237775,3121.918064667473
2025-09-06 23:00:00,,15.612461801015927,33.31766562688624,2740.101127696118
2025-09-07 00:00:00,584.228840441695,11.988258062035506,39.05861661494113,2101.1395210985997
2025-09-07 01:00:00,162.70781050270574,88.22462292490715,24.599383627580462,1568.2247357085716
2025-09-07 02:00:00,1136.2593677658247,,13.718188249614284,3014.3101924989123
2025-09-07 03:00:00,954.5543394890645,21.240533856394105,16.457883991139724,3277.67156068553
2025-09-07 04:00:00,187.5138771249819,16.247884456439373,16.087130502226465,2115.373280672156
2025-09-07 05:00:00,573.6989892022394,60.41655250890792,15.373836567618538,2830.1485972865294
2025-09-07 06:00:00,1644.0520061433112,55.240631462127816,11.68802556015259,2162.6032237705867
2025-09-07 07:00:00,507.25521413385314,58.276138945880156,27.790152163686255,2354.760571589619
2025-09-07 08:00:00,346.3212825550793,8.832536448519251,40.61783401686296,3056.6003992944607
2025-09-07 09:00:00,932.0696924718571,80.5245779313609,,1475.1911186434224
2025-09-07 10:00:00,1775.6057719880212,35.6447093160053,9.214549088302132,2413.7042324520808
2025-09-07 11:00:00,511.4939615695507,28.889877172301855,37.89741732034269,1750.7025768095673
2025-09-07 12:00:00,1242.6304305899935,42.150168805048786,33.63846655914694,2013.592485541101
2025-09-07 13:00:00,1394.75334605882,35.715879851538915,41.95682938863606,2653.300531748776
2025-09-07 14:00:00,503.9838247870794,77.85835327938398,8.282868366616023,1357.1796659073816
2025-09-07 15:00:00,1337.9677926401612,,7.3470578211300275,2547.0327078436417
2025-09-07 16:00:00,725.2313256227305,28.007336264014953,24.822893349419854,1895.2287028528744
2025-09-07 17:00:00,1174.919912009085,77.89028686393598,28.03508081274419,2705.9171576969516
2025-09-07 18:00:00,1177.000508293521,70.55555852844297,22.12763144182194,1597.3208390174138
2025-09-07 19:00:00,1010.8169629270894,83.8418828386838,27.354531998250522,2845.204368013975
2025-09-07 20:00:00,253.49260909249412,22.871777784544015,8.936709830503139,2655.843411502254
2025-09-07 21:00:00,1520.0142425017045,52.34936436076714,22.10300518321967,3339.607849048737
2025-09-07 22:00:00,645.326110451951,25.43446804189957,29.956072681345386,3213.5942628421108
2025-09-07 23:00:00,417.08146767975217,74.34440965310931,20.039083766942962,1894.936012719375
2025-09-08 00:00:00,169.31774064309866,1.4738529608247188,30.895682775930307,1357.3648027234176
2025-09-08 01:00:00,1104.5180034200112,51.26890549688925,20.852416344368944,2676.2739783346915
2025-09-08 02:00:00,1251.85941513188,31.1891053832007,15.678381557060199,2566.0635169098123
2025-09-08 03:00:00,128.19930917735547,29.718849929926,14.358622071832063,1357.6004144095368
2025-09-08 04:00:00,970.5581991087777,58.396662823977614,19.079690595497873,1557.6228113254447
2025-09-08 05:00:00,485.0428178364945,76.78211598894546,2.0159433980168364,2527.8735795255698
2025-09-08 06:00:00,1196.7937436960647,55.21838983400603,30.415106091629003,3214.8372544913327
2025-09-08 07:00:00,396.42292930848544,76.9323950995583,38.18464820313152,3203.6505806781543
2025-09-08 08:00:00,1274.594154774192,24.549142957411668,,1618.1186146853572
2025-09-08 09:00:00,757.4500887109136,47.23566507408332,3.0254579902356165,2107.605287451024
2025-09-08 10:00:00,1692.4409808524488,41.09775197696977,44.418126284964536,1390.7260151395653
2025-09-08 11:00:00,333.78560504818853,2.0363960557755636,12.602723239846945,2285.470877362151
2025-09-08 12:00:00,679.8127967854394,50.556280739525874,6.5713293543940114,2881.475265313732
2025-09-08 13:00:00,,59.87566484900957,17.26911035081323,2958.9426938677843
2025-09-08 14:00:00,,53.68038199329724,33.49650978787649,2347.8778798528033
2025-09-08 15:00:00,1591.4769007476677,66.52891099172452,13.932330263184891,1501.3263168872586
2025-09-08 16:00:00,538.5007671157646,51.84921803232386,26.286940972457465,2100.864347881289
2025-09-08 17:00:00,1221.9728782581044,6.940772681717366,19.284639755234256,3257.414115946165
2025-09-08 18:00:00,1489.2777403420669,11.363651643539317,6.1816156601712136,1782.1863686914007
2025-09-08 19:00:00,1043.841379719086,54.086237401411765,15.53262854965285,1971.4843448167258
2025-09-08 20:00:00,1000.405983205211,25.473148085653975,32.894302251418935,2868.3370684724487
2025-09-08 21:00:00,511.14889453076785,8.08841648409416,27.928171482583608,2840.51965666047
2025-09-08 22:00:00,258.2747052700287,39.23464416692066,6.270248714876684,3215.624804852358
2025-09-08 23:00:00,1625.2667885206554,50.334711229445325,8.186186027429576,2115.0492505127886
2025-09-09 00:00:00,1630.7106971776618,30.258392963114982,29.1922678095276,2380.6573201360115
2025-09-09 01:00:00,1176.2724773645555,65.11859949809424,36.790278230118226,2281.524168563003
2025-09-09 02:00:00,676.3506447827912,58.295584121010776,16.376877822159447,3248.2795591471513
2025-09-09 03:00:00,693.6562768415235,30.620834137158806,27.193673081111807,2915.5942365317333
2025-09-09 04:00:00,1334.124654079407,68.1836550728619,8.508317905092632,3046.027737651081
2025-09-09 05:00:00,1625.087441919381,58.733858785440155,14.70055882383425,1579.5063645417629
2025-09-09 06:00:00,1608.0469212506994,57.73263870589329,1.8918890496143144,2962.878055023136
2025-09-09 07:00:00,1425.7884279579605,50.25506537004905,34.80414170317899,2209.2554087207436
2025-09-09 08:00:00,1191.4537984622891,2.013680459881199,18.644432070010538,1349.011233944359
2025-09-09 09:00:00,243.03794049158302,62.989139329443134,36.909525240773974,1426.1855407608978
2025-09-09 10:00:00,374.76881396084343,34.46771940871493,32.16841182499996,2723.6066734431733
2025-09-09 11:00:00,1627.5421204960346,,37.46474769205298,2081.226126406537
2025-09-09 12:00:00,1130.9294014213028,73.80064462587127,13.568981461646842,3123.042703769309
2025-09-09 13:00:00,115.6349877482704,53.30480778828679,9.144784138825191,2841.9735811393193
2025-09-09 14:00:00,272.5016228722546,23.444196381914978,43.7638500366735,1345.5280245006197
2025-09-09 15:00:00,1227.9530074836948,19.130848001712327,,2742.465454855604
2025-09-09 16:00:00,108.60469253857177,31.29425055330187,37.6978597887735,1703.940192737948
2025-09-09 17:00:00,373.37368740974773,43.41454697862165,1.577868443237084,2187.4233942782153
2025-09-09 18:00:00,1032.8474419231964,27.34983039346629,16.59631129301901,2611.9439244582218
2025-09-09 19:00:00,1276.2218360775785,46.82872508993097,33.683934385402594,3132.707466720955
2025-09-09 20:00:00,,15.717967870673547,,2257.805565623072
2025-09-09 21:00:00,481.2578260829516,88.01644034146949,25.962956901033166,2997.8299538013825
2025-09-09 22:00:00,1310.704676290811,10.605285391884454,19.879201768020142,2944.227891881329
2025-09-09 23:00:00,503.3234487445601,83.9430284292391,1.775126314208721,2170.5308769876424
2025-09-10 00:00:00,653.1794868707551,82.30844301483985,11.38292539325586,2352.058343209096
2025-09-10 01:00:00,1369.035388700641,47.757082881935325,13.530847518935426,2771.0185211046073
2025-09-10 02:00:00,1204.375928380265,65.51701419341151,5.921837639238188,1365.4117127585735
2025-09-10 03:00:00,1543.6797978401025,39.80829851956032,28.787624028677058,3170.703968978417
2025-09-10 04:00:00,1217.9419169105838,57.073077401277,11.665506555083116,2916.6139348191564
2025-09-10 05:00:00,1066.1246256703016,31.311258430479562,13.215257983253089,1823.773350944894
2025-09-10 06:00:00,259.24710530775724,27.803152760904634,40.522498320806484,
2025-09-10 07:00:00,725.116865201037,52.46245096908672,21.553416078498135,1676.7197404381996
2025-09-10 08:00:00,550.8440250589333,45.333541002374254,18.253638466647985,3219.5820147792438
2025-09-10 09:00:00,514.7823937444421,52.578736854348314,32.85032568584756,1981.3942624785334
2025-09-10 10:00:00,1754.1179430791574,26.512791734545047,41.02300706284813,2902.608091344685
2025-09-10 11:00:00,768.2661319334927,33.65924703171258,2.1015987944475287,2258.3908458206847
2025-09-10 12:00:00,1616.4791438010925,8.466918495972928,20.722509248437444,
2025-09-10 13:00:00,1172.9356641953468,5.652597132226309,27.87437966742968,1627.1444006726692
2025-09-10 14:00:00,1451.1792160208024,23.557684540898446,,1865.9635626116137
2025-09-10 15:00:00,954.4830582788265,7.607970480418572,34.985939773422636,1509.701431391254
2025-09-10 16:00:00,1080.7366038648106,10.235949068491923,43.74499109189205,3116.802361019387
2025-09-10 17:00:00,937.2800794920686,73.3506280800604,42.51080411501246,1922.2152743159486
2025-09-10 18:00:00,431.91307925667564,4.459759034485348,12.703231732717443,2758.400081774993
2025-09-10 19:00:00,1328.168595944559,59.645908660192106,10.958884251249383,3022.4645152572093
2025-09-10 20:00:00,577.3130161494548,25.257639644570645,43.12958336493373,3192.9782963966263
2025-09-10 21:00:00,141.3371429334715,78.56756558302325,21.1796534469845,1523.2239421546074
2025-09-10 22:00:00,1197.3029030421853,44.16431332739746,10.165099815726437,3175.3313603764864
2025-09-10 23:00:00,401.08815499198323,28.19630488017649,32.1078663997384,1714.230833234511
2025-09-11 00:00:00,1698.7795933999544,47.06986527635967,,2847.4942243410196
2025-09-11 01:00:00,1721.6785809043986,34.99426369502893,12.758866903126302,
2025-09-11 02:00:00,1655.2694633747624,51.22279475561489,39.68695789542253,1317.856597656004
2025-09-11 03:00:00,729.2697904342555,11.193425281044993,8.149082748583751,1763.3102074515339
2025-09-11 04:00:00,126.27624809907462,89.73215475031705,3.833289644514401,2333.0078807962213
2025-09-11 05:00:00,1678.1415563991332,38.87447311500786,12.84420336755424,2182.0728839928925
2025-09-11 06:00:00,827.9130521394344,31.992526933955812,27.705598164880968,3229.00430775768
2025-09-11 07:00:00,1743.3131923742383,64.20867650014758,6.415865549743904,2055.4558259552987
2025-09-11 08:00:00,1738.1539610517298,33.38704717808459,21.750165580178926,3267.665801155521
2025-09-11 09:00:00,1550.1160742945121,75.16141314755943,28.602832858714073,2264.801568624315
2025-09-11 10:00:00,,41.43009446807785,,3325.1410829443485
2025-09-11 11:00:00,754.6661386232729,65.0406987806237,11.114262012899193,2848.4451010522084
2025-09-11 12:00:00,1546.9323415786566,10.563336263327903,36.963238228842734,3041.602642427528
2025-09-11 13:00:00,638.767408765672,,11.335875489774498,1520.241465532902
2025-09-11 14:00:00,388.1376693663572,66.47890082325178,30.777727814544182,2530.897009808972
2025-09-11 15:00:00,1046.5621461791952,19.842793283114947,19.949637145228024,1599.6707556416368
2025-09-11 16:00:00,1691.4631160733277,13.930454867375012,6.045974664661488,1925.0041043070455
2025-09-11 17:00:00,1283.2506543474542,29.15001903658057,32.42759236416134,2609.487352951263
2025-09-11 18:00:00,1069.1039891519204,87.87028215683948,10.581555216156783,2825.073979857171
2025-09-11 19:00:00,265.20003941030654,23.858010136468216,8.771430745082025,1382.2859422236268
2025-09-11 20:00:00,1145.5122853885885,41.595321596250365,16.76620885793286,2414.981835251966
2025-09-11 21:00:00,1783.0915451772476,3.671800088842932,29.744770769417272,2487.1593712087615
2025-09-11 22:00:00,338.14282590209086,36.353250131394695,11.295845066787622,1465.5387939314223
2025-09-11 23:00:00,981.1604090183524,51.847481373546145,9.081107706402973,2351.4448718216036
2025-09-12 00:00:00,1591.5342222775243,85.82809051320889,1.4379595313880307,2799.068788104636
2025-09-12 01:00:00,1359.3066501821475,,21.75229627247584,1411.777298238615
2025-09-12 02:00:00,1284.9267596919556,73.90055202981421,19.86040504986804,2896.5623302803206
2025-09-12 03:00:00,1294.2229427780858,49.69436018863215,11.290180720044557,2510.4956602986877
2025-09-12 04:00:00,711.1349570735838,4.629866195761111,3.360695216426393,3049.777137370761
2025-09-12 05:00:00,599.1061352496388,29.03573649188989,,1757.9314029935467
2025-09-12 06:00:00,1475.9139643134731,52.22390619696819,35.68102488715178,3049.874736847549
2025-09-12 07:00:00,1477.1927709546073,85.60286296787007,32.47241377839579,1498.5780480616827
2025-09-12 08:00:00,1574.0229415861763,77.46260201785977,38.874975153847494,2148.04236253381
2025-09-12 09:00:00,1652.5089393460012,21.32364966191744,1.4216382593788475,1718.9180622017618
2025-09-12 10:00:00,969.2820780635942,20.58977487170555,43.522449939402335,3139.6437478108355
2025-09-12 11:00:00,952.5777009682394,18.90439407313717,16.02213911560773,2780.3316142337253
2025-09-12 12:00:00,1457.1018042435178,83.10240177092278,44.57750302804645,1353.2597320375291
2025-09-12 13:00:00,1204.9386823222007,76.88728762605314,12.115256266478085,1319.9990467893078
2025-09-12 14:00:00,1293.3436913380956,69.96462547051244,,1911.6234344115064
2025-09-12 15:00:00,1452.8475380413718,35.953425165956254,16.57281776931336,1600.8945399891873
2025-09-12 16:00:00,1613.0090810898628,45.88988268259025,16.653471459749316,2623.639402876411
2025-09-12 17:00:00,674.5917666476108,42.3255252867686,38.060412344921495,2693.9735611533756
2025-09-12 18:00:00,738.4910194879049,,33.8424333484429,3278.0968976888716
2025-09-12 19:00:00,259.76929772947733,45.94749610724026,,3299.2838415462656
2025-09-12 20:00:00,1083.0762396934956,3.7141927588951473,27.99464603957055,2683.6830813638257
2025-09-12 21:00:00,161.10186545446155,12.731123241273865,21.38329059335812,1311.9177369906884
2025-09-12 22:00:00,891.5166308251822,79.90647405903623,4.9632499696632095,
2025-09-12 23:00:00,1022.4958790028803,67.89949926579666,44.8487024586097,2377.597177819259
2025-09-13 00:00:00,587.1201286180835,38.63528840625875,,2348.2774886677785
2025-09-13 01:00:00,1104.4165429673183,47.026382243265076,31.82100866636624,2567.015321954676
2025-09-13 02:00:00,151.85042489638403,33.92990085043799,18.8966650364177,3317.158113889997
2025-09-13 03:00:00,163.49192087366453,66.92940817729985,25.099491159886377,3158.904653105823
2025-09-13 04:00:00,1498.420953121419,70.79265895165508,42.473420203287034,1528.7068702460253
2025-09-13 05:00:00,712.3240903991469,68.93238192808116,8.32245526899052,1858.5588219261258
2025-09-13 06:00:00,316.0028715082041,65.31244351026601,13.864393710531202,3049.5297765812365
2025-09-13 07:00:00,987.8135420931675,19.200886143658828,7.6906280222334225,3031.0445085203346
2025-09-13 08:00:00,1408.9890402676385,31.07932815240261,35.85749976741009,1878.278520655509
2025-09-13 09:00:00,466.8957467446334,42.81624371354707,3.7299914585605007,2834.234864440851
2025-09-13 10:00:00,1158.9138088923005,30.44057623706135,4.5917925934588855,2711.2784953075006
2025-09-13 11:00:00,245.0906904894056,68.18967781409128,14.133740962644223,2294.4003264369194
2025-09-13 12:00:00,187.8589259866331,30.312463658245967,23.624279960524497,1723.0554006259617
2025-09-13 13:00:00,1003.3028736658516,13.302655723895008,18.876091224621806,3166.150679877581
2025-09-13 14:00:00,1019.079706737181,36.51460023229906,2.97191766951552,2723.4874870443527
2025-09-13 15:00:00,1183.630832546951,88.21238451763185,,1654.8851422445869
2025-09-13 16:00:00,1334.3552673285246,21.103445751088255,,2780.084924165808
2025-09-13 17:00:00,1758.9485350863088,55.48212064594739,13.291678222593434,2857.010811111658
2025-09-13 18:00:00,977.710592112032,39.53460143573386,33.187127071817585,3162.4485987541857
2025-09-13 19:00:00,649.0260040001182,7.32118652079007,26.457318100861848,1767.9624360080634
2025-09-13 20:00:00,1451.8165311067962,44.421017933827294,11.448974580247459,3376.383621368154
2025-09-13 21:00:00,560.4148271455261,63.492625249699806,12.53554827663108,1622.1261873065346
2025-09-13 22:00:00,846.2514151995814,46.67657784867587,22.61073966965982,2561.4466729051246
2025-09-13 23:00:00,233.37584828185211,78.61743967344572,19.446425425883845,2680.0706610743046
2025-09-14 00:00:00,143.09626380627776,26.715394482524857,13.814090442175626,2179.801080058307
2025-09-14 01:00:00,1736.5023049524725,8.67617624605288,36.530510237426554,2297.5791884178116
2025-09-14 02:00:00,1521.1662048707499,84.35433943756254,22.184368376044937,3170.9112031164887
2025-09-14 03:00:00,1283.1561503592866,34.65947510801149,29.813314745121627,2655.07588229747
2025-09-14 04:00:00,795.2200055042588,52.30009407937337,9.32803400738652,2343.702012292841
2025-09-14 05:00:00,394.6003441204378,71.48827822558744,24.474337150725418,1569.534081110402
2025-09-14 06:00:00,365.94297254084626,29.86391608492667,14.990946175651345,1315.4090129685828
2025-09-14 07:00:00,525.4129268798121,64.73864389780739,24.16219885737464,1562.4340981188502
2025-09-14 08:00:00,1033.6853300004047,13.052277633786694,35.356336670080836,3307.987591700661
2025-09-14 09:00:00,1314.813068590106,26.92514350128997,34.832181244015516,2904.5822442817944
2025-09-14 10:00:00,1222.3355404201432,13.879246616150272,16.58570983350814,3330.94428777152
2025-09-14 11:00:00,575.8876248081028,73.19951969772085,31.548193151504123,1374.988290387161
2025-09-14 12:00:00,1723.27097712743,20.8157819351839,42.416757817348184,2728.4628481031423
2025-09-14 13:00:00,1354.4247583828064,64.84891643106371,28.52945051669588,1393.0164054471777
2025-09-14 14:00:00,1042.4018892693812,84.95355735486308,7.530045428836035,2942.3185846245287
2025-09-14 15:00:00,1139.9252685983988,47.97172660713005,30.907179688280188,2099.995362743908
2025-09-14 16:00:00,813.3201061272429,49.062598111201204,5.615792999369698,1501.107256223639
2025-09-14 17:00:00,521.1426821519676,42.031987560705275,39.372857986893194,2492.8979477537823
2025-09-14 18:00:00,705.1535537071447,30.004222762034203,23.733061815285375,1888.252412862915
2025-09-14 19:00:00,1388.3383877894275,43.33329775231763,17.9461923977095,2685.105277930819
2025-09-14 20:00:00,124.46893067058497,54.64987037174159,3.5082901645864646,2682.16699497896
2025-09-14 21:00:00,297.3234888617576,88.75324992318868,17.754484322052825,2780.515695653581
2025-09-14 22:00:00,178.20449143697968,84.46104577932195,40.741093388294736,3384.176665433294
2025-09-14 23:00:00,169.23896394224923,77.73161328808784,1.92325183659734,2112.0651908895516
2025-09-15 00:00:00,1554.2829928187123,80.1326176777324,21.884518942399417,2277.162496418712
2025-09-15 01:00:00,1296.2183609460403,42.63857731299182,41.97095600886738,2989.684572153216
2025-09-15 02:00:00,906.0955094484528,59.51254511879437,18.373003989660926,2514.577048345959
2025-09-15 03:00:00,266.3180731067025,80.66093834132306,19.839730248334618,
2025-09-15 04:00:00,935.746987698615,35.972618084230426,26.456642428761278,3070.4648925456986
2025-09-15 05:00:00,904.9020103269617,86.59686057274672,21.369242677396073,1408.147232069886
2025-09-15 06:00:00,394.4431788470258,38.004959524157286,8.418474414452307,1658.722286632747
2025-09-15 07:00:00,837.5478037045542,54.49635721999619,1.8164437190738578,1514.3679306457932
2025-09-15 08:00:00,777.4580484755348,,27.831712951062872,1463.6469790503525
2025-09-15 09:00:00,1146.945166688768,85.60268916375851,41.51548982834373,1353.9382381398914
2025-09-15 10:00:00,1179.6592064749946,22.77084839065168,5.680021853195288,1415.5581993419714
2025-09-15 11:00:00,177.01681661247568,67.40565706323916,10.28191964712115,2229.122297275501
2025-09-15 12:00:00,736.8414448650011,47.35258716682331,17.290097376298835,1830.9897669634893
2025-09-15 13:00:00,1163.9618567142018,24.901585515237056,36.584658076929266,1565.7274551795194
2025-09-15 14:00:00,955.3316395861491,70.11800874187875,12.847453924723014,2683.2816397257047
2025-09-15 15:00:00,1556.032730020148,50.14778293547234,39.81039378826581,1774.8350123319428
2025-09-15 16:00:00,1219.7791737522066,59.826670037821145,3.418146484602922,1339.7932262241
2025-09-15 17:00:00,376.98852603843045,29.738195103433192,42.40209133539314,2178.681545911388
2025-09-15 18:00:00,219.96687058073073,43.833381712656845,25.672871426445653,1951.9092831544408
2025-09-15 19:00:00,1192.1127729507366,55.94452833793797,29.986217853459,1969.0693058276347
2025-09-15 20:00:00,145.06922792075707,37.03706247001612,17.17833899159954,2235.067059181279
2025-09-15 21:00:00,1095.8184881648876,18.655156046445416,35.40774856248665,2704.7192471919834
2025-09-15 22:00:00,1698.391410422428,86.58600381606206,,2594.6061520797875
2025-09-15 23:00:00,1078.306102388994,46.52061106379295,3.1521203122534294,3268.2493805566382
2025-09-16 00:00:00,759.8888745510873,66.31891295560534,18.402745496732514,
2025-09-16 01:00:00,1193.5899713520005,37.583200226489176,38.56261141516574,2292.3968104226515
2025-09-16 02:00:00,879.0299138355782,,34.216780812058566,1748.1703139554836
2025-09-16 03:00:00,1027.5485418370895,37.23762256357412,23.754862701514153,2886.3007065811294
2025-09-16 04:00:00,1700.4901749200928,37.418501296922834,26.174060875275554,1595.629130049998
2025-09-16 05:00:00,756.3744842613162,49.43203031883387,6.715284357145238,2331.379068623017
2025-09-16 06:00:00,1734.023958500654,49.36881842834132,37.989986379173615,2184.7766166136335
2025-09-16 07:00:00,1639.0960913253084,45.246689613575576,35.62622605042466,2682.431844649247
2025-09-16 08:00:00,432.84492914180396,12.99593485765199,29.884697331025478,3227.0050869089837
2025-09-16 09:00:00,217.91421148778127,,21.51240559847329,3287.8507421462673
2025-09-16 10:00:00,271.32260234162527,16.05024713743798,43.43620780429855,1652.3784610426326
2025-09-16 11:00:00,130.97710360763455,12.2260849803231,39.67740676256473,1849.816158361074
2025-09-16 12:00:00,260.5530332850783,84.00546884336393,29.354941714643218,3004.4341719258837
2025-09-16 13:00:00,1261.1115148078065,54.84055117014568,17.359243899560667,2388.3875011433047
2025-09-16 14:00:00,221.0207023823893,59.694615173088,28.192980261986545,
2025-09-16 15:00:00,642.2585714993942,36.759636659669376,26.319400767349276,2792.313449999482
2025-09-16 16:00:00,1536.2880286480727,81.89929938042292,18.34664746473632,2564.042400474641
2025-09-16 17:00:00,139.56229075090397,57.77581357259022,14.493654754275347,3338.499514284803
2025-09-16 18:00:00,1484.596420401191,69.45611838759929,18.908474858442187,2526.3467698053605
2025-09-16 19:00:00,579.1531171147799,33.80205974346653,26.252101865469506,2278.5450353292317
2025-09-16 20:00:00,300.88020695681564,86.44105739290217,19.837933167288156,2439.916460364169
2025-09-16 21:00:00,1284.4531811190561,74.02105482409004,12.597277480860889,2997.9336150636436
2025-09-16 22:00:00,1169.2028395258028,77.00141320829438,34.48238598147558,2586.617619248964
2025-09-16 23:00:00,1591.70242299599,16.32528980089213,24.38456982212617,2658.8009919121073
2025-09-17 00:00:00,1349.6207744666058,25.115725500538538,3.9777071819263985,3340.021648076843
2025-09-17 01:00:00,1465.9175816542427,26.42076737183836,17.20592624754952,2598.6305172934603
2025-09-17 02:00:00,579.458773371221,25.110920868971533,39.936192117327714,2098.5990215025336
2025-09-17 03:00:00,401.6472244255288,77.13132642728162,34.230407372797885,2751.7846567268725
2025-09-17 04:00:00,1376.0450777894591,3.8377467735646977,15.222858493536311,2684.8647336523536
2025-09-17 05:00:00,1471.6190567543488,7.7728990192889125,42.2800586899584,1329.080034563402
2025-09-17 06:00:00,1783.8587414011447,25.37842348606143,4.370527967761246,2281.3915232502495
2025-09-17 07:00:00,801.450050749425,18.788694743800484,43.29432697125631,2860.0975660530385
2025-09-17 08:00:00,732.4307458477314,21.635505635573505,11.811024069325729,2347.987061214371
2025-09-17 09:00:00,1419.9020332613945,72.0169438435437,1.4001439333064476,2937.204385464318
2025-09-17 10:00:00,679.3660184301303,51.118266856392175,20.087553606806377,2246.8557624979903
2025-09-17 11:00:00,1682.28745352606,1.5135888550741514,16.79469890622838,3364.975355038195
2025-09-17 12:00:00,1559.30167813312,39.20972614767338,24.719916229098928,1915.0723373281662
2025-09-17 13:00:00,829.2898465375312,37.301758489681944,36.0580058650732,1493.4574771067544
2025-09-17 14:00:00,1376.4808152455455,11.141128980564375,38.066955294619675,2203.0247824236044
2025-09-17 15:00:00,1382.72288594396,61.17661918552968,18.65411998291444,2437.58895223523
2025-09-17 16:00:00,275.31057702108546,63.48664976577471,19.913212723079408,
2025-09-17 17:00:00,1634.3399413552634,65.15949649563669,7.519820134496841,1808.7904362477138
2025-09-17 18:00:00,958.9290331613571,65.83391415471469,3.0920947907711938,2711.3232519095272
2025-09-17 19:00:00,1504.9776923831607,1.0047015969744153,29.213459570341087,2091.9627096981294
2025-09-17 20:00:00,644.08432175204,85.89895154235828,3.8352555243184603,
2025-09-17 21:00:00,1622.3894884435408,73.46458026786502,33.28852525454406,2936.050042057429
2025-09-17 22:00:00,761.6428538480773,81.45437099644639,24.71996638097889,2898.10551829605
2025-09-17 23:00:00,118.42400751650722,2.3922532823616383,9.73765104194767,2088.1495523349517
2025-09-18 00:00:00,1639.1493599127482,84.11343282493081,24.739009514556585,2492.586280795367
2025-09-18 01:00:00,255.18735053642706,73.07117905324132,9.05189953049235,2244.282271329759
2025-09-18 02:00:00,642.8331839037053,75.51250372332417,20.30443713045813,3128.6910306902864
2025-09-18 03:00:00,1715.1053439863683,9.302577240255198,36.18065391465807,3145.3928075799986
2025-09-18 04:00:00,1716.0321497938453,66.75124457375519,21.324448910068046,2021.8573240648773
2025-09-18 05:00:00,1074.8444098095865,86.4325853781461,7.542770005092122,1492.6486405453345
2025-09-18 06:00:00,1174.1232606886588,61.3907133862163,32.84846200020959,1651.923214980441
2025-09-18 07:00:00,862.3573873631436,51.77996501158998,9.217810315880389,2070.7036584748557
2025-09-18 08:00:00,598.4583118867097,85.16104131966073,33.49619447228481,2484.9249050022804
2025-09-18 09:00:00,658.7297271288571,40.4214038343648,22.091500725496665,2679.2527230253017
2025-09-18 10:00:00,1243.2813753309654,54.33712740163261,20.96463740014927,1995.8791972006006
2025-09-18 11:00:00,1379.036700044056,43.39410812099859,38.46314166572889,2701.7481512103705
2025-09-18 12:00:00,1445.6843743339425,84.02331370106663,32.178555070989425,3269.2539657148873
2025-09-18 13:00:00,,7.771540682130146,2.4480750660173274,2669.2296670547958
2025-09-18 14:00:00,255.05037518277362,45.599653373455986,14.031669842470505,1632.9869818331376
2025-09-18 15:00:00,940.5145179943885,62.13876728330401,39.32050907739554,2517.3047172530178
2025-09-18 16:00:00,197.8498920282953,71.47968191957908,1.8063514159887402,2437.980585210664
2025-09-18 17:00:00,1034.1990999503505,52.88865962252813,24.991151635526695,3128.4702328866833
2025-09-18 18:00:00,850.6018523347409,81.89367922680941,33.02432944365353,2035.636415947246
2025-09-18 19:00:00,1609.0971106891095,84.83723877266458,28.361667761321335,2188.185781119028
2025-09-18 20:00:00,696.5555213385338,6.7244108642289335,34.4634168925952,2557.1840165216367
2025-09-18 21:00:00,299.01392792692997,36.810978019182315,32.93044135224882,2401.293154658253
2025-09-18 22:00:00,343.08585948982096,3.087852933182745,31.449350586736987,2809.9348440508656
2025-09-18 23:00:00,1394.5680739197028,30.31808250632542,37.14775388072869,1384.8168809162412
2025-09-19 00:00:00,1150.9707076376437,48.78127139938359,29.41038941177969,2483.383640334616
2025-09-19 01:00:00,271.9085494087434,82.06074881538545,18.70641374730721,1555.510975308138
2025-09-19 02:00:00,242.98157039549565,76.34333469942085,21.764000836241852,
2025-09-19 03:00:00,1291.6475234805039,12.347475673806729,32.535890437983824,2689.41640921802
2025-09-19 04:00:00,223.697110819129,9.279703351939718,39.55746530533894,1630.5698212435732
2025-09-19 05:00:00,1497.1621007936055,53.44479314934337,12.97762723695013,1948.5678545597207
2025-09-19 06:00:00,1300.6117861660437,48.35849954883166,16.05137902272711,2776.3136139541552
2025-09-19 07:00:00,238.29292709122961,24.707610087272123,41.95253343994616,2666.691009306351
2025-09-19 08:00:00,244.22411394482626,81.05132452529134,26.454518866015597,1491.1833053404498
2025-09-19 09:00:00,1777.2872834519983,83.53561044207825,8.874319953940045,2512.26383633388
2025-09-19 10:00:00,736.2603527854045,36.83241801227447,30.20258611214484,
2025-09-19 11:00:00,730.0916500137146,80.2369275831033,44.593534843732705,1829.7698953004347
2025-09-19 12:00:00,1481.7592643377543,35.17145158940456,37.231956836697606,2264.3436851351353
2025-09-19 13:00:00,1710.3225815525598,66.57669803284331,,1529.6283289261971
2025-09-19 14:00:00,1776.2018084988806,43.35885736174745,10.154052787715846,3386.6586326289903
2025-09-19 15:00:00,1380.7429149402008,11.909900929139287,39.55015052609632,1647.2760782134023
2025-09-19 16:00:00,739.6412954025568,83.58614391009492,24.134709115564043,2940.7565197000695
2025-09-19 17:00:00,241.9512183877369,41.414596810600756,40.128760971166045,3042.6615745487725
2025-09-19 18:00:00,1421.1497570766426,,15.51242449469469,3388.374336781603
2025-09-19 19:00:00,1049.2872245508686,,3.7302463159590413,2200.171757489764
2025-09-19 20:00:00,821.1774157198597,,21.94294262102883,3135.598492292614
2025-09-19 21:00:00,1640.8024546610511,,12.872854611986618,3310.832821935387
2025-09-19 22:00:00,289.03571992045727,,,1663.0777042788009
2025-09-19 23:00:00,937.4626772944606,,43.112688325665424,2306.8157870250184
2025-09-20 00:00:00,119.30119610461242,,31.402862650668812,1426.0227195977843
2025-09-20 01:00:00,896.7230913900147,,40.02509290720495,2603.5204252508233
2025-09-20 02:00:00,195.7155686591235,,20.93305659845308,2520.9529293987894
2025-09-20 03:00:00,301.99045765572225,,34.95219243659327,1728.665197792714
2025-09-20 04:00:00,299.7946195210783,,38.093911213554954,2975.595793677665
2025-09-20 05:00:00,1203.657513597308,,32.27852761367586,1378.2643178034336
2025-09-20 06:00:00,1368.2762947512197,,23.342200587060844,2993.07738066787
2025-09-20 07:00:00,1091.7269006651713,,28.538108823076193,1355.9551114441215
2025-09-20 08:00:00,1735.6933324067213,,31.822307809870733,2679.3405054863356
2025-09-20 09:00:00,737.2799851902969,,12.135713741742784,1465.4159792212927
2025-09-20 10:00:00,585.7105466791633,4.767769834128998,36.62148748025933,1827.5735905558781
2025-09-20 11:00:00,1576.6185179220824,57.38464113183915,42.81427971456002,2816.0180335548553
2025-09-20 12:00:00,480.1129254830695,23.119681209511267,21.470529867917183,1888.8500792133123
2025-09-20 13:00:00,1737.4783170490393,28.069817649206392,31.846956056834603,2373.465082307243
2025-09-20 14:00:00,120.66260697268778,69.60249242812459,33.42913985477558,3222.02136599224
2025-09-20 15:00:00,1748.7940054029864,30.122685301369394,30.138892090945134,1404.2321434768146
2025-09-20 16:00:00,173.37185031597937,22.555434389169655,25.073064766459964,3003.2675668449147
2025-09-20 17:00:00,1614.9432932867207,16.046139672899812,39.79251000129167,1437.071196993828
2025-09-20 18:00:00,997.0918854467097,69.96239779419408,20.752775207831355,1566.2691731070208
2025-09-20 19:00:00,1788.0401534028106,12.543856961112393,3.6885300854105574,1550.5701181673428
2025-09-20 20:00:00,225.45416005017807,41.38408466228147,38.160480531335054,3387.6147947425247
2025-09-20 21:00:00,1041.5522834822455,46.1167803308703,30.65517598192823,1678.3912705962202
2025-09-20 22:00:00,1747.8143105524682,62.1777022290286,38.36737956598445,3183.199877138163
2025-09-20 23:00:00,989.266335089253,57.3622299276366,7.09608746756655,3380.957542187764
2025-09-21 00:00:00,1169.9776848299464,73.15413989212055,2.3531293824275186,2105.948017865826
2025-09-21 01:00:00,1282.7727712738492,4.982877619435195,42.11247977683006,2625.2019414102397
2025-09-21 02:00:00,872.7198101052145,27.38322450536635,7.500045457425268,2936.0916329035863
2025-09-21 03:00:00,,25.931936571008798,36.62470261109988,2124.554671856037
2025-09-21 04:00:00,1093.3343302692704,13.995504597697632,37.22123745594798,1639.8096950453953
2025-09-21 05:00:00,1631.9686178346813,26.736864593223437,32.18302882415613,2210.9017619643782
2025-09-21 06:00:00,177.25884658047838,28.569112958718407,6.775537288086322,2920.964054506184
2025-09-21 07:00:00,,47.447717111545565,30.365539480675533,2939.6018017716465
2025-09-21 08:00:00,1715.69952293015,60.06969862443679,40.11980966638209,1784.1314635589179
2025-09-21 09:00:00,1613.4484326145578,34.91794571145145,19.723392371238862,1667.4278437705677
2025-09-21 10:00:00,,65.03285058689093,19.19474159265835,3233.1774744107342
2025-09-21 11:00:00,1154.2254162626125,30.91871513358262,20.48576562149444,1392.3979641724522
2025-09-21 12:00:00,571.5480110679255,26.83524728101367,4.619963189753083,2842.9507991066826
2025-09-21 13:00:00,419.80597153039423,49.165736971275166,40.249125037318834,1397.4849094381834
2025-09-21 14:00:00,888.2872883979696,3.1107560672153642,39.24404601514246,3059.590106808075
2025-09-21 15:00:00,700.6987876442898,8.101232003426034,44.9080101587726,
2025-09-21 16:00:00,1092.2153901464826,38.199289379200906,26.74805822593019,1924.580160881108
2025-09-21 17:00:00,232.14888284047422,84.91923131386632,34.05243200386097,1455.264851385065
2025-09-21 18:00:00,1756.471173032483,65.21454840606471,9.917563877521406,2309.4375263296
2025-09-21 19:00:00,1776.558265615325,8.84326468554964,30.37126800186346,1926.7723771655014
2025-09-21 20:00:00,1286.8749138335668,76.32230313749776,29.58824534532519,
2025-09-21 21:00:00,,66.1747685841281,40.65318437703095,2696.4694523262287
2025-09-21 22:00:00,626.1969476867572,55.37424078753613,37.55487980491926,1740.6346754923056
2025-09-21 23:00:00,1483.4515335018127,74.00607349421678,42.29252435518158,2049.5982959795815
2025-09-22 00:00:00,1264.0429933415949,36.96577644912318,39.22867279887073,2943.3812296146148
2025-09-22 01:00:00,376.4487968863152,20.713593525992895,39.22253137554949,2651.9000949009255
2025-09-22 02:00:00,1648.5762136395322,46.57008163067958,3.803826374303604,1985.1785314176013
2025-09-22 03:00:00,1498.3133129693872,49.846916247819166,38.22232591862206,2695.03336054585
2025-09-22 04:00:00,1714.6598525962709,48.91104710888217,27.729049358137196,2907.15713807313
2025-09-22 05:00:00,1333.723164260212,51.29156744172937,17.739555877702294,2544.2197200008536
2025-09-22 06:00:00,1142.8058330908427,85.43473772328709,3.486643473074742,1802.9433482521179
2025-09-22 07:00:00,811.0131616940521,,30.817646089794053,1300.5151100751855
2025-09-22 08:00:00,1685.6384217018226,78.9388162537456,15.440877023655169,2985.983124675391
2025-09-22 09:00:00,1572.3086121506942,72.32609617086781,,3027.530466163945
2025-09-22 10:00:00,176.87173918052198,,30.99605123042591,2764.9694529281605
2025-09-22 11:00:00,144.82385664532842,9.76602310946689,41.11808006906229,1460.819955871989
2025-09-22 12:00:00,739.9877236926843,24.595970268670815,37.31922428661993,2528.966803766897
2025-09-22 13:00:00,1477.9406623291159,45.059979163258056,20.826273680558394,3024.143409670375
2025-09-22 14:00:00,1778.3694198354056,76.34156988798307,18.062458927640673,2118.3034722271477
2025-09-22 15:00:00,355.7087148759979,45.959748325523194,11.550308509138087,1715.8015418625337
2025-09-22 16:00:00,1110.0222160986298,67.5750918014014,17.3867770517426,2534.0173242070887
2025-09-22 17:00:00,747.5144562727365,13.367431567153544,5.8860410408435255,3035.2439173318435
2025-09-22 18:00:00,,23.464829354913856,43.7286423680492,1402.6269132848377
2025-09-22 19:00:00,1531.6021693307048,66.12807245835285,26.25236753422147,2553.597556037545
2025-09-22 20:00:00,1525.1587980089344,15.66132679100744,6.6234570829893675,2650.664970212618
2025-09-22 21:00:00,896.7783716514494,32.270678184288485,16.523464407699855,2564.970782631387
2025-09-22 22:00:00,805.1931539740308,24.57309694540786,25.069722319308863,
2025-09-22 23:00:00,564.7920222822006,32.13769078580059,24.446968012198262,2625.8881459687245
2025-09-23 00:00:00,195.8383443065761,64.04084036793935,2.5621482236198236,1573.848158458733
2025-09-23 01:00:00,1570.0280396335904,33.73839912170929,42.8370055060809,1793.3672315927222
2025-09-23 02:00:00,1481.9317155211318,50.41843571210668,13.116529984897564,2599.8874111069213
2025-09-23 03:00:00,1799.520044586422,9.893937057842459,1.7121254330032123,1337.1556383872187
2025-09-23 04:00:00,1794.2826230256392,72.64657469788187,4.363536393812429,2632.963489318813
2025-09-23 05:00:00,1044.2338995244668,33.92008768268311,26.528575742910988,2697.3119099485675
2025-09-23 06:00:00,1407.2786058068677,58.71954015396748,7.062562909704262,1802.2669957094827
2025-09-23 07:00:00,1706.1017408001276,65.5596745479031,2.8358908855541443,2556.078942481593
2025-09-23 08:00:00,1544.4005641515994,19.659822067941334,17.7035645221593,2421.5891275199056
2025-09-23 09:00:00,520.491772963436,79.73607366084815,28.401492462968296,
2025-09-23 10:00:00,865.925030027159,55.84395839301881,5.920951413030945,2272.245424936985
2025-09-23 11:00:00,319.57100575754146,39.15653761588185,14.786424614657884,3210.2115117655812
2025-09-23 12:00:00,1721.886746339828,17.227831338461538,19.381469551479857,2195.865838965754
2025-09-23 13:00:00,1130.496878566496,84.8647834732074,8.016244302617755,2622.6727714469534
2025-09-23 14:00:00,,68.20107016771463,23.267251532535248,1374.236724185458
2025-09-23 15:00:00,1241.8911634899564,19.51418608325915,4.74941982367792,1463.3802379764074
2025-09-23 16:00:00,1150.8180087784228,31.05625895045598,3.046813839183021,1470.7469539369688
2025-09-23 17:00:00,708.8766206558289,73.06100896983853,23.87275615482593,2934.3056036155353
2025-09-23 18:00:00,293.0479067393693,62.91531202616517,11.907466801038527,2035.5394790872506
2025-09-23 19:00:00,1241.6744325077593,69.15480205169946,5.196447547513211,1777.984545568208
2025-09-23 20:00:00,984.5230915364486,40.26689809695098,,2869.381593748618
2025-09-23 21:00:00,1412.9412659505867,64.76638737515285,41.26619253876537,
2025-09-23 22:00:00,984.2779518903887,35.39794133488832,32.86446765278282,1817.6343026475893
2025-09-23 23:00:00,1548.7085505415182,19.80239960749948,36.88710027526921,2204.956030867044
2025-09-24 00:00:00,1038.2416259166253,57.30825610088104,39.36421550538,1996.0199449306879
2025-09-24 01:00:00,1053.5945516101567,87.86523937829269,43.79562062144243,2529.323643176953
2025-09-24 02:00:00,1590.3111245191865,28.643486454184334,34.582849234623616,2009.46530005718
2025-09-24 03:00:00,785.9208725610749,42.02629370691603,27.769948565337106,2125.1984353036733
2025-09-24 04:00:00,327.82588836608926,60.98612202521697,17.078738733298877,3112.0618773239203
2025-09-24 05:00:00,148.93054973267624,49.19405910890142,8.992302408539508,3157.516023218805
2025-09-24 06:00:00,1383.7333346451524,76.06507381810539,31.21303445526495,3038.1935007081556
2025-09-24 07:00:00,,68.79510087578691,44.77779938936544,3116.1449586797285
2025-09-24 08:00:00,1296.93560576868,6.188451143749776,21.56378212323244,2496.430205612146
2025-09-24 09:00:00,462.03907456514827,89.85948981921588,32.841892196083535,2657.089750977906
2025-09-24 10:00:00,331.8315084975086,67.96381838103258,22.78406779969887,2470.063649765375
2025-09-24 11:00:00,124.72593163539928,77.88739515017608,20.00507062799297,2949.734976511132
2025-09-24 12:00:00,695.9988499712149,,19.053446996636264,2457.101020099033
2025-09-24 13:00:00,1102.8600676528763,77.20937639616184,23.203486048994694,1533.261625556639
2025-09-24 14:00:00,766.8148766695449,11.002084768655138,17.143409122076502,3000.1182529594057
2025-09-24 15:00:00,843.7073674403395,31.948667364779087,33.94602616015954,2897.2288584228263
2025-09-24 16:00:00,1637.0697806393723,79.00146398079985,39.46796917002673,3022.6312500935132
2025-09-24 17:00:00,692.0342939396106,18.94731380275341,39.8469534923881,1699.9018731185
2025-09-24 18:00:00,973.7821315716784,7.963546773622023,11.01874339073634,1870.395810701431
2025-09-24 19:00:00,1432.2101216599433,71.14258565512449,40.4200021041856,1921.0785642534129
2025-09-24 20:00:00,774.1227299461593,75.35826785225336,16.028254201624623,2366.9691259899146
2025-09-24 21:00:00,1157.547390387385,15.476047418901155,14.609537281353097,1581.1418767432656
2025-09-24 22:00:00,1566.0183048694669,77.03679246766167,32.97726652552238,2109.301681877221
2025-09-24 23:00:00,1714.1850602179916,62.12233380814809,14.406638963796734,1682.5321382659622
2025-09-25 00:00:00,350.02491757936446,47.28735880627597,3.330521846827245,1856.0016973687466
2025-09-25 01:00:00,1675.1989627745404,74.89226715754327,17.439181981653554,2783.4140325726976
2025-09-25 02:00:00,936.5976982352149,38.313183189387956,32.744486415767355,3095.1034282662904
2025-09-25 03:00:00,539.0154601082293,18.265462103882353,15.386170491887768,1348.102319854086
2025-09-25 04:00:00,880.5307856050442,26.351888218344612,28.700598463786445,2488.383623045501
2025-09-25 05:00:00,1766.055377985311,45.959597628105016,30.04525554757774,1375.725500330761
2025-09-25 06:00:00,937.4507597878783,48.28844054791264,33.28438451595967,1479.0234145242557
2025-09-25 07:00:00,658.877737488764,72.6966935532698,40.4737405176812,2780.676472689629
2025-09-25 08:00:00,1176.7814523384338,71.43039240505776,20.032837967810984,2844.7770236544447
2025-09-25 09:00:00,508.2475519229282,52.741623591207166,8.32301137314811,3009.359413662877
2025-09-25 10:00:00,228.96765778472866,70.48990801952739,15.032731479003134,2295.9071747176404
2025-09-25 11:00:00,319.0955272481037,18.067837788136718,20.01535922765538,3105.595712233995
2025-09-25 12:00:00,317.67792622821315,5.455742911303196,32.41122465043698,1650.3604124474111
2025-09-25 13:00:00,358.2345789709004,78.75341021448831,1.577373524711874,1824.4044686335055
2025-09-25 14:00:00,336.0061935039972,7.724349944886492,14.894556871354673,1582.4545099641398
2025-09-25 15:00:00,1189.4870661654647,22.955270247215758,35.31307356484994,2974.8282472219407
2025-09-25 16:00:00,409.1961434785462,62.883386516570226,30.517738946550597,1780.2177486118997
2025-09-25 17:00:00,687.6343816505674,,33.19655883776663,1626.573609792421
2025-09-25 18:00:00,1624.5402968402202,78.99194332248028,36.719673855324565,2608.532443934918
2025-09-25 19:00:00,905.734788446883,27.520201724941987,35.462371630630344,1461.8722553574162
2025-09-25 20:00:00,1234.8481554857462,2.056549853572977,31.016059310722234,
2025-09-25 21:00:00,392.94378104277075,27.758352009906226,20.345107424305986,1524.1070619601637
2025-09-25 22:00:00,426.8913319747403,52.44867937745002,44.278326470638774,1300.505856373052
2025-09-25 23:00:00,169.47664765301408,34.458515410893106,26.039220605963244,
2025-09-26 00:00:00,387.18960722267974,48.603675262529215,9.921845212228922,2480.6941756004053
2025-09-26 01:00:00,573.6035763543297,79.01723257631666,13.883765624610513,1740.7377289792203
2025-09-26 02:00:00,400.91782327046957,82.2111698265028,31.516748062700678,1789.3103907529512
2025-09-26 03:00:00,250.79430738699455,24.671691754215978,41.68854086877639,3003.0340567870835
2025-09-26 04:00:00,305.0809808710214,42.130502121021166,8.86368568505949,2353.8222433066308
2025-09-26 05:00:00,883.3239056556338,49.873817356489155,4.623245812814599,2766.9095498716533
2025-09-26 06:00:00,450.76732128984725,85.471008663054,39.78736611384827,2250.786447677323
2025-09-26 07:00:00,719.2587637817282,89.87694140563023,41.272231072164715,1799.2078546436637
2025-09-26 08:00:00,,21.95124514689587,13.160691193899577,3337.8458814341043
2025-09-26 09:00:00,1273.671208669921,65.70120854977758,17.600571872334555,2487.8598830883348
2025-09-26 10:00:00,166.8306377298682,34.644764538754366,30.04827188990577,1575.061997912616
2025-09-26 11:00:00,1458.9976781453724,,15.51692091706889,2152.7890885862043
2025-09-26 12:00:00,1167.4306621345431,1.8234744967953096,39.59498316388233,1991.6085650884916
2025-09-26 13:00:00,238.99035431308224,41.99037467304076,5.733462919409959,1749.5836840358947
2025-09-26 14:00:00,1585.0836609815212,44.46180725738578,2.6712177222485893,3260.2239774045447
2025-09-26 15:00:00,1665.4830809040825,3.0087029950363964,10.173393096682737,3149.9319904654803
2025-09-26 16:00:00,203.83253175326837,62.13654009291292,13.587862241018636,1718.2089446922446
2025-09-26 17:00:00,570.6920018502464,27.166301584950826,5.9687700167105024,2039.5105670165851
2025-09-26 18:00:00,1470.5421756482042,50.8304860366995,3.890378890988456,2900.8623225087254
2025-09-26 19:00:00,1372.041473652219,27.78179751172227,34.24673939407912,1737.8627010944529
2025-09-26 20:00:00,413.68573290584146,15.874954023368339,8.228168899699323,2542.2862114689133
2025-09-26 21:00:00,455.8938496724075,37.2384627352999,41.21257675891738,2769.5672784621147
2025-09-26 22:00:00,729.8025747453494,21.67232946635457,17.191985103716227,2673.3418839926094
2025-09-26 23:00:00,923.6890748247363,48.597286945805955,30.5066556277392,2783.458144578551
2025-09-27 00:00:00,1151.0331116015032,18.695739195496717,10.91769304982721,2784.069136960402
2025-09-27 01:00:00,727.1531872686131,46.24813192137181,11.57420181364214,3326.0924316827495
2025-09-27 02:00:00,886.3090174263514,15.006687823329212,26.287204926173313,2027.6476679926711
2025-09-27 03:00:00,1370.700594827386,60.71674914423486,25.66828870642339,3145.039891189263
2025-09-27 04:00:00,162.36144491401643,68.10045391528674,34.824086032531575,1345.7948312817243
2025-09-27 05:00:00,529.1428053848354,10.825086848244107,34.3437854505477,1905.2262229788948
2025-09-27 06:00:00,1312.694296003739,42.634414671323185,30.510261645201087,1402.1771421981762
2025-09-27 07:00:00,1621.8516240682388,7.307581358283748,20.761744899313605,
2025-09-27 08:00:00,969.8516515966325,54.238237653238215,40.18817699634715,1511.659778536401
2025-09-27 09:00:00,1004.5929249510366,24.531982515738438,28.393453569737144,3075.9844136692973
2025-09-27 10:00:00,282.19241927761925,47.958576658645,44.56873358034372,2657.842535959546
2025-09-27 11:00:00,860.6010235998729,47.054029835201916,37.05227198911178,1360.5123422125719
2025-09-27 12:00:00,1005.4493529735394,83.26753681124823,2.949631694486354,2801.0324674127082
2025-09-27 13:00:00,512.1998561790404,49.868406808616335,15.106131911533982,3110.273389239618
2025-09-27 14:00:00,557.7134926139477,52.88686469493009,26.162531524721874,2688.354116090514
2025-09-27 15:00:00,741.3830772778585,36.747128193029845,32.744659666345434,1364.1008534635675
2025-09-27 16:00:00,134.12103622213482,85.46808468327069,25.214805901525427,3101.6310517668535
2025-09-27 17:00:00,647.5345814914031,70.16954594012526,35.589738588336,2838.1742171614733
2025-09-27 18:00:00,459.4616118941259,26.4010708369529,13.436848721323162,2094.7477562163667
2025-09-27 19:00:00,656.7454987024549,76.13465313408466,9.092130254244303,1990.1235424625556
2025-09-27 20:00:00,303.59562409272706,39.48327605647301,3.3723340867498846,2307.622380955624
2025-09-27 21:00:00,1613.8963772578213,74.75137577448986,26.22580476114697,3120.9136769695288
2025-09-27 22:00:00,1109.1071710418828,74.23703807812169,31.29837890972179,1829.3246389260707
2025-09-27 23:00:00,1254.4739425456323,17.80944662189404,15.35058755325191,1512.0240036065225
2025-09-28 00:00:00,1441.591105632475,63.40156069313834,27.997704133658573,3115.7363832182045
2025-09-28 01:00:00,947.3517381793973,26.86722426828127,3.2949181575464865,1355.208682649518
2025-09-28 02:00:00,247.76448974862026,27.47684762934747,5.368907237059361,3213.0937467125354
2025-09-28 03:00:00,1013.0811210915313,27.374978842371686,,1942.0649080329413
2025-09-28 04:00:00,1097.6299006354946,65.57557403283539,17.195067029561145,2367.2676735453624
2025-09-28 05:00:00,1367.247106113361,21.454517719535712,30.538697368532247,1577.820601979679
2025-09-28 06:00:00,833.821228590455,1.08061933690203,37.59572929231639,3194.735435691039
2025-09-28 07:00:00,316.8865147524584,64.65607995995435,38.51538724894914,2874.65606910725
2025-09-28 08:00:00,582.4190398578316,16.23544220132615,8.575376400435843,3240.726731876872
2025-09-28 09:00:00,717.2399038776797,10.298933182397285,22.396565183459245,2734.7810073481414
2025-09-28 10:00:00,1198.0593102637222,22.138934732871352,33.2927758398294,1687.856931158885
2025-09-28 11:00:00,1070.32311793715,34.81114648672065,35.05514623574406,1947.3607062711235
2025-09-28 12:00:00,705.3644340263386,43.35566314511486,35.52574315207061,2322.382007717294
2025-09-28 13:00:00,1777.0759229480655,4.966733623424143,11.039362712745715,2575.2422312564345
2025-09-28 14:00:00,1129.8171929067082,87.38102660383508,9.471531979846027,3245.5648184061747
2025-09-28 15:00:00,503.2855459511906,64.72961175434068,26.96054860404262,2106.298078157192
2025-09-28 16:00:00,273.03020345468633,29.764271813865918,33.60777510048167,2776.4512460050064
2025-09-28 17:00:00,359.86053661336445,29.364055898400363,15.042138683504504,3318.1185827127256
2025-09-28 18:00:00,518.1281382536638,40.920286893792884,5.607026901946548,1619.9855331724514
2025-09-28 19:00:00,373.15833454124464,56.73578922590993,32.53684084804341,3111.6901364370515
2025-09-28 20:00:00,417.1639408872198,14.02720292641813,14.186704580720198,2183.482747825717
2025-09-28 21:00:00,584.6617867795401,17.814753425080756,8.31995986971576,2838.085729451607
2025-09-28 22:00:00,394.7351120010832,77.48967787218604,,1916.4305113478758
2025-09-28 23:00:00,1624.5012218649229,23.80668822612746,,2001.3668583586032
2025-09-29 00:00:00,236.39736762479174,34.837354819790804,27.077834900204802,1356.979772222939
2025-09-29 01:00:00,991.6693622694329,78.54319473456042,16.76969850252793,3339.948721650615
2025-09-29 02:00:00,797.6746058824245,60.020156816584205,1.90912147011099,3008.250407984647
2025-09-29 03:00:00,1770.043648744631,31.41235726141026,5.263971125823687,1497.227711645063
2025-09-29 04:00:00,290.466133685689,61.849259569491245,13.78214287673924,3398.968470893926
2025-09-29 05:00:00,776.3545183777608,2.75180616894582,30.026997214472043,2570.551654126177
2025-09-29 06:00:00,1748.0997365681271,66.4721967410115,5.334663232615489,3092.8301397252044
2025-09-29 07:00:00,1571.3621140197665,44.34442760594531,25.66890155403,1439.987602883525
2025-09-29 08:00:00,1489.022520613776,73.37321110831705,6.274978316256187,2117.84747483304
2025-09-29 09:00:00,538.4348059763977,85.96275102857568,10.311074403372785,
2025-09-29 10:00:00,390.50889856311187,83.39518090501659,8.57629521245356,1523.510809269373
2025-09-29 11:00:00,1236.6934738715327,81.92458886752533,3.9580599651156616,2326.6959611734014
2025-09-29 12:00:00,1679.9391815168958,46.58312607811595,30.53851196500997,2229.6235365426974
2025-09-29 13:00:00,1046.4969181236806,33.052648158365486,21.389756084985518,1753.6844713945175
2025-09-29 14:00:00,1071.7415720988297,42.38814390102988,37.56635139948288,1930.5666552887847
2025-09-29 15:00:00,575.9644592224831,62.40074429488911,5.351196959221946,3330.948544439463
2025-09-29 16:00:00,1408.1379864262926,79.67580214153563,7.368249066875179,1906.1618206208655
2025-09-29 17:00:00,417.97437254778976,19.42178096701064,14.484140179419828,1748.194881333663
2025-09-29 18:00:00,650.2547018872142,82.71919110309157,34.69810342530756,2426.0392592435
2025-09-29 19:00:00,823.2419456479086,73.55104064532013,14.453388218850748,2709.0118715476256
2025-09-29 20:00:00,962.9376437635735,88.11818535086289,18.970423129942475,2822.695533246086
2025-09-29 21:00:00,,79.34240782207016,14.27055691707524,2883.919087443524
2025-09-29 22:00:00,295.222602056646,25.91442234257969,4.529868839245319,1377.3482321809815
2025-09-29 23:00:00,1138.0540721507755,10.430076109620245,42.33507940743225,2126.896840797083
2025-09-30 00:00:00,590.6719405084348,10.989455407251386,25.13571565113231,2925.3119675444896
2025-09-30 01:00:00,1088.1049764184409,26.91887535346657,35.664660280161854,3200.189413780272
2025-09-30 02:00:00,362.4166159661439,55.66235143462399,29.967712056153026,2564.620258998845
2025-09-30 03:00:00,917.9381731531897,72.58450902264835,23.627188278726905,1409.8443923703398
2025-09-30 04:00:00,1005.402035337696,81.03327732135926,4.945843293012725,2132.9561922957755
2025-09-30 05:00:00,188.10001259812574,56.514051208861716,29.28027599189339,1455.8769433237549
2025-09-30 06:00:00,672.227272929665,1.501186834576782,7.836295661220614,2871.9295116376275
2025-09-30 07:00:00,328.50495079625625,17.582193110149483,19.23285945167617,1433.361485491497
2025-09-30 08:00:00,207.73744980370515,9.875632142949748,28.680978313138937,1690.0352401438722
2025-09-30 09:00:00,1782.9323950629068,,35.41807602077343,2175.612690326026
2025-09-30 10:00:00,648.001536457029,45.62023843340339,31.14198773117926,2271.5615709412314
2025-09-30 11:00:00,1476.7865579528793,4.862348893491916,30.547475278403667,2153.6115706615255
2025-09-30 12:00:00,532.8891130983985,32.014539845813324,7.55785720370913,
2025-09-30 13:00:00,1258.5546277806798,16.94699104165371,16.229655763149868,2797.8022192424196
2025-09-30 14:00:00,1392.3873618124671,58.58924479703978,2.8881399970485426,2075.464528206637
2025-09-30 15:00:00,1112.5858590333353,42.32024086986626,32.65698329976444,2450.2759642163
2025-09-30 16:00:00,901.6795205352693,45.08327057711788,42.913783177966444,1937.0754408103376
2025-09-30 17:00:00,800.1295540503565,39.064569134978036,12.620857167879334,2042.6177396900134
2025-09-30 18:00:00,693.076053123092,86.08575423330446,,2588.9778139883697
2025-09-30 19:00:00,1680.1995452213039,20.111426135819126,21.925083377160757,2330.038768437742
2025-09-30 20:00:00,1512.0529932391396,46.98311912610482,38.69472181761303,2818.3762192044906
2025-09-30 21:00:00,1740.5457481330714,66.5055457845149,25.286864591958306,2477.1310349086743
2025-09-30 22:00:00,311.305279925426,50.55915276897607,3.0581946083649854,2987.505579306133
2025-09-30 23:00:00,1342.4747078461953,83.68285882879529,43.86797858322963,2231.1572472889047
2025-10-01 00:00:00,1695.1787765957642,34.639183652074294,37.46059603835443,2331.1706017202832
2025-10-01 01:00:00,408.0962124816223,42.26714671381284,6.790139390266447,2706.939832691973
2025-10-01 02:00:00,213.04365452352175,8.87848605411083,41.559101286154394,1764.6122832653027
2025-10-01 03:00:00,1359.9051037931004,55.200920883621635,20.830284698628297,2110.452027555648
2025-10-01 04:00:00,1076.6042924058502,26.650865191881437,17.363511585297413,2612.1666124245867
2025-10-01 05:00:00,1531.1089204890625,15.267504516885628,21.28634654319628,1360.6401654580463
2025-10-01 06:00:00,337.61304026469213,49.46328506850122,,2217.6400106312776
2025-10-01 07:00:00,1451.9544301618134,48.375613440812046,30.017105844618573,2557.5848662428452
2025-10-01 08:00:00,442.7664440811657,7.752576068940232,3.6069319055880116,3331.4886171542157
2025-10-01 09:00:00,378.21510287169764,63.14117536100808,43.13459232911152,3141.7347793971094
2025-10-01 10:00:00,379.251856482688,56.515724967925905,7.502501873045981,1889.558101179582
2025-10-01 11:00:00,1484.7770243933496,17.822538164438253,33.80498987635545,2365.141218460742
2025-10-01 12:00:00,1230.8352751835403,42.779702731709904,28.990007338837763,1418.4701825861916
2025-10-01 13:00:00,989.2112221075029,65.10873956659184,9.251234109648678,1805.584271117395
2025-10-01 14:00:00,710.0118230099542,48.11978090817361,8.512211348974184,2927.1973229429896
2025-10-01 15:00:00,1591.2409193822841,36.19852778033775,39.29441412300645,1558.9594257782237
2025-10-01 16:00:00,767.1566826184802,29.688122769203982,19.466576633982275,1841.1501021513088
2025-10-01 17:00:00,1488.219047101681,55.32505413132077,29.801366623662094,3282.4892536451966
2025-10-01 18:00:00,846.5293445693713,84.58067414961141,23.179124169693623,3030.0971810341616
2025-10-01 19:00:00,740.8055300223429,60.78529080249602,33.00355475134222,2941.838196562715
2025-10-01 20:00:00,886.555635638331,7.652385423632079,22.086664501730542,3115.570729634529
2025-10-01 21:00:00,612.3423860790415,42.00096263990991,13.64471627124501,2874.171941822943
2025-10-01 22:00:00,1370.935946299627,80.28334770444586,16.988868323845843,1553.2310538482934
2025-10-01 23:00:00,954.6246631572145,9.407155896296732,38.79941855581508,2384.778785618986
2025-10-02 00:00:00,494.7615817495894,89.00993838024135,21.59352648859999,2232.9122336848764
2025-10-02 01:00:00,1629.2767745667663,85.4671760344425,,1953.4183143677983
2025-10-02 02:00:00,752.6150763344594,7.966428784958952,42.12263707539914,3051.484860411171
2025-10-02 03:00:00,1024.0398638937806,84.07378552001039,36.050420085928586,
2025-10-02 04:00:00,1641.0025886397298,33.31880053309214,3.4493104264727616,
2025-10-02 05:00:00,1161.2045930537865,76.17911586975177,44.95349032714278,1877.4277258125633
2025-10-02 06:00:00,298.7266692042189,38.23611705648116,31.5767746433645,1780.1042218618347
2025-10-02 07:00:00,1697.7146101429078,40.236105030523916,8.051730357785825,3163.7056581036954
2025-10-02 08:00:00,1167.1036902214103,57.447635097001296,11.435377977138243,2659.6200113419
2025-10-02 09:00:00,,69.92849031556251,31.467601174628065,2476.790158352358
2025-10-02 10:00:00,336.76252352775833,4.007234434394128,35.30948643228137,2363.9634075252807
2025-10-02 11:00:00,1449.842821759503,53.79088360191495,11.51758149859147,2665.2373578370775
2025-10-02 12:00:00,1154.123685078473,17.619236474666018,12.306629571567916,2885.238648231962
2025-10-02 13:00:00,1006.8838563597466,31.78950708982506,14.513310574370678,2464.207882246171
2025-10-02 14:00:00,1619.617391186628,31.969211287814268,27.312808052812017,3270.399371820482
2025-10-02 15:00:00,1440.6152590817023,42.74637027968267,8.559911845256185,3351.3517583658077
2025-10-02 16:00:00,357.847295545677,30.738140656979432,5.586700750930211,3390.218864878528
2025-10-02 17:00:00,629.927515252432,10.55513954210943,30.870019919762598,2705.721331186154
2025-10-02 18:00:00,522.4315376845918,13.960957728765178,35.280309350899486,3258.5029801873447
2025-10-02 19:00:00,1364.7086973735509,3.975980714937693,23.04089379432624,2149.407360146705
2025-10-02 20:00:00,157.00513905082494,42.85216859425913,17.008639251808958,3105.144021619509
2025-10-02 21:00:00,1068.8124642812381,85.94584484191599,20.009879395164962,3209.26602735333
2025-10-02 22:00:00,1396.179765759174,11.295094904682374,18.089944690365883,3198.694991897779
2025-10-02 23:00:00,,85.2175398772743,43.23933596245771,3044.7771941076016
2025-10-03 00:00:00,681.5389728170427,66.26917481115632,34.79595582964217,2153.8582394466257
2025-10-03 01:00:00,,57.73739346114052,10.155837453404853,1633.7057121595421
2025-10-03 02:00:00,,58.4297202237971,17.904322690375125,2001.3083483233363
2025-10-03 03:00:00,1538.968895948681,74.57876070726911,24.93654081997683,2911.305995525995
2025-10-03 04:00:00,316.7307259643701,10.515867929804102,27.97137793080229,1789.059573792948
2025-10-03 05:00:00,775.3883939526244,45.92313479733321,21.600091425265752,2304.371336134542
2025-10-03 06:00:00,1455.4021218252412,63.04111130520751,36.6455719405262,2487.338987767811
2025-10-03 07:00:00,354.8596264929154,53.22701961154717,34.7746648561622,2568.102981119538
2025-10-03 08:00:00,489.72737189549053,75.11733732107322,23.226948419639335,3265.023651595477
2025-10-03 09:00:00,1327.8293662682127,7.432182102010283,38.594893018396135,2689.135342870067
2025-10-03 10:00:00,1324.0621121283264,62.47239251542577,34.04793933946498,2951.2275137623346
2025-10-03 11:00:00,1189.9509759050054,48.528468004239876,35.2576013437083,
2025-10-03 12:00:00,1279.71235559407,34.745316894214966,43.08163429507033,3050.5186696101227
2025-10-03 13:00:00,1022.6315536909135,31.284473418828746,12.724545413204918,1853.693587446502
2025-10-03 14:00:00,528.0584001418197,56.25410431690317,12.776519144141364,1740.7431105044575
2025-10-03 15:00:00,687.683188956663,80.29858834333957,40.113899250388165,3245.2721023917366
2025-10-03 16:00:00,408.7161185624236,45.15965742299926,34.977960428969894,2756.3098403504946
2025-10-03 17:00:00,1644.3659542671683,74.40036160284589,41.768003823167604,2710.2037118222643
2025-10-03 18:00:00,1091.7660511024048,36.791917984113105,3.777727054275935,2281.320001119745
2025-10-03 19:00:00,781.4474084981878,10.113107188592712,28.621311399510247,2091.064244516372
2025-10-03 20:00:00,885.4098661950255,6.474010544818831,7.363646877431687,
2025-10-03 21:00:00,1710.381677340086,5.568759047807304,23.171476724873635,1553.1893337855008
2025-10-03 22:00:00,,34.83336263423262,7.852865001551546,2254.8963782745263
2025-10-03 23:00:00,1096.5907144285552,31.014159824389942,6.635454395334688,2256.27217937751
2025-10-04 00:00:00,960.0107541035921,64.89639510240869,1.5354071968094587,2430.506677182957
2025-10-04 01:00:00,1139.4722002389012,67.11111364105305,28.73050774484779,2632.839790171125
2025-10-04 02:00:00,130.78731249542886,5.526003226202844,16.796995134363787,3310.368568569261
2025-10-04 03:00:00,1582.6106452050576,20.679970397122332,5.628284534674755,2669.555166892689
2025-10-04 04:00:00,1684.601080222141,25.409304664142073,15.204862220177633,3155.8228191021644
2025-10-04 05:00:00,1060.7264121016551,49.73746658871004,8.433540023869739,2468.238109085244
2025-10-04 06:00:00,1284.3064005907167,13.861854927718573,42.43457258607302,2616.5485535177286
2025-10-04 07:00:00,1668.2489480014026,12.920768526600032,15.080214973499316,1446.6576015300961
2025-10-04 08:00:00,1302.3056783327777,84.99721113950827,15.693955024733155,1579.8538180572727
2025-10-04 09:00:00,359.3163729542443,72.57405874950251,37.95375214958177,2517.307913914833
2025-10-04 10:00:00,1079.6902122835822,17.078286286114157,29.501253496584184,2130.997026911861
2025-10-04 11:00:00,1131.4155788508551,37.1845349035887,32.247550725732054,2977.5020917175534
2025-10-04 12:00:00,821.0221412140562,32.65035793392333,28.984079375514263,2440.67353723577
2025-10-04 13:00:00,1351.9552005620287,71.39936259182124,42.632636493736875,3152.8111817978097
2025-10-04 14:00:00,1688.4239251073252,46.40894956655286,10.108036588553986,3341.896524770812
2025-10-04 15:00:00,1673.4664719415198,12.378626592418565,44.51772663725501,1610.0338887551184
2025-10-04 16:00:00,866.4269313870245,66.7702936209057,37.56207181248658,2129.1382784768157
2025-10-04 17:00:00,292.50467792928396,36.323030062017786,26.914793910559055,2696.4601529998645
2025-10-04 18:00:00,1774.2300382359688,24.40025803926109,30.144351473434956,1941.5263863407345
2025-10-04 19:00:00,1526.126746958088,34.41937735984409,29.54833856602702,1860.7679092151398
2025-10-04 20:00:00,311.92655804555363,45.30033416101377,,3008.850977320557
2025-10-04 21:00:00,1665.431200449533,31.53728096111384,,3358.79478502336
2025-10-04 22:00:00,1578.823815505618,22.529613760666447,43.30471891908896,2924.986995619711
2025-10-04 23:00:00,982.0246971143226,36.46668056355425,24.512034869812688,2399.7209078886385
2025-10-05 00:00:00,1105.1682407663798,2.7063890567409437,17.64755854352413,2229.273587085161
2025-10-05 01:00:00,778.3045965792214,69.75230830257193,34.5296923891193,2433.2602131137664
2025-10-05 02:00:00,193.09478599745327,16.214095527515134,24.07883347685562,2271.963374594245
2025-10-05 03:00:00,,4.907510613126715,1.579161943003494,2356.064919249903
2025-10-05 04:00:00,1464.8508626166195,59.17918366855205,33.394454255465185,1727.2514061113782
2025-10-05 05:00:00,107.87443910782486,69.88031546530684,33.2175726423259,3197.858093549588
2025-10-05 06:00:00,666.9485918749451,73.43079271176305,8.266543332838873,2884.523503198863
2025-10-05 07:00:00,776.8867791046036,44.9223172567934,43.093043890665385,2730.052587655762
2025-10-05 08:00:00,1013.572524994469,19.277768437408692,10.851957787809031,3294.8424390463933
2025-10-05 09:00:00,1663.7545479016928,66.61326327523457,21.14097216481677,1897.22809701696
2025-10-05 10:00:00,688.7881904221341,63.274463866736006,6.048382295480246,1470.43476287659
2025-10-05 11:00:00,689.8204432235871,22.918095335182418,27.54442205582589,3034.8911867461966
2025-10-05 12:00:00,1353.7521217865722,81.40329027178858,17.51984928251735,3396.6756236634355
2025-10-05 13:00:00,868.7704995126721,10.28905976937178,16.53963233722704,2514.7081198424185
2025-10-05 14:00:00,481.8281989979693,88.45925332362799,37.386982597721676,1423.499714616632
2025-10-05 15:00:00,869.1471774255788,77.56205517699435,1.4207153654210427,
2025-10-05 16:00:00,339.45693464565977,62.22297944763769,36.10965791926659,1454.8730025762673
2025-10-05 17:00:00,399.85787706057965,84.54874005690512,26.143736892915463,2434.0293711444906
2025-10-05 18:00:00,,65.28569398081,44.38833459312876,1882.818195842107
2025-10-05 19:00:00,812.1732641577314,17.950672735674086,26.935501706586958,3221.5562392440306
2025-10-05 20:00:00,1655.23803181577,40.351896292040244,3.4366819025101485,2247.7955478449185
2025-10-05 21:00:00,716.0696284982763,7.363769165515547,3.2283943635239583,3186.773031804962
2025-10-05 22:00:00,1087.000195472674,35.67951058364227,39.858731400360604,1928.0702790345917
2025-10-05 23:00:00,1174.8492894632016,67.00266875661157,38.013422402486334,2113.4614260248377
2025-10-06 00:00:00,122.26057620016718,35.39345823284275,16.219163325609024,3288.9502953188694
2025-10-06 01:00:00,1228.013532428408,30.396181616663934,28.19342930397004,1722.7603469564342
2025-10-06 02:00:00,402.66114367857745,53.98665930341776,22.542019710446414,2514.8524184674047
2025-10-06 03:00:00,1733.8195396980736,78.62620308090166,43.5552184259863,2115.871689976234
2025-10-06 04:00:00,352.726637180292,5.2349041366040066,,2925.7504586443274
2025-10-06 05:00:00,804.8610103359404,35.30686868827645,44.28891637579408,1571.5223794598505
2025-10-06 06:00:00,245.09443573369455,15.083426021558381,39.12374634790763,2218.151434909804
2025-10-06 07:00:00,1794.6862281381104,62.886528315136395,41.02026999410445,2767.7585163750527
2025-10-06 08:00:00,953.7315175631124,10.409485878371004,10.560266265754002,2154.7340935129355
2025-10-06 09:00:00,1112.1545294440743,60.167890513641765,37.56429871555008,
2025-10-06 10:00:00,214.03001156032673,26.47009750101375,32.18971298098809,2780.735748804222
2025-10-06 11:00:00,1374.9327996786024,18.703596422612996,43.36260638843509,2356.7164881384642
2025-10-06 12:00:00,456.83950826249577,84.3353776464237,26.135520451475255,1323.748242028211
2025-10-06 13:00:00,1626.6922920492134,2.6486873303900724,4.74735533526448,2586.5773799795834
2025-10-06 14:00:00,448.73738881941216,39.96217719817164,27.28555121223473,3231.750147310451
2025-10-06 15:00:00,424.1691251282332,2.9248023290996468,31.209560832936663,1533.154491244547
2025-10-06 16:00:00,162.1344353417613,44.03978128128528,10.694125263346846,2540.4095935192545
2025-10-06 17:00:00,902.5138066869987,45.59321662370322,18.34098887456005,2830.2046517015237
2025-10-06 18:00:00,1060.229926546448,29.627959954132486,27.33415021827392,1448.6247072946414
2025-10-06 19:00:00,211.70468702819903,12.762398199727107,17.460652441926243,1347.4924621447913
2025-10-06 20:00:00,1418.396948381518,34.4984908583683,17.497699558501214,2274.8113199543895
2025-10-06 21:00:00,870.591019071647,60.83140165399838,6.855812123603085,2961.4920431921637
2025-10-06 22:00:00,991.4634578568861,70.63322696935685,42.392855815417306,1637.5107612085894
2025-10-06 23:00:00,849.2966697949878,48.23680361254466,34.02175291778425,3056.9382716513383
2025-10-07 00:00:00,781.2972034880542,53.49526110513825,1.0547113101084884,2678.812236389552
2025-10-07 01:00:00,1051.3885632239703,18.854857030094088,34.68698449697527,1997.56390435582
2025-10-07 02:00:00,,26.5723996572608,33.550979676945786,2383.234176834144
2025-10-07 03:00:00,409.27782184196093,15.4087092946599,1.4281622468430117,3327.7074574261505
2025-10-07 04:00:00,1565.0355557229793,23.187286150410408,17.26258909500564,1754.5176383279115
2025-10-07 05:00:00,1708.3962856271758,21.014923440072327,27.69689837432335,2349.0243352624843
2025-10-07 06:00:00,734.62583767558,47.23094198882015,20.92102868175358,2611.421767826004
2025-10-07 07:00:00,560.2659443440414,51.07929926537492,35.23138922370232,1589.8306714988992
2025-10-07 08:00:00,1194.7992235063268,85.1003204531139,19.720166635915096,1391.3963861089503
2025-10-07 09:00:00,794.8480908667639,18.40578759203555,7.76997065596883,1328.2659011560897
2025-10-07 10:00:00,143.15680462258626,58.10913820437314,43.96228746804846,1981.8549988600341
2025-10-07 11:00:00,365.4594155225236,73.73607493988953,11.649759682146051,1455.2893184182174
2025-10-07 12:00:00,1317.1527890405757,50.861490276691676,32.57846166381862,2987.9169003363404
2025-10-07 13:00:00,1220.1707012472573,23.695325072595736,7.298877713219166,3394.3710070396664
2025-10-07 14:00:00,146.06318725592195,24.366970471780018,15.476555006493037,1428.7380256423744
2025-10-07 15:00:00,477.35267528601406,4.493521723318992,20.449214770938646,2208.725179460223
2025-10-07 16:00:00,492.82715419972135,28.18453616281487,,1354.037458263407
2025-10-07 17:00:00,1242.2176641178382,67.26972743130082,20.798221360218818,1581.3808705902527
2025-10-07 18:00:00,133.50791418241906,5.229080391432824,7.915164211637,1978.1373779124156
2025-10-07 19:00:00,276.9845893737755,20.517280142929927,25.596287715379166,2126.7662474210647
2025-10-07 20:00:00,1459.8573451344218,63.85469236932859,30.203383110888534,3273.5441875001443
2025-10-07 21:00:00,403.52592549236715,70.65598909123602,3.7471084972324737,2131.2572983894815
2025-10-07 22:00:00,1209.668383348187,41.52333849551163,39.3298133276154,2342.183084020545
2025-10-07 23:00:00,504.9107277794351,63.12861612459975,9.146198941849562,1815.7250733751193
2025-10-08 00:00:00,269.0503676908868,35.52774301028539,10.915946714094247,1300.2627913888086
2025-10-08 01:00:00,513.392724699072,15.232278807147349,30.099392963654772,
2025-10-08 02:00:00,1327.8537841546206,36.43530492353868,21.62504665911422,1471.60098977624
2025-10-08 03:00:00,1554.6839957806858,52.61713599807972,22.97340636352689,3324.922566176081
2025-10-08 04:00:00,1511.3737697638858,85.37674208490724,6.638819320777838,1574.7726186105465
2025-10-08 05:00:00,775.2120003513731,7.118834735892282,36.45237616256196,2570.2448095759246
2025-10-08 06:00:00,1235.7447321700986,46.158074352201496,28.15038682858524,3398.7622344989377
2025-10-08 07:00:00,448.47330220689565,30.27386026075447,6.9568099056160655,1590.7756517463195
2025-10-08 08:00:00,,46.23974079062582,17.455972149126225,2190.280478373631
2025-10-08 09:00:00,1623.7708914859036,3.133814816511319,36.65803704034133,2938.8897048401004
2025-10-08 10:00:00,122.10326996825125,28.85925656844074,26.007622023411308,1367.5993146849332
2025-10-08 11:00:00,245.36450245259573,73.96826512990344,5.780546281848941,2748.5437773940935
2025-10-08 12:00:00,453.40663374824646,50.30081431306274,17.402190014728617,1468.7840095706788
2025-10-08 13:00:00,145.1047465854935,41.10184186063445,11.678553532052323,1796.6922987737753
2025-10-08 14:00:00,408.4402396526554,26.411731382665224,23.76848436076396,1636.159941236057
2025-10-08 15:00:00,1091.1706536484767,27.525784528430677,38.10788967036754,3205.406506458566
2025-10-08 16:00:00,816.4217360072465,35.09602758956202,20.19575393139447,1678.9591052415299
2025-10-08 17:00:00,1617.5419088308572,75.36579318684588,,1384.91160058183
2025-10-08 18:00:00,1489.6540549553495,87.08197540593589,40.83543970238963,2534.0139247403004
2025-10-08 19:00:00,681.0894978863892,40.04032894018333,26.352158150319987,2026.9799433603744
2025-10-08 20:00:00,541.0198368331972,36.008402648550806,25.9124078454859,2151.9830633468696
2025-10-08 21:00:00,745.4770938843537,76.34301904796779,12.524035242517133,1550.0317642113487
2025-10-08 22:00:00,1103.5014022751732,38.99457353663102,27.739800904833558,2871.2924320097086
2025-10-08 23:00:00,555.7081893988897,50.129617334312954,26.34006056636544,2563.262664251388
2025-10-09 00:00:00,1161.0531433435278,21.553808149288255,18.461464695042014,2064.855793971388
2025-10-09 01:00:00,795.9998087251088,67.17172568433769,44.59060489956394,1660.3073819025856
2025-10-09 02:00:00,1038.4802074483664,48.346960326099584,,2546.2486522581767
2025-10-09 03:00:00,841.4150995300383,73.00407497139041,33.98179676337988,2935.0542869654923
2025-10-09 04:00:00,600.5917912212601,70.48521297255161,24.643205890172023,1956.0342961211093
2025-10-09 05:00:00,1712.3706218356663,20.135424376032542,21.33063128336373,1354.3068054310538
2025-10-09 06:00:00,1398.1298500715934,64.69156399964086,9.135485389820772,1750.1223679812665
2025-10-09 07:00:00,338.19239880296936,72.20484230767205,14.452448856643443,2733.0354196749413
2025-10-09 08:00:00,1576.3955590264518,31.803544429633163,35.05427519222125,3377.1023926595376
2025-10-09 09:00:00,928.6330370241732,16.362211048302434,20.964953973252264,1328.0901027584307
2025-10-09 10:00:00,1620.7387857199553,1.234261846583348,39.81985872905806,1942.9224804774117
2025-10-09 11:00:00,1459.7539351104358,41.13042512529019,,1430.2438279425617
2025-10-09 12:00:00,822.8629575976969,32.3665131069569,23.367272224600004,1964.3335043023676
2025-10-09 13:00:00,138.1978241441996,50.386975210461394,29.466490096937584,2152.4201205675845
2025-10-09 14:00:00,556.7515109544083,17.735657240401935,23.741332077548744,3233.8103930871357
2025-10-09 15:00:00,1020.7781649234738,77.51023374231629,40.12598322973943,1469.1776787504552
2025-10-09 16:00:00,1176.9129737044505,23.94021419090176,44.54078440048215,2931.981511438117
2025-10-09 17:00:00,538.4090652364439,21.15223485280085,6.096724967020268,2130.622231732223
2025-10-09 18:00:00,336.905325923801,43.78355102710768,6.718015779384524,3003.651984300548
2025-10-09 19:00:00,1519.3814025588085,45.39774111324041,6.734260996645327,2378.144589183805
2025-10-09 20:00:00,1773.4837071960385,20.142585361873262,30.97179222710321,1382.4922815711611
2025-10-09 21:00:00,993.673309914566,25.195604678606504,17.397748201816867,3287.0323579011615
2025-10-09 22:00:00,391.85478594211594,16.1037662848168,33.265845095699866,1473.7415332124958
2025-10-09 23:00:00,562.9224550829272,64.94295587076184,18.840744807027065,2555.135355320888
2025-10-10 00:00:00,131.26415013069345,69.53792378161329,28.6146957386108,3143.1023021603833
2025-10-10 01:00:00,1654.3079711528483,42.14723627387615,34.873752249871316,1467.5165752754071
2025-10-10 02:00:00,300.1768409132399,64.55374501896655,25.121500068816506,2463.176115673627
2025-10-10 03:00:00,1080.078008374231,66.49824988243265,24.738157979800267,3031.0087386013497
2025-10-10 04:00:00,565.8938751682501,13.306521963324965,4.882310312567917,3371.281888156171
2025-10-10 05:00:00,1042.1026042768488,86.98984421027377,19.07439668801513,
2025-10-10 06:00:00,1207.4146601981693,74.07184329158235,25.014194741897253,1884.5021884729167
2025-10-10 07:00:00,1510.5610663022428,19.199028046428293,21.327156329322037,2769.09769267536
2025-10-10 08:00:00,450.91616199302547,17.56868818140025,40.63440800829072,2782.1102155460426
2025-10-10 09:00:00,118.6929087194168,12.183841956582864,40.887347813257534,2769.928625419697
2025-10-10 10:00:00,332.70557111697235,13.315692066230737,37.164364745905516,3093.9469178955223
2025-10-10 11:00:00,1630.0316911417788,67.58640011355396,17.51311531641728,1483.498131290931
2025-10-10 12:00:00,,42.7992288686945,32.561162674251506,1527.6816753724102
2025-10-10 13:00:00,1115.602273689524,70.68114137384818,18.392692287062832,2645.295960873672
2025-10-10 14:00:00,1120.8786627372108,67.41668559716828,11.234118354933397,
2025-10-10 15:00:00,,54.810531501964725,16.08771631623879,2278.2611417304165
2025-10-10 16:00:00,398.1311736598643,62.08662798550248,4.122443864563561,3317.181673413918
2025-10-10 17:00:00,1654.5003080724316,2.6336594697436193,15.598210396204477,3269.9790449839234
2025-10-10 18:00:00,811.9098923165243,28.748210565646954,21.27265755949155,3196.1104502920707
2025-10-10 19:00:00,751.3354980241456,57.766173954087506,43.04115937035652,3210.6870472145793
2025-10-10 20:00:00,982.1600989808238,1.8317008602757339,14.790065793663496,3186.469465988771
2025-10-10 21:00:00,179.84214351759357,3.9349479877508133,40.70795572504291,3021.7677054322826
2025-10-10 22:00:00,,76.8180304398641,11.06976413623387,2759.455813071194
2025-10-10 23:00:00,1354.6571479248298,61.87821269059439,,1351.2571750444772
2025-10-11 00:00:00,240.75773547271498,24.61790624771061,23.835800083015258,1577.7325435277103
2025-10-11 01:00:00,1125.35858609286,62.228692770565104,30.590500249085864,1581.887314516081
2025-10-11 02:00:00,517.0934864582456,71.52864355339443,2.9506190353003827,1349.4345969871388
2025-10-11 03:00:00,761.8025438713602,28.304691196799013,10.726898062077534,1545.073713689637
2025-10-11 04:00:00,590.7793525101897,4.207326597427683,21.05008132605792,3231.467510490923
2025-10-11 05:00:00,704.6436179904135,84.01734209720837,15.564190783259985,2693.9890025126506
2025-10-11 06:00:00,1322.3780388132172,31.721005608311113,32.355327491326165,1955.353338420387
2025-10-11 07:00:00,605.1069165593975,10.476876932338868,23.49106622581794,2966.056025697028
2025-10-11 08:00:00,1062.8878885047252,44.77526155399012,8.055800646571608,2325.575922605187
2025-10-11 09:00:00,909.2856837384694,69.39363381410791,,1598.4667775233409
2025-10-11 10:00:00,1228.2409811165019,20.726611000962766,13.88784972126782,3157.4543705756346
2025-10-11 11:00:00,1692.6105568520886,24.984614461869338,,
2025-10-11 12:00:00,1345.3725652574255,22.6016338250739,35.31629428063803,2767.6043841127776
2025-10-11 13:00:00,465.3986436042865,89.25890170201936,43.3789388112685,1910.2477370491756
2025-10-11 14:00:00,153.01132960418394,18.568932302018286,22.93432852706046,2350.14962641498
2025-10-11 15:00:00,545.8488753097026,52.221299309985035,28.096762680435013,3014.1306942138726
2025-10-11 16:00:00,1111.6324821904332,83.34855310746983,15.734556913099485,1629.232427491172
2025-10-11 17:00:00,187.4238829232256,14.073794630122352,30.839888910130927,3352.2279300024848
2025-10-11 18:00:00,943.8226202421018,87.40602361022532,21.388873378118067,1447.453438007525
2025-10-11 19:00:00,1114.6328431587117,85.32547386121058,20.256704047874578,2421.4187104550583
2025-10-11 20:00:00,668.2146143888334,79.72690684818537,38.64057128110864,3223.653590639091
2025-10-11 21:00:00,1410.5507463678973,20.0955303983702,3.2074291139423012,3285.9571582533035
2025-10-11 22:00:00,281.2170303274121,57.430899984977515,39.806346824602215,1787.4288220475296
2025-10-11 23:00:00,227.7342289508749,68.71934109355037,38.491072864456505,1602.368460551098
2025-10-12 00:00:00,1337.9208855461256,88.75648560948224,23.280115156718722,2821.2463006675707
2025-10-12 01:00:00,942.3352375505374,17.057720165241967,22.568925585047644,1388.1444933800979
2025-10-12 02:00:00,1270.2840739271512,69.17630505721739,,2319.00183496366
2025-10-12 03:00:00,839.2064756263686,31.153304123513053,44.74364683399631,2972.345976265682
2025-10-12 04:00:00,518.8834565064816,16.630755435552206,,2476.5349214853513
2025-10-12 05:00:00,1492.4739400461394,38.50254776803309,26.969470367658708,1694.8278581254106
2025-10-12 06:00:00,1459.0069942472646,71.65139618122686,30.993989964946348,2322.793028886923
2025-10-12 07:00:00,1280.9840004525256,42.371632529660644,42.110520361545554,3234.6769045426754
2025-10-12 08:00:00,562.6467332909366,48.83955591807132,35.32895386169751,2596.147253892981
2025-10-12 09:00:00,1103.392133677448,89.5691875078108,29.32927692370806,2815.1303178949415
2025-10-12 10:00:00,713.6556247980456,36.520727660610916,6.139741939733398,2006.1541472912813
2025-10-12 11:00:00,255.68952465527806,55.77066716912235,17.444274740584564,1695.8159278519972
2025-10-12 12:00:00,1659.4330782858128,33.5067339437681,7.109032272111351,
2025-10-12 13:00:00,332.5916725622344,35.95792252325474,39.7733602284826,2419.6729468966196
2025-10-12 14:00:00,1715.403501495364,62.91202705664132,33.98333084480029,1888.462322582478
2025-10-12 15:00:00,858.2098140285248,84.47194087244463,34.331618619078085,2438.126053594812
2025-10-12 16:00:00,414.7259790256534,49.269946593816606,29.69928678203594,2786.3630474899714
2025-10-12 17:00:00,1021.2316105432088,69.38759367644141,23.309915625215226,2842.2313399576333
2025-10-12 18:00:00,1584.007920989894,8.93938373470978,7.598726616393877,1645.8383732882962
2025-10-12 19:00:00,1344.782306896254,19.7930653314415,15.506575015022278,2875.9047825511125
2025-10-12 20:00:00,1471.1539513644645,45.68971604183839,7.024294868983185,2712.645093143954
2025-10-12 21:00:00,1219.9317234082196,2.7810434029609565,32.8961782855031,1325.210780074284
2025-10-12 22:00:00,1276.8701596803492,23.504093109867732,8.050066144968222,1423.6315676884767
2025-10-12 23:00:00,1543.6326076610428,47.04871479442198,31.892996207554162,2657.1239539067988
2025-10-13 00:00:00,524.4356150606161,2.3315466448107633,31.459237142219806,2105.7781890837905
2025-10-13 01:00:00,932.0224381933388,24.544619474117713,21.20939707561671,1606.8183991088983
2025-10-13 02:00:00,476.0560510933238,46.74874293335238,6.950060781194301,1393.2327742562297
2025-10-13 03:00:00,1779.0356135943,52.010283070330864,14.851236349897615,1634.7365154121048
2025-10-13 04:00:00,1704.9008774672425,83.39190068192218,15.084096799324264,3310.779325075395
2025-10-13 05:00:00,167.02557932646005,58.4357604693041,31.816945858304912,2827.8878472990364
2025-10-13 06:00:00,1299.4777932766704,37.91148642516944,6.004692854203871,2408.181383962017
2025-10-13 07:00:00,1672.9221396066318,83.80125476484304,37.479020433508,3277.235050114643
2025-10-13 08:00:00,406.978086716467,70.85458552151368,,2600.1319191313682
2025-10-13 09:00:00,1065.50689193947,18.800793979034538,9.197504399668052,2823.8548953894015
2025-10-13 10:00:00,1656.330105899671,12.64497016004496,32.643232798271136,1893.5688188623312
2025-10-13 11:00:00,157.70816359585803,61.14723558110323,30.414579984584158,2536.8618715373113
2025-10-13 12:00:00,1285.6144543196278,50.829601736351556,33.91731520488076,1601.3022130254644
2025-10-13 13:00:00,605.4933125333363,71.28095162755525,9.312856439742557,2149.4146049153283
2025-10-13 14:00:00,1671.4735321401017,66.75364945700309,7.93397417488462,1369.8046824718813
2025-10-13 15:00:00,1750.7990167811251,56.64382651331884,11.405295380601185,1754.918983923629
2025-10-13 16:00:00,1705.2530314928376,88.7880132749714,17.09835493855493,1457.224121787617
2025-10-13 17:00:00,906.1641683176884,48.48948597982637,35.92125916557525,2114.335520965186
2025-10-13 18:00:00,1565.4725066818328,11.066412328653065,33.4686532490694,3070.373845740829
2025-10-13 19:00:00,1535.7339775096198,74.71634726862297,41.71987006025546,2093.6616233246114
2025-10-13 20:00:00,642.4708045135346,23.4149492487681,3.5797006003390797,3046.4432145887513
2025-10-13 21:00:00,1509.1563060561514,70.17989118480872,1.5084763646241663,2678.646456415663
2025-10-13 22:00:00,162.91297901633746,86.18253154400458,31.762108506835162,2370.0118379247383
2025-10-13 23:00:00,1113.6587934194902,63.014800742826374,13.28864981494329,1797.4725558487942
2025-10-14 00:00:00,491.0150233890952,54.0466843245323,15.699471403487971,3236.5277949727197
2025-10-14 01:00:00,304.963705821374,41.97436963507861,25.059289140238537,1413.8216985682698
2025-10-14 02:00:00,230.82044276965556,33.43247807359089,5.506177417579135,2746.717337167512
2025-10-14 03:00:00,1283.6909189928376,,29.278554328114186,2604.6037748996746
2025-10-14 04:00:00,677.7874384057125,57.63717080815356,15.30648763417061,2226.1871967387065
2025-10-14 05:00:00,1332.1035115988946,67.86330740745939,28.83946546924363,1804.6740061144712
2025-10-14 06:00:00,211.10577935820203,61.38801918411288,37.696304175228974,2204.4614673750602
2025-10-14 07:00:00,635.9935743120376,18.658499006227082,8.528898666846906,3132.8227236621833
2025-10-14 08:00:00,1017.1351970380732,44.96485903277072,41.95841608823889,3057.208831535404
2025-10-14 09:00:00,1444.229380226238,71.45596642429261,24.350278206747525,3276.9006249517615
2025-10-14 10:00:00,641.8792549845189,43.33766295882601,41.60882166765461,1946.365733913021
2025-10-14 11:00:00,1164.0153399429155,48.759471896458955,10.140123616878238,2112.918732574633
2025-10-14 12:00:00,1606.1621720015182,69.63110828720318,27.600757242586454,1339.324920585713
2025-10-14 13:00:00,1146.9674199099177,59.852612257593144,18.77103316223861,3280.194988912017
2025-10-14 14:00:00,496.0311070811774,37.43169795853294,35.06577641086458,1991.7191928162647
2025-10-14 15:00:00,141.48132864611463,80.69173129628548,27.65999350138504,2148.744025219286
2025-10-14 16:00:00,1579.1680856315809,15.468469111049593,22.75868010616601,3206.389684039528
2025-10-14 17:00:00,136.15799844565814,89.6009639245389,41.17135788296438,2405.8567033503077
2025-10-14 18:00:00,1586.9928435631389,11.577879484385111,17.59315082355393,2488.9665376865037
2025-10-14 19:00:00,999.1931278462604,2.3305474282772622,10.679129015519985,1670.0889601169254
2025-10-14 20:00:00,1696.4150874719235,80.21168220224006,27.756452221492033,2347.1860437191744
2025-10-14 21:00:00,1457.9315008152312,22.80086224457009,28.457251235603806,3228.238061908426
2025-10-14 22:00:00,1796.4879879066737,65.94326684275816,20.320163349162517,2473.307985026645
2025-10-14 23:00:00,696.2100862679073,73.18036836895416,22.41084192233282,1835.744365743492
2025-10-15 00:00:00,1404.2200911829157,77.4497888018584,43.220350229195596,1365.479814683002
2025-10-15 01:00:00,783.2825531357116,89.25188697411083,33.23817042145926,2006.2337242535427
2025-10-15 02:00:00,915.788554516645,27.16953419355992,5.866477065233388,2502.440919535362
2025-10-15 03:00:00,1166.759287471229,64.21165743152606,10.333723118306883,1389.4879055787433
2025-10-15 04:00:00,1585.251094116776,11.27058738699371,43.9253719151646,2580.564412311428
2025-10-15 05:00:00,1772.9418976388017,37.2060269307596,,
2025-10-15 06:00:00,1406.0648035696809,76.46948070482054,41.26198555036474,2945.2144852497986
2025-10-15 07:00:00,810.2035296844674,33.72156609926064,14.36990441550377,1360.6651617711198
2025-10-15 08:00:00,816.3069038710194,53.60748886766965,33.64214184381006,2939.7794241193487
2025-10-15 09:00:00,1353.8899127011155,45.83583649149243,32.4161191750345,2393.841796092024
2025-10-15 10:00:00,505.921147806114,58.48968626897201,13.966359359332504,2078.111598837394
2025-10-15 11:00:00,287.8059923233709,87.58760065550484,25.235918319831036,3327.3042503535307
2025-10-15 12:00:00,702.8576679893201,5.960461858624789,28.60626489589299,1636.2510491957114
2025-10-15 13:00:00,588.306285811939,52.082575057645045,22.169799676408463,2436.7827500913236
2025-10-15 14:00:00,603.7238047751832,77.80956135327534,37.39586309295256,1974.0610945442047
2025-10-15 15:00:00,497.1331767848469,43.843061345610046,37.646237839111535,2407.721395470205
2025-10-15 16:00:00,171.5584223818152,7.988919548799981,38.4264241252685,2459.7784504188658
2025-10-15 17:00:00,130.38568904680346,50.88800236509261,36.350637040319164,1487.841321692176
2025-10-15 18:00:00,1779.1280625512536,30.55457628332002,22.475672996674362,2688.3838085285342
2025-10-15 19:00:00,827.214327350966,14.789818895076294,17.783285118556318,2632.411141429925
2025-10-15 20:00:00,753.3553001714589,76.5640716822291,37.580556483432304,2915.8812767323743
2025-10-15 21:00:00,1255.4003805782188,47.42235665620982,22.568864176475742,1490.382836684259
2025-10-15 22:00:00,471.0316093706091,84.06160070173694,11.8403415396312,1924.2429484977442
2025-10-15 23:00:00,1714.934012715383,72.73546890967314,23.323115422177516,2665.2322594290126
2025-10-16 00:00:00,1436.7865245064386,62.6744896458564,7.241392164446653,1587.134734422778
2025-10-16 01:00:00,251.99870393084117,1.4472697995127621,31.43169758634715,2722.9562426557286
2025-10-16 02:00:00,809.8873188343782,39.076287640804246,15.780536391451879,1423.9560927228883
2025-10-16 03:00:00,1594.50112285568,18.576279067030875,12.46898713168799,2003.3562612152182
2025-10-16 04:00:00,1706.0444378953976,82.06101408334924,43.08638483432878,3078.09335689829
2025-10-16 05:00:00,894.5825691247785,16.537974636196065,,2926.0117098004366
2025-10-16 06:00:00,1142.799361658203,26.45934459767641,35.631058119852995,2653.9975019768845
2025-10-16 07:00:00,383.95770835652786,46.998472328370426,28.443766648284072,3127.9626749127124
2025-10-16 08:00:00,1784.9866644328602,24.439362090829054,37.923603662453075,2789.466042761621
2025-10-16 09:00:00,493.8418923518538,19.677956277841783,34.40314917118877,2390.6877209426866
2025-10-16 10:00:00,1702.6440160297136,54.319839934144966,27.346042981879126,
2025-10-16 11:00:00,1204.3993032870264,8.914727525197122,43.28947368147556,2759.197767557571
2025-10-16 12:00:00,1133.1525512940605,6.1769305261623,9.430177786114614,2562.8710713073065
2025-10-16 13:00:00,971.5704687280646,34.129831271560356,42.50870763576904,2158.6281780024856
2025-10-16 14:00:00,492.13867992018976,65.13913645119975,18.66327912795006,3195.066247016006
2025-10-16 15:00:00,400.09765440936405,50.37780148638137,24.24955526966541,1920.989100770485
2025-10-16 16:00:00,474.8265554192981,38.63600569354332,6.400530059949594,1319.3611478428957
2025-10-16 17:00:00,416.94504564523265,51.35188921598783,24.7647273125588,1713.155097107956
2025-10-16 18:00:00,1425.2936050634805,33.52518213414135,27.89309708176051,1529.9867330789543
2025-10-16 19:00:00,695.2129405834412,84.31702385345805,44.898867839575054,1969.8869257634515
2025-10-16 20:00:00,198.33255015777382,5.886535291058915,43.90846608714717,3034.3452226627555
2025-10-16 21:00:00,1747.4744712393792,60.93184163365533,43.52148084246864,2668.2123392665153
2025-10-16 22:00:00,1602.4360044378236,80.3241571696698,16.329074644490525,1654.8592373907964
2025-10-16 23:00:00,1677.178881431862,72.54573907743756,44.615725944781914,
2025-10-17 00:00:00,1791.34329849894,17.37965209910876,21.04103867018488,2358.8617188087455
2025-10-17 01:00:00,395.6219236731284,27.337445059245663,38.48079538552362,2376.7007106484234
2025-10-17 02:00:00,773.6114321345199,64.81726654493232,10.518078636834767,2060.435580059834
2025-10-17 03:00:00,1389.0054086969553,8.500079767088133,23.256659904890505,3115.6943661262494
2025-10-17 04:00:00,1283.2350506914468,73.25569128509999,43.50453222961464,1968.4873380971646
2025-10-17 05:00:00,361.6230407777536,64.98271806982635,42.66938146463081,1497.693497406346
2025-10-17 06:00:00,1486.9163124840502,65.93499178194548,31.084334624142777,1935.7308873410848
2025-10-17 07:00:00,481.5489721223231,9.921481953815634,36.103830192334634,2802.24244716256
2025-10-17 08:00:00,480.4899451984592,64.88068848864455,8.762774650505662,2680.9219622869905
2025-10-17 09:00:00,1012.8565189188031,61.50381314457733,32.752976177302926,1694.8360224625135
2025-10-17 10:00:00,1107.9978892308955,74.9521016831447,28.19423556675638,1534.7470281203782
2025-10-17 11:00:00,1086.146553324279,4.702040106825786,5.028276373054828,2687.818092643667
2025-10-17 12:00:00,255.5276235761833,3.0568494936335053,5.978996289945755,2720.3913548753158
2025-10-17 13:00:00,1591.6834664716466,34.197631889191904,5.771519181055522,2068.9142381421984
2025-10-17 14:00:00,551.5200724008002,14.242157262574606,32.87170513251277,3069.8829054110674
2025-10-17 15:00:00,320.1753661807671,50.69621850374975,7.235469162893187,3354.2309279798255
2025-10-17 16:00:00,1610.8717357772612,82.64405223410066,21.5802199290367,1731.8549692437305
2025-10-17 17:00:00,1724.6075469905807,35.8416959997274,16.70719945862134,2511.8443029826594
2025-10-17 18:00:00,1565.6169493512662,76.20058357726177,25.222182193889584,1311.2272909082722
2025-10-17 19:00:00,1476.1773270322926,1.021437832090116,32.08496543765372,2797.4142316552034
2025-10-17 20:00:00,1213.911367086337,15.997803267867395,31.12779163773861,2169.9924384829674
2025-10-17 21:00:00,1036.4575300355368,3.70769502921362,23.68287630023257,1705.8653764966461
2025-10-17 22:00:00,247.87749184939725,30.205099065841107,21.430734438856962,2879.66603570519
2025-10-17 23:00:00,794.3704622201878,81.82887401698875,18.503886185379383,3002.3624748677694
2025-10-18 00:00:00,733.5704789209337,9.62873900030991,,1533.4496524694682
2025-10-18 01:00:00,541.5814323925546,54.97047013019823,15.55747941439638,1386.0910998598713
2025-10-18 02:00:00,1329.8141932705944,41.18313858163053,12.412096131369774,2001.5647275051463
2025-10-18 03:00:00,942.9887496339104,84.5236709005573,33.70588172083194,2614.5799780981747
2025-10-18 04:00:00,237.7785670430015,11.904203685801352,16.829592314655965,2966.181007096129
2025-10-18 05:00:00,474.31144331467925,19.870478694698377,,2446.731242923961
2025-10-18 06:00:00,1261.539898221313,3.6292352064229014,15.42710362003437,2519.5724302446592
2025-10-18 07:00:00,229.42246113351032,39.62023721719226,31.88557228128188,2979.7022656810714
2025-10-18 08:00:00,1547.0517538829067,25.72712806125423,2.984796276554788,2410.5710858593948
2025-10-18 09:00:00,941.7490959237564,78.42162811623857,17.96476672485408,2583.424429475231
2025-10-18 10:00:00,916.9971814553016,54.8397323746002,16.102127698572264,2384.056413950774
2025-10-18 11:00:00,1107.09323392118,55.65407567983745,36.93386452814063,3148.9622900721783
2025-10-18 12:00:00,1501.9576420727535,48.34005202243592,43.550437742045645,1794.5848990286868
2025-10-18 13:00:00,691.2756534337282,9.174680013398888,21.278776174490304,1854.3865275350697
2025-10-18 14:00:00,1252.6274593504081,,37.29279619476536,1568.719069363834
2025-10-18 15:00:00,1061.7443387928447,89.95596188405797,31.786566842124063,3020.8801781382854
2025-10-18 16:00:00,553.9480592880162,75.33540688529531,43.5649834572025,2164.7323101809507
2025-10-18 17:00:00,1593.6709768037686,80.51785582087332,36.688774631084286,2030.5772758506118
2025-10-18 18:00:00,,74.26714597293845,4.409034902404143,3360.832305883028
2025-10-18 19:00:00,1219.3681189193233,10.170710715357458,32.384395784818395,3246.2870695235497
2025-10-18 20:00:00,1545.9889394602112,21.242894611767166,24.561987478584438,3341.174132461999
2025-10-18 21:00:00,1574.400141631664,1.2778269707204568,1.7231865490223952,1598.827893193255
2025-10-18 22:00:00,1304.2170604155592,28.01240111415192,12.057770183919523,3171.628807611149
2025-10-18 23:00:00,1522.9226582182425,10.666058808837839,41.55723078118329,1990.290158713648
2025-10-19 00:00:00,1285.7014848377821,43.07860773184089,41.74670040261713,1326.5792174449114
2025-10-19 01:00:00,1256.2393119925107,61.26434648307727,36.149420248827916,2121.7265055644443
2025-10-19 02:00:00,1151.6393429658133,78.83097125838886,44.19830254423153,2369.3123415899254
2025-10-19 03:00:00,1379.61828724799,67.68032769308994,36.48798988346501,1527.2628894915513
2025-10-19 04:00:00,369.62867899822527,84.53411802428697,1.4489842405507884,2429.1229954359383
2025-10-19 05:00:00,1597.4802906381783,5.796947845047203,13.66471097326652,3020.8735267711363
2025-10-19 06:00:00,1582.1339971668945,2.084005352072188,2.347464018461566,2093.066996762307
2025-10-19 07:00:00,149.72038115875054,59.859092131422926,5.1407506244526155,2040.5540937220346
2025-10-19 08:00:00,1503.8884759600965,26.752364509779913,10.628995945834147,2011.5018824844226
2025-10-19 09:00:00,319.07877470485687,23.56159043341381,23.15657603832299,3238.498336355753
2025-10-19 10:00:00,669.7020522405412,,38.29140815232878,1402.3920074594182
2025-10-19 11:00:00,1363.9640356957332,25.01184915242041,38.92653727091275,2234.659898185206
2025-10-19 12:00:00,373.29182328212397,46.51784016084127,28.112881776521046,1855.6588537144053
2025-10-19 13:00:00,1490.5439410024057,40.17321180294779,41.839741318914335,3176.994753313738
2025-10-19 14:00:00,1514.6281025281612,46.60614107252241,23.002742369969155,1501.7097535259882
2025-10-19 15:00:00,962.6951473934215,60.87151142353882,40.11758594186087,2164.029810028863
2025-10-19 16:00:00,110.85598191861709,35.4546152984322,20.978871278608533,2154.3139192652798
2025-10-19 17:00:00,587.9648263973518,23.366384155651954,13.19790032656282,3165.6282768487476
2025-10-19 18:00:00,1148.7757612387618,15.791847775978347,41.32216839641882,1752.5362345860358
2025-10-19 19:00:00,1768.01650264662,32.10319663840367,18.06914332987025,2654.280361633383
2025-10-19 20:00:00,1174.0829959283362,67.02077629690932,23.14978078915631,1582.252866464357
2025-10-19 21:00:00,541.6660878090717,68.3467369999208,15.469867831349797,3303.34899956914
2025-10-19 22:00:00,1177.8096952693393,60.354579414894715,30.16485441279211,
2025-10-19 23:00:00,1017.9751455169543,21.828507602311838,44.781373900265564,2615.1391336734077
2025-10-20 00:00:00,1425.737171756944,53.339675881068096,2.1225961500498642,2210.924143486992
2025-10-20 01:00:00,281.86708600582926,51.79137988033947,40.593312264312466,2018.7936965992767
2025-10-20 02:00:00,1393.7474342534476,44.099691631765566,1.1727465075276777,1746.6205019392403
2025-10-20 03:00:00,1020.1531837493875,49.94812978816392,17.026026770433287,2568.3742830477436
2025-10-20 04:00:00,1737.086406560291,44.76936630350646,8.41869947673863,3304.5796652312997
2025-10-20 05:00:00,681.1826822657664,51.32561658059563,34.32303834959226,2055.5610035940463
2025-10-20 06:00:00,1175.4572183277119,64.68002996128047,3.226876993315633,3154.629466190314
2025-10-20 07:00:00,1684.4477793670296,10.756909301906136,25.35333795771043,1612.4302569792244
2025-10-20 08:00:00,274.2665375841548,67.71669194126311,13.976749889193755,3265.8646438517817
2025-10-20 09:00:00,1693.2884283019669,13.093867361355883,6.881490950046894,2036.021196185961
2025-10-20 10:00:00,1269.4057279113827,6.929891858523348,34.96000133251619,2097.4271443460257
2025-10-20 11:00:00,215.32300047879224,87.87109207371061,10.566340707231294,2271.968739772089
2025-10-20 12:00:00,611.6380638095876,86.17226742946929,10.841709330417311,2808.3129668900656
2025-10-20 13:00:00,1303.8925506969788,6.3788524997102005,13.103378546068612,2811.272210746974
2025-10-20 14:00:00,214.4960224969119,40.449556291271634,26.817737608433205,2307.136027911297
2025-10-20 15:00:00,1089.6897822996646,17.57579950867995,30.025300994392925,2398.6210885592654
2025-10-20 16:00:00,688.0011968200265,44.19569584496321,1.7745110428591784,1363.0220243256965
2025-10-20 17:00:00,1155.556380204711,74.88577462696328,11.642263989006773,1939.023073272484
2025-10-20 18:00:00,177.76145748127186,85.60444795211724,19.962717070232443,2026.6358558842799
2025-10-20 19:00:00,1581.6125704590397,57.44848615718683,15.606985895094258,2473.327264324095
2025-10-20 20:00:00,1754.9312476015748,32.497604381851716,39.90350897447899,2472.4295114797396
2025-10-20 21:00:00,1747.0923539856756,54.69597534236926,35.65918415900243,2790.7895752285335
2025-10-20 22:00:00,1374.408113962972,28.76811624365208,28.53916948370841,2805.7573220579698
2025-10-20 23:00:00,,81.97430403405338,15.87386630386975,1793.9425208453742
2025-10-21 00:00:00,1389.0474330793384,78.46564121641948,,2917.393017320132
2025-10-21 01:00:00,141.79775797996257,50.68262577488983,,1341.1674928971922
2025-10-21 02:00:00,137.61003759929534,29.90710346885209,,
2025-10-21 03:00:00,650.1373725542201,27.111681126885074,,1514.3283173907885
2025-10-21 04:00:00,930.6934236879317,3.9742015287502923,,2832.26123768456
2025-10-21 05:00:00,1409.6926102732484,73.60805574125128,,2406.9479901936493
2025-10-21 06:00:00,,,,2218.2344514344936
2025-10-21 07:00:00,858.0346008404722,29.936830627623532,,2750.399418499001
2025-10-21 08:00:00,565.165332678832,42.9288215948001,,1376.3787508691887
2025-10-21 09:00:00,1795.1116502681089,73.86768115046402,,1769.2876839187145
2025-10-21 10:00:00,824.508213801154,12.090664485969386,,
2025-10-21 11:00:00,867.3579413604483,77.33138295352263,,3079.1523539247178
2025-10-21 12:00:00,378.16049602583763,80.87828632464351,,2100.326037584746
2025-10-21 13:00:00,1451.17623287488,85.25700443801605,,1843.3990925304697
2025-10-21 14:00:00,1279.2597838285308,36.37643132561387,,2389.346515156888
2025-10-21 15:00:00,475.3083417408927,20.325495959352796,,2606.8620300123666
2025-10-21 16:00:00,240.0477775469326,34.254032843536166,,2182.2163659520675
2025-10-21 17:00:00,1256.8488135270122,30.629176564594893,,3141.0924335854857
2025-10-21 18:00:00,1212.66906427793,16.677698212754542,,2399.221288606028
2025-10-21 19:00:00,564.5411958969559,55.046733639032425,42.135443734773254,1375.2295338982285
2025-10-21 20:00:00,1716.4680558256975,43.419550285267974,44.52048863973006,1768.413304883
2025-10-21 21:00:00,356.7984160275304,78.04738831683632,20.068658837136567,2246.3587649274104
2025-10-21 22:00:00,834.9691617724233,3.8577526629031844,27.172312728045934,2765.22358993556
2025-10-21 23:00:00,1704.147064284918,58.30424555240624,35.198054880072945,1761.4797119644365
2025-10-22 00:00:00,813.5364387744079,,33.401150762201965,3350.1406234065844
2025-10-22 01:00:00,1185.4941110289453,68.59430465775932,43.58263644507176,1968.9723421949752
2025-10-22 02:00:00,775.9104765367503,79.86058307150174,6.054856007466713,2418.2084344072355
2025-10-22 03:00:00,566.165843992739,65.88400311182497,26.551894110283452,1339.8294079351865
2025-10-22 04:00:00,1772.762001531708,83.57509548664497,31.444982465616054,3158.2705150046895
2025-10-22 05:00:00,795.8678107355731,30.60643738405934,40.164330664257484,2956.5527724028852
2025-10-22 06:00:00,1619.9686462545285,45.78563809088733,39.46082361959863,1710.4618090207446
2025-10-22 07:00:00,490.9228300148465,2.25309003217727,44.031990916696756,3259.7970516036703
2025-10-22 08:00:00,462.27799684264164,1.619225269992918,23.531451973257877,1963.2635039745496
2025-10-22 09:00:00,152.9279409036693,22.37126922018527,37.55347813978197,2753.591205598246
2025-10-22 10:00:00,1207.8336031390045,9.971840545378589,19.800395157602416,3019.8502678348596
2025-10-22 11:00:00,726.4947843303939,24.158811746282073,19.58181062566542,2855.92036859808
2025-10-22 12:00:00,1569.409024727383,16.75685321302737,12.147328036805797,
2025-10-22 13:00:00,904.4568413756472,3.5382822106396934,37.00244062884611,3114.976996715488
2025-10-22 14:00:00,1745.928827455027,81.9280690301384,44.375864655794686,3388.684179592381
2025-10-22 15:00:00,415.39337669530596,1.7318586936113456,12.279036047279346,1683.4839664099056
2025-10-22 16:00:00,1576.6593855245383,66.5113108460006,3.469789872927182,1939.9997825760702
2025-10-22 17:00:00,1420.214649745961,14.541161935836971,36.883867246436324,2636.074321606423
2025-10-22 18:00:00,1410.5671358948885,82.1884363579644,28.29012231152927,2839.3990903723256
2025-10-22 19:00:00,1536.131487798709,80.45883862349983,43.22674722424419,2422.6706145669896
2025-10-22 20:00:00,1393.740784603098,59.197202026863906,12.098525639385898,1455.2495662618912
2025-10-22 21:00:00,1164.5745467734062,60.82883933225386,4.125216952056368,3067.3499762808024
2025-10-22 22:00:00,323.11629206005887,1.4751836353022805,22.66745947812607,3317.836147644671
2025-10-22 23:00:00,155.29450513512825,88.65356938411058,4.76050501046649,2151.585372035429
2025-10-23 00:00:00,1665.4413412866677,79.12710171824747,12.518760048519127,1772.1062115675768
2025-10-23 01:00:00,1148.3055346852548,80.6644540899782,6.543025876043405,1340.5588854203838
2025-10-23 02:00:00,1454.1133946594998,59.6727637975276,10.861815905043462,1798.327975796529
2025-10-23 03:00:00,918.5879975713351,31.68603665025375,5.670364724141241,2769.8294271606865
2025-10-23 04:00:00,299.4239212360706,80.53472976905279,,3214.337714112734
2025-10-23 05:00:00,312.8158467443358,26.94500660545612,13.25675939178836,1496.3774395067082
2025-10-23 06:00:00,1265.4609882892514,51.081327357456054,20.53149378367288,2461.844293040053
2025-10-23 07:00:00,831.5200213290866,9.876056538605534,40.538919535905784,2760.615621874848
2025-10-23 08:00:00,440.8920353905724,83.05405108181476,30.80214987030487,1880.399724323164
2025-10-23 09:00:00,935.7107294604427,13.528570741637987,28.19364914471807,2496.783782257634
2025-10-23 10:00:00,209.15519302772793,21.015815710006247,32.04478037587683,2802.0216946121227
2025-10-23 11:00:00,1089.351383254478,50.67394007341113,37.4681793126368,3059.2104105842914
2025-10-23 12:00:00,557.288787539666,69.00427701895536,39.61744778547748,2250.2496867219597
2025-10-23 13:00:00,1455.8504710832199,56.12226622833061,29.276145509261166,2870.5001597298174
2025-10-23 14:00:00,627.6153301700754,21.659918239213898,40.16032008653854,1933.7442406536843
2025-10-23 15:00:00,873.874253439062,1.0839307849466397,24.557491206720982,1747.398168221533
2025-10-23 16:00:00,119.75491784377108,68.38640164736209,13.20079767581063,1693.3588667904016
2025-10-23 17:00:00,223.1597092507501,88.68345200608734,39.72337519088915,2053.6327368340253
2025-10-23 18:00:00,,73.08226770724205,24.824804406175833,1375.347331756583
2025-10-23 19:00:00,915.89601901911,41.958389015938764,40.87005385295831,1894.2828590970244
2025-10-23 20:00:00,1120.0349318028163,81.43528626452049,2.7673838138255737,2669.6679313307795
2025-10-23 21:00:00,595.8263838058156,37.476442907533155,18.490693067814362,2660.629999036287
2025-10-23 22:00:00,1281.4692064151222,47.719133497668615,42.7034208079486,1454.4629936321317
2025-10-23 23:00:00,1562.2080752216477,43.46454929821581,11.98460408136532,1903.5727958693024
2025-10-24 00:00:00,1425.7466811186946,40.838524667231724,42.427594825693674,2496.0710958236355
2025-10-24 01:00:00,167.35200309220716,69.99197846715761,42.971708289686994,1968.9594887565158
2025-10-24 02:00:00,916.8618103383092,47.88243274698479,39.81426182593788,2177.7748507966344
2025-10-24 03:00:00,278.38130331089724,29.18782386024423,25.801393984105143,2796.9025899431044
2025-10-24 04:00:00,511.4765269662967,23.97607692160457,29.465335759548093,
2025-10-24 05:00:00,1777.3264085541489,4.359511210101571,39.263147931794244,1880.426442585704
2025-10-24 06:00:00,342.2424229325725,52.90436940759109,35.139471625124116,1598.9817119485351
2025-10-24 07:00:00,948.1098608673053,21.466565970692045,28.72412937603811,
2025-10-24 08:00:00,1150.8647483408024,14.183919059458095,44.219413946310915,3313.984454539219
2025-10-24 09:00:00,1294.1904499249767,59.19086678066331,31.169771998682542,2090.7766962810774
2025-10-24 10:00:00,1051.402761927754,61.62762394611784,43.92120766770149,2406.8860283102435
2025-10-24 11:00:00,116.61044061261222,67.94178541093227,3.5250928827119923,2841.025962846228
2025-10-24 12:00:00,654.9842240147863,45.81834377413464,7.114256312657348,1399.6396972061054
2025-10-24 13:00:00,980.1097937540094,80.5708598631459,20.864189224021587,1806.1475409711666
2025-10-24 14:00:00,249.3730485462167,84.33450505244228,17.934696278909865,3047.510353421796
2025-10-24 15:00:00,696.0657830556073,72.85601364153156,35.44033301970922,3110.18028767355
2025-10-24 16:00:00,156.44528494532315,57.567819898728665,8.067017164644966,2083.1969333456846
2025-10-24 17:00:00,,28.031164869615793,43.9481878809055,2087.2093592687133
2025-10-24 18:00:00,774.7695695427133,88.48209802419969,,2889.4834419286517
2025-10-24 19:00:00,325.6167818732026,25.398118880082514,19.872643140567014,1919.6474761747254
2025-10-24 20:00:00,1064.819442044649,19.036466057148363,13.088781427361008,1545.897570393996
2025-10-24 21:00:00,1272.0904475333518,40.351716127005865,26.49199916236808,1840.8244455052252
2025-10-24 22:00:00,1460.997388485441,6.058810793402573,3.5796628185936936,2113.423936435127
2025-10-24 23:00:00,440.25541521617714,88.08600735578938,7.585810245099747,1409.6298901497064
2025-10-25 00:00:00,384.7203898404186,53.37058652106181,,2305.228533820367
2025-10-25 01:00:00,277.7653285684804,50.5687361581116,9.206025669811371,2854.0157768228346
2025-10-25 02:00:00,1181.9314242241824,59.36586891107507,11.362635868493165,2378.8648034089692
2025-10-25 03:00:00,1301.008735027732,45.235104652171394,35.89121837189286,1450.9802150804646
2025-10-25 04:00:00,153.69644620359145,3.8536530214142006,5.105251847719158,2224.314225826513
2025-10-25 05:00:00,1691.5608186142726,55.49570470679531,20.248848201917,2788.699676889949
2025-10-25 06:00:00,188.3511822075031,64.73947504912232,2.0147890278779874,1422.0029733793988
2025-10-25 07:00:00,1020.2037700118198,38.09066639554073,16.25952556998777,1425.6790984264658
2025-10-25 08:00:00,1305.402883066558,68.39930591433617,31.755181714873196,2078.2629466800636
2025-10-25 09:00:00,,21.203115641119435,4.964544307558046,1709.4243246597891
2025-10-25 10:00:00,1313.9477846251273,20.69361660489038,40.08672357826544,3263.0396617476827
2025-10-25 11:00:00,1462.9377412186461,15.366111904194081,41.017957889391504,2520.8215678534607
2025-10-25 12:00:00,677.0653273227703,34.107533621235405,5.619576505505944,1903.3833387523819
2025-10-25 13:00:00,1485.2026933690709,76.38407114962844,,2780.031131141397
2025-10-25 14:00:00,236.19523885394773,74.68417353126672,14.091300349401513,2087.3510078545905
2025-10-25 15:00:00,1621.1883153028969,35.07135450875184,4.700473529790666,1577.442853195921
2025-10-25 16:00:00,1030.9070394613516,53.43156750224105,1.22295303787954,1798.1876826715188
2025-10-25 17:00:00,1489.4062089362392,65.15265216626749,18.975007413609955,2649.769297364689
2025-10-25 18:00:00,868.9410836811103,22.467402941894044,28.71163937106918,1408.9398225936825
2025-10-25 19:00:00,1194.0820818340924,15.96455664463249,15.615886995745784,1872.6469841009339
2025-10-25 20:00:00,994.8845235913925,87.51654339589568,37.8155640808834,1737.4541030485666
2025-10-25 21:00:00,1343.7021869840642,55.962600875656044,32.530676124862204,1722.3837324207173
2025-10-25 22:00:00,238.77096945200228,88.34599924319609,16.40710740659344,2733.801065149539
2025-10-25 23:00:00,202.59854278395846,31.06028285476839,33.3096253307786,3034.2155251841655
2025-10-26 00:00:00,520.075497817249,63.56982129769771,42.38146042664699,2803.3198769349433
2025-10-26 01:00:00,371.2259561924202,20.811723652170155,5.096223935892752,2656.028413181076
2025-10-26 02:00:00,1582.0320632067428,24.24681524337825,14.468574246935143,3224.5487208175145
2025-10-26 03:00:00,472.66377850867536,46.55928879299653,21.386341321134505,1422.6239988910233
2025-10-26 04:00:00,1758.9709348925232,29.44601317021834,22.911565621209817,1651.7144805501055
2025-10-26 05:00:00,672.7228460108817,15.918319181812016,24.85660837498724,2170.2543969081175
2025-10-26 06:00:00,409.6004566707888,24.396382477050015,14.227583887700536,2082.148451358122
2025-10-26 07:00:00,1442.4874621422146,4.181607107461954,30.35942442322336,2177.908366222347
2025-10-26 08:00:00,1219.8032183514895,63.69370231149631,29.383718155312508,1733.5553005896827
2025-10-26 09:00:00,946.9327179703363,44.798382480641685,26.42414627595101,1613.9569627184796
2025-10-26 10:00:00,1044.118036593973,9.38763291000278,6.005515755278571,2369.305819661649
2025-10-26 11:00:00,1322.6430230628484,16.280765388435718,21.986587208221557,3248.9103005444667
2025-10-26 12:00:00,488.37306026320783,10.125573892025317,16.673983049532524,2123.135870934826
2025-10-26 13:00:00,1793.7676572964613,55.520759936553006,22.605692672877396,1391.041749651009
2025-10-26 14:00:00,1757.1483756495313,9.384722361511947,41.562123162661145,2782.9514200680014
2025-10-26 15:00:00,1205.5536667897927,68.13112764013422,22.143379098969966,1911.3203016070674
2025-10-26 16:00:00,439.22216657954675,2.8254718195148145,1.615154840938521,1814.6995153402734
2025-10-26 17:00:00,1256.3880121331952,23.194445131634396,20.30881647570176,1980.9418014657203
2025-10-26 18:00:00,222.7372952645989,,37.10851992217281,2820.01260020654
2025-10-26 19:00:00,152.1092537498703,64.9492873128799,35.3226806215994,3019.5207124276385
2025-10-26 20:00:00,538.0609104690632,7.4941816303862065,23.589163235239965,2534.917741411824
2025-10-26 21:00:00,886.4590264568377,74.080223299181,11.989836565809874,1977.2053828110584
2025-10-26 22:00:00,1576.063259194247,44.88012581707822,21.463901168239985,1952.0042895462843
2025-10-26 23:00:00,1336.1874186027237,76.3636894180258,25.802897654400432,1561.0475348014725
2025-10-27 00:00:00,1362.6010860399679,54.46583992608501,44.99434328406189,3259.9322012939083
2025-10-27 01:00:00,823.3386685617281,61.68313985092443,29.343835967452602,2640.0927378345214
2025-10-27 02:00:00,688.089487329837,89.42163887521802,31.547656922754992,1356.6467016973145
2025-10-27 03:00:00,730.7658970738246,21.677863587237617,22.623982316994287,2690.9708998920296
2025-10-27 04:00:00,1779.0042583512984,56.53115615376356,16.597540234431314,2239.022190806367
2025-10-27 05:00:00,168.18562540122022,41.96860371510846,36.76993128047707,3342.371722398531
2025-10-27 06:00:00,1573.9535434081627,4.511223810119538,22.77702227092639,3020.0445320934546
2025-10-27 07:00:00,1083.7481945730688,2.287887093754988,44.766365718439104,1659.763083048876
2025-10-27 08:00:00,845.6462126223038,11.611343425789421,21.11330526779394,2812.2333496372194
2025-10-27 09:00:00,1332.938022705732,58.76916490793079,3.9920124804934045,2319.688608054053
2025-10-27 10:00:00,927.3372004219948,51.47751482429191,31.03343803196364,1692.7948437068492
2025-10-27 11:00:00,1584.8195047388228,50.25523094357174,3.052223840735687,2767.3538053928933
2025-10-27 12:00:00,1631.1931688191394,3.8352518650151475,12.022070262926945,2449.513915257915
2025-10-27 13:00:00,816.9255756848742,42.76796667604063,16.564483122315746,1363.785145420298
2025-10-27 14:00:00,570.6072552995877,83.29143078798504,33.537277767338416,2657.8346961105344
2025-10-27 15:00:00,1106.9955586087158,36.385676368647545,22.746380761934965,2633.4728887111255
2025-10-27 16:00:00,1651.0176875483746,56.61809981117261,2.260420977651291,
2025-10-27 17:00:00,458.1257213096332,70.40386213045977,28.141393456140577,2032.874226693055
2025-10-27 18:00:00,1159.0431920579208,70.76934984362799,19.103194446773145,2530.387838577184
2025-10-27 19:00:00,1173.6523741572848,47.21592733317915,41.56071843855271,1591.4443296241327
2025-10-27 20:00:00,1346.2921381059778,77.35772314080793,22.98074169017036,3090.7190934529885
2025-10-27 21:00:00,323.6650647163417,35.83265030937348,32.19490642133091,1357.720697204178
2025-10-27 22:00:00,1316.9024399595505,80.09369611584705,10.630213662500061,1515.9585714356454
2025-10-27 23:00:00,1645.3552851315897,22.380217809203533,34.48283683939274,1543.8245316952566
2025-10-28 00:00:00,405.46128507941137,25.939260222160822,32.722033661281586,2409.024964547616
2025-10-28 01:00:00,503.823652370592,5.727735553711097,40.77959517581756,2602.239425554113
2025-10-28 02:00:00,1751.3716598707874,71.80678345226318,2.4881522356447654,2147.8556726531215
2025-10-28 03:00:00,407.66081960613263,38.117916024710794,20.69003069516785,1906.200338103149
2025-10-28 04:00:00,1552.4546587282846,,30.882837720543726,2999.5664888136707
2025-10-28 05:00:00,936.8723559616592,21.62933470787559,5.187211603529461,1443.4005658254823
2025-10-28 06:00:00,520.292826485401,81.22459476940175,19.066578954552146,1888.6129083788626
2025-10-28 07:00:00,1580.2748321632694,75.21857744103228,42.454450534912596,1382.1427154883386
2025-10-28 08:00:00,857.0189335045313,50.26424879678932,20.181117599209642,1329.1692834291628
2025-10-28 09:00:00,975.1895016804733,55.83386123699918,44.35781047314778,2042.0977625576224
2025-10-28 10:00:00,710.6967279796016,43.2149757789759,3.5009186875120633,1709.1296911343572
2025-10-28 11:00:00,1108.0164474393766,35.858322316213986,32.584510150199215,1863.5682951603171
2025-10-28 12:00:00,377.9905833945387,82.4774424284315,26.564714394923858,3023.9890306554335
2025-10-28 13:00:00,764.8386123079932,12.179530613306884,23.023745793813518,1642.258202123365
2025-10-28 14:00:00,1748.0009479699888,38.241764284744285,43.71728566534041,2938.490071018782
2025-10-28 15:00:00,538.8268355919168,31.666009810920904,6.7046176216096605,2717.6063086073636
2025-10-28 16:00:00,1216.4523297201968,45.3354141023522,40.42395387396019,1985.5356027957487
2025-10-28 17:00:00,652.8231091819813,41.72923683452058,31.414578090010853,2447.7679048702043
2025-10-28 18:00:00,1414.904313667221,47.18116831694625,12.395827225183838,2233.3147805265316
2025-10-28 19:00:00,322.4852232211947,13.452788973202473,40.67344240782091,1569.6301625450974
2025-10-28 20:00:00,1748.695776633526,46.66959363468166,19.888976385884582,3205.0891756417686
2025-10-28 21:00:00,871.4422203521867,22.575274435961767,36.826002435215116,2496.1977319300963
2025-10-28 22:00:00,501.2857876889887,17.40549005994902,18.1088067500856,
2025-10-28 23:00:00,224.94447046102152,6.770245471971019,38.4409564070626,3030.0356748079093
2025-10-29 00:00:00,388.58843864881925,68.87607772929654,29.01168121158214,1467.5294431497887
2025-10-29 01:00:00,983.61571254523,39.04233095623384,7.206051877683995,1735.26839863875
2025-10-29 02:00:00,672.9053999331867,56.77128781474649,29.58517919265921,1605.0483401871447
2025-10-29 03:00:00,1509.101722000436,65.75580755412216,9.419169558882395,3044.6370188525293
2025-10-29 04:00:00,832.5087902250701,61.45918321290626,19.124595627343158,
2025-10-29 05:00:00,522.8142633989708,42.87456399898172,8.493005707089484,2408.7401705975685
2025-10-29 06:00:00,1149.1464772268512,35.52296907670395,1.9687090893532178,1518.7739522668146
2025-10-29 07:00:00,1301.5212687052579,34.46043195801907,10.32300773579813,1584.794898940334
2025-10-29 08:00:00,383.97124343161477,57.96434292677502,24.600369043861534,3008.4525061203612
2025-10-29 09:00:00,384.95266769014,45.03669758982673,22.188682582203224,3251.2992867115936
2025-10-29 10:00:00,162.34142578702307,76.57277007097744,,1718.898938732379
2025-10-29 11:00:00,1351.8834256115888,78.84847660507738,11.898222651650457,1323.3889105915634
2025-10-29 12:00:00,1228.4676969570687,16.17987364258014,31.147092827024192,1995.0011008166337
2025-10-29 13:00:00,906.8724887746836,13.124794987569583,31.987584620095213,1364.048718260551
2025-10-29 14:00:00,1535.0897632476351,57.10568241720396,16.750584324625287,3038.7473237638796
2025-10-29 15:00:00,1469.6392600150905,27.80909157754287,39.77148389286367,2332.1757401751283
2025-10-29 16:00:00,1095.1024194744787,2.6527939700937986,29.337021531964105,2647.907635402342
2025-10-29 17:00:00,1576.0611768725396,80.08919757330301,32.3737281113798,2164.1182398867386
2025-10-29 18:00:00,449.930057062506,21.194168284698936,13.202956389313334,2025.565848726212
2025-10-29 19:00:00,290.2633529761374,83.705978000037,1.0269119468458299,1766.6208674597783
2025-10-29 20:00:00,558.5743395788824,64.85166612816457,39.07652693249282,2918.118348780106
2025-10-29 21:00:00,197.04765535183526,68.8761606021221,37.18667292151157,2760.6499272726114
2025-10-29 22:00:00,1002.9881976017545,18.930073125591278,6.420443073884529,2057.530867441781
2025-10-29 23:00:00,1692.2296769014345,21.84330387989635,17.460625938077484,1974.343882028284
2025-10-30 00:00:00,166.8840191364664,,30.098929569097635,1302.610045162226
2025-10-30 01:00:00,307.58685381704555,16.316886885837732,29.69287771762404,1433.459473095492
2025-10-30 02:00:00,868.73834808184,28.183420648789873,38.85541473157649,2608.836602274533
2025-10-30 03:00:00,1687.5875297974383,29.6101605373546,7.171799111958856,2380.6753514944694
2025-10-30 04:00:00,637.4653784604759,15.207064059496004,19.91734890254523,2213.0867294185473
2025-10-30 05:00:00,962.2991747702671,19.261272172169306,5.27787438876269,3037.754705683483
2025-10-30 06:00:00,170.67386038566656,71.18111393873484,18.142190931299638,2358.186229245978
2025-10-30 07:00:00,352.18344163555105,15.880431054706886,1.6647276058589928,2107.4365209553716
2025-10-30 08:00:00,1777.2712090300397,3.5327078741091014,40.52401486484558,1638.6383298024684
2025-10-30 09:00:00,1740.7017839412774,57.01258989397552,24.18993586046197,3023.4448172507
2025-10-30 10:00:00,108.39796758849634,87.86249762592804,38.39129947530356,2510.121325254494
2025-10-30 11:00:00,1718.0800352195063,30.478029501457804,3.6358068441480054,1494.1659284377904
2025-10-30 12:00:00,1186.5038942863507,11.560357584466454,11.008156860808509,2662.6866357938593
2025-10-30 13:00:00,1575.4611006840375,51.76447195771024,12.412719789731947,2192.648565525661
2025-10-30 14:00:00,,81.66552478751251,18.014425764106676,3003.9110695347913
2025-10-30 15:00:00,976.5132485847254,70.78149840473462,36.326120385492025,3229.720653691592
2025-10-30 16:00:00,931.0391864367643,56.403912288731725,18.008546444185676,2560.9782076701167
2025-10-30 17:00:00,1233.6692378283774,29.040028198076346,10.004755304438387,2836.3869205580695
2025-10-30 18:00:00,337.40713308573197,49.227335421583575,3.8595714549058107,1418.840779964548
2025-10-30 19:00:00,150.95510278355252,9.120790876078727,4.497636927518249,2476.5364555024303
2025-10-30 20:00:00,623.4809007050245,,34.442077062283005,2886.2139545464956
2025-10-30 21:00:00,1297.9572966522994,65.53354568189093,20.571331605611853,2343.2005139040175
2025-10-30 22:00:00,443.1508686090122,86.88781443898277,32.951969368000675,2546.455187959108
2025-10-30 23:00:00,1244.8351366523593,24.175364928311375,31.02063335760269,3187.791189720193
2025-10-31 00:00:00,1748.8504783823598,2.642621294829015,6.955948317451343,1716.009101265519
2025-10-31 01:00:00,259.63121684201127,49.5591533340164,7.287069104459757,1506.317665859015
2025-10-31 02:00:00,1243.4236009827146,63.90435489131649,34.235048679101894,2750.351587592952
2025-10-31 03:00:00,854.375372817771,71.34626535358593,32.73580491335836,3027.9827015971323
2025-10-31 04:00:00,1575.8418324417592,18.242765039208145,17.633353742469655,3086.0293960233835
2025-10-31 05:00:00,401.15464206055606,24.296005344295107,4.4065795866449635,
2025-10-31 06:00:00,1277.4641187844798,46.62059234878937,1.5323129547318968,3049.748178158687
2025-10-31 07:00:00,1524.7959924017873,30.423472087330165,13.678905776316775,2771.3948320189093
2025-10-31 08:00:00,1705.8441731058394,77.58552230628261,1.4057800378379852,1483.4915234042605
2025-10-31 09:00:00,1261.521648092398,43.164653682746106,11.12319532856295,2900.2913665584747
2025-10-31 10:00:00,945.1970988143264,,19.458032569298897,1676.6553480556922
2025-10-31 11:00:00,1150.3403083420635,52.675158682929485,6.342293673725985,1796.879619441043
2025-10-31 12:00:00,1577.138473613821,69.80502260392296,5.588221344588035,2128.766316697196
2025-10-31 13:00:00,1070.0365692860105,30.607895801198822,40.44324717162441,1960.5908392853075
2025-10-31 14:00:00,151.65800148462267,74.99607935179769,26.760681277007127,1975.4686504361152
2025-10-31 15:00:00,1682.6127823618622,25.43693608404092,42.11605021756238,1655.4450008284962
2025-10-31 16:00:00,1272.195476753654,49.60279391229288,16.216351206569886,1917.1291989300432
2025-10-31 17:00:00,1250.072755821319,20.046633072474805,30.79437724248318,1341.2914389493517
2025-10-31 18:00:00,466.6477590761192,43.321860424731206,10.006433683358777,2293.1129880454846
2025-10-31 19:00:00,1220.1052993955172,29.31759364627458,28.206973960317413,2914.041013416594
2025-10-31 20:00:00,769.5694896120694,24.736605326712066,6.701772120439314,3110.7194753721633
2025-10-31 21:00:00,1207.0960609705364,87.06166660449534,1.0915481237565734,3022.8999738148204
2025-10-31 22:00:00,281.2081515235842,15.246595388319026,41.987399262021476,2174.5612098897377
2025-10-31 23:00:00,1218.3370178251612,,25.41535255170921,2833.895610444098
2025-11-01 00:00:00,1799.0033338101332,88.59068139400613,41.785389162409736,1904.5706255999462
2025-11-01 01:00:00,181.96046606294524,2.7712320528669268,15.68858704289117,1416.6811927069978
2025-11-01 02:00:00,1761.1961131762394,63.21343984974646,15.422587043117298,2719.5402033216596
2025-11-01 03:00:00,791.74353322888,23.509150694509554,18.628820078013394,2662.4719459464527
2025-11-01 04:00:00,1580.2808655733406,4.603416365219095,32.06580329415941,2983.4217304720387
2025-11-01 05:00:00,1430.0553228990648,36.85717252714014,25.895579904191667,2593.8230340760474
2025-11-01 06:00:00,1063.9276436773353,84.23438510520788,41.71561591236119,1629.4724124452246
2025-11-01 07:00:00,1355.363655727255,2.047093398662794,2.1193996498273315,3091.641023305416
2025-11-01 08:00:00,1593.4764542122914,53.32182658175057,32.1606212707916,2617.2308548392716
2025-11-01 09:00:00,787.038546806756,45.624286594983865,,2995.9803679735087
2025-11-01 10:00:00,655.9563746575058,,8.930280680012292,2925.6249527896857
2025-11-01 11:00:00,1234.908755458094,8.476152592335684,23.457407390884356,1925.5154231726856
2025-11-01 12:00:00,1473.3381013001397,61.65581665991188,23.222806503919823,1456.56124718931
2025-11-01 13:00:00,1395.8847291202467,61.52976316056168,7.02848526229085,1670.6592590881282
2025-11-01 14:00:00,1456.2832030596787,60.54812150074321,9.883426469847153,1495.0109020578266
2025-11-01 15:00:00,840.4916351819861,84.8677700492183,,1811.1661073682865
2025-11-01 16:00:00,1490.3181674975367,,18.987702145261874,2265.017773354585
2025-11-01 17:00:00,304.35539413003437,4.735572635672035,14.972558143266127,3204.3022704606938
2025-11-01 18:00:00,1025.6314665334444,42.926373712701675,7.535986666439161,3131.239387433333
2025-11-01 19:00:00,109.78972284680667,36.41782200191868,1.192441880443099,2809.059611701029
2025-11-01 20:00:00,651.7959108304595,28.603102677081385,43.690342746832904,1350.6359550504346
2025-11-01 21:00:00,722.9846092813764,41.16896853871466,42.51396610697279,2016.9173227731624
2025-11-01 22:00:00,773.4935757357341,35.19328245841199,22.280616683749948,2732.9316956174916
2025-11-01 23:00:00,1282.2942513727658,39.477717089201214,44.78227714410025,
2025-11-02 00:00:00,760.5487721595878,88.15430603916919,30.640790554418704,2982.284485033408
2025-11-02 01:00:00,862.7791584583022,8.888334752712687,4.029731654731828,3220.604727973947
2025-11-02 02:00:00,503.8250224863567,83.07854741564695,6.179600759635605,2043.6193379394335
2025-11-02 03:00:00,734.5280457698782,43.741067498921375,41.30887713026406,
2025-11-02 04:00:00,486.3583663473575,56.51305984945916,28.72229689458365,1611.228678604298
2025-11-02 05:00:00,224.4330704063542,74.88628402897476,,2750.7145431373565
2025-11-02 06:00:00,1125.8626087483424,33.08120959428374,40.52386458388915,1345.0563658027909
2025-11-02 07:00:00,1235.9617575435277,39.30754981982905,20.709448496424987,1616.620164303312
2025-11-02 08:00:00,1153.1335882163446,37.44714474480554,3.1351418693744937,2790.751037878207
2025-11-02 09:00:00,887.939874460973,34.351061005682624,9.28433535148217,2794.885468040243
2025-11-02 10:00:00,745.6358263046907,83.37210962657365,3.9291656813071443,2646.4416822748717
2025-11-02 11:00:00,1567.667204272103,74.77476031617807,9.304553210734323,2302.4644512068267
2025-11-02 12:00:00,982.4390347315707,10.700999097804873,19.063448764058577,2717.3069914610846
2025-11-02 13:00:00,914.6091919705426,10.622978370461547,6.200659662659358,2924.9816764064553
2025-11-02 14:00:00,143.59151187094068,39.080386821916214,8.336262903435104,3329.6114839771617
2025-11-02 15:00:00,680.1213069644658,9.780506529220006,20.616158411153886,3166.1461662520705
2025-11-02 16:00:00,746.332551935957,56.09928547912965,15.967521817093541,2968.5218253888615
2025-11-02 17:00:00,777.9987275247308,13.788553046294318,21.576957464273804,
2025-11-02 18:00:00,1086.293027686465,47.4912204930453,19.88356922139873,2505.7266454079713
2025-11-02 19:00:00,1007.1243294356934,1.64257528333088,29.357033143114872,1553.278529039024
2025-11-02 20:00:00,1133.4386577488558,29.17707500872556,42.2363401505376,1647.6693684066252
2025-11-02 21:00:00,1400.301544621618,61.26997440686633,5.746030891546669,3022.587077408889
2025-11-02 22:00:00,1482.0757558173589,44.07946568027851,5.367446569604576,2986.957115635163
2025-11-02 23:00:00,1320.8092295850404,88.06598425390995,38.523468887999684,2590.3637445440622
2025-11-03 00:00:00,1724.390283123389,78.79523784989276,23.2814550047082,2221.5642787039224
2025-11-03 01:00:00,130.99539054981477,32.95729933484046,34.72182103701146,1354.6685646295718
2025-11-03 02:00:00,432.8225756620284,5.048302191032439,10.478563758720382,1987.071579309942
2025-11-03 03:00:00,112.8568874628416,76.26074071023667,37.46995321937228,2183.3432808871676
2025-11-03 04:00:00,1200.707014062825,82.09985361800575,41.649251464478624,2320.214200964183
2025-11-03 05:00:00,1626.6519332149778,74.03583801429427,28.961252684045483,3251.5816569785393
2025-11-03 06:00:00,513.9199041797087,12.387544741859072,5.658676944847299,1528.2897395803
2025-11-03 07:00:00,1675.9587261537213,89.81444696269361,40.392971822878906,2389.6205315375178
2025-11-03 08:00:00,202.45456349225344,24.01399571819687,35.86946000428314,2072.636823612387
2025-11-03 09:00:00,1688.5412455693743,65.45423723994493,34.03862216663755,3379.206050353708
2025-11-03 10:00:00,697.7585683073785,81.81510399387922,2.6160403118602846,3109.914434194101
2025-11-03 11:00:00,272.41540836366806,21.97615317543314,36.15435111130673,2221.450293901734
2025-11-03 12:00:00,925.9819906167536,81.83501136625888,7.069844460607708,3399.360779644997
2025-11-03 13:00:00,536.5201651248635,28.543860548343158,10.784991752663089,2379.5328175901423
2025-11-03 14:00:00,584.2839333352688,87.90077679218099,26.393932734247333,1650.9473728419414
2025-11-03 15:00:00,622.3929403746872,26.03214181386224,12.659154008342854,2467.3368528361007
2025-11-03 16:00:00,1465.1440263155278,85.85578840344733,30.09932107772447,1775.0321081876577
2025-11-03 17:00:00,1016.5741703479326,,27.75509969875959,2636.2569641601294
2025-11-03 18:00:00,629.2230885652062,,5.758582312583556,3268.624367256244
2025-11-03 19:00:00,1137.5674316285613,48.35789091149333,29.864641502026277,2951.0170113535596
2025-11-03 20:00:00,1317.456146179429,43.531059863923026,41.65401603229692,1873.643749880016
2025-11-03 21:00:00,563.4608012470073,20.89099396876976,8.088835828176657,1923.4031124286148
2025-11-03 22:00:00,803.0334725930976,63.79802529010779,27.270728921487045,1445.5052264896553
2025-11-03 23:00:00,307.20635867281084,17.98204473872133,16.04207636521454,1900.3224548571825
2025-11-04 00:00:00,407.9538942089565,50.20291984264437,21.222913558038574,1494.5120793234162
2025-11-04 01:00:00,1257.9003517404708,23.53883731058232,13.628007879474676,2348.84231058385
2025-11-04 02:00:00,408.4451910825658,86.05030280054069,16.581747999298592,2787.5288669463407
2025-11-04 03:00:00,992.7777522340023,3.548176251373101,2.2721202237285203,2877.480439148233
2025-11-04 04:00:00,,18.775816929900053,44.18827646835771,1425.011387721176
2025-11-04 05:00:00,281.69076926106453,22.56564396848285,28.491196571200923,2013.9073863002243
2025-11-04 06:00:00,1064.430773369136,37.85203649333566,23.031045981730955,1905.1607097496108
2025-11-04 07:00:00,536.1567322923183,21.712991526434763,17.883475378014374,1519.0306782734026
2025-11-04 08:00:00,1736.9756879038857,44.730069033921886,24.732480588257214,2061.189752957212
2025-11-04 09:00:00,922.0275994238721,78.64943157000997,17.724663943495376,1928.5722291923958
2025-11-04 10:00:00,1470.1873346177688,64.3736445054162,16.835948809721625,2632.448381612481
2025-11-04 11:00:00,1035.3851216656449,52.616616267624885,21.413647835768575,3154.935593840797
2025-11-04 12:00:00,173.80130585319256,8.921282840458488,13.143253481532396,2255.1676138337534
2025-11-04 13:00:00,1176.357338509838,62.76529764664553,,2867.996862810319
2025-11-04 14:00:00,1717.385681751317,15.810871303673647,25.490659519932912,1606.621770932416
2025-11-04 15:00:00,1122.740094248763,70.98669735059111,38.08167919061325,3179.429395152116
2025-11-04 16:00:00,1492.6210610255434,23.255051507403635,7.724439819939262,1620.4489502516938
2025-11-04 17:00:00,1603.1509876922933,38.11733682056018,2.4403109865856205,1703.4124792587177
2025-11-04 18:00:00,487.7356123131852,32.19184800629559,11.85971678677759,1523.5739875341205
2025-11-04 19:00:00,460.47622784398527,77.43443840606226,44.10770831196768,1950.3269531931264
2025-11-04 20:00:00,1138.6676810466859,12.262456825493324,37.46535524470693,2460.0619381026045
2025-11-04 21:00:00,798.748398671398,51.34239453224619,27.21810635525825,3374.7876339532863
2025-11-04 22:00:00,1527.7642148734246,13.643483240432538,41.88695227069798,2966.0728727808423
2025-11-04 23:00:00,1630.039309776619,63.72682941576461,20.592281140838764,2098.915186073162
2025-11-05 00:00:00,700.8163448146208,81.55195337370883,44.26434651330765,2509.276721597498
2025-11-05 01:00:00,502.6799502566195,39.680081194185554,,
2025-11-05 02:00:00,1426.893375914565,44.44021116358285,11.573452978701319,3027.727164619429
2025-11-05 03:00:00,567.1702604318314,83.54063244696584,29.074120850468482,2846.548749381581
2025-11-05 04:00:00,1498.4443414732532,47.36823358979279,17.638774589815856,2495.5113666393945
2025-11-05 05:00:00,820.3550312028968,44.39626098641092,28.560083846955344,2705.284356783279
2025-11-05 06:00:00,1234.8348287954998,52.47129014068307,14.419802805318174,2866.426983022089
2025-11-05 07:00:00,262.4100335189359,62.34144653630272,28.188403300871606,1579.602524180149
2025-11-05 08:00:00,1160.560851950174,10.512620382745792,13.1328354657416,1720.9564687412978
2025-11-05 09:00:00,868.0050538532895,74.07883696899493,3.2427710280311572,2746.0270067057854
2025-11-05 10:00:00,1097.234387398306,39.759947443340074,41.13397968462007,3085.8936801740274
2025-11-05 11:00:00,385.62415316626783,7.439017380876213,39.861028882432336,2159.4507936695127
2025-11-05 12:00:00,1352.6853664051096,70.97025755864097,43.715118567997564,3357.7696771895326
2025-11-05 13:00:00,1566.7550318234885,34.54854748007821,32.52719575374181,1753.750638614083
2025-11-05 14:00:00,468.4576601543186,9.9327070634598,31.039731820353328,2175.0684922912214
2025-11-05 15:00:00,262.7147443842749,57.4063345193493,25.596135083292552,2094.8983912728318
2025-11-05 16:00:00,140.18559627877187,79.33169045559411,,3253.621475525501
2025-11-05 17:00:00,1191.3515507535521,80.01006233784479,9.326353681767882,1899.294886902333
2025-11-05 18:00:00,1132.0598613509273,86.23204925799861,13.736666301591592,2288.6606338886527
2025-11-05 19:00:00,1029.3856016139189,78.22578591923524,40.166879953229355,1693.191063192192
2025-11-05 20:00:00,494.3100633971582,1.1905418217472947,8.610659082535307,2394.659100981132
2025-11-05 21:00:00,764.5401930393749,34.84146381079173,41.60641967746719,3100.5487558735413
2025-11-05 22:00:00,1110.609769816494,73.85028961158977,24.002572254262354,1938.4828699701848
2025-11-05 23:00:00,944.5036600605879,33.59651753386421,32.485063960815175,3002.663351541939
2025-11-06 00:00:00,1779.2353843653084,54.537817067793846,5.850757413944927,3213.7543225688146
2025-11-06 01:00:00,331.94757934644633,54.962208316333346,12.83747614614008,1453.2115684005837
2025-11-06 02:00:00,1281.7457418809095,33.48725205945525,43.174818759982756,2888.491526270427
2025-11-06 03:00:00,787.3419057772966,81.4981795280346,12.71059766490818,1836.2212159160308
2025-11-06 04:00:00,827.939345373545,45.78732273936447,14.046955697210429,1668.188091326921
2025-11-06 05:00:00,1319.9162016188995,42.36579432843757,9.694284933007497,2562.3570232525753
2025-11-06 06:00:00,1277.1414572514284,89.77872336390874,6.679241273500498,2781.7654940802695
2025-11-06 07:00:00,1785.13518929372,44.92153240246288,11.26333622397591,2128.998070043949
2025-11-06 08:00:00,318.2702920720129,16.877444421643716,29.262383245835128,1382.2647848726003
2025-11-06 09:00:00,276.9864039530828,46.663178634845984,21.036180274156795,3208.2795008132657
2025-11-06 10:00:00,1331.37598911886,73.44748946127378,25.365256798867538,2834.5685253797396
2025-11-06 11:00:00,1083.2577589108955,70.14056909394705,,1870.5002940343309
2025-11-06 12:00:00,566.0731331516699,71.18377709465392,36.29312367516761,2343.4140970639537
2025-11-06 13:00:00,235.01292728127723,64.01411677581414,35.50016682551331,1358.3648589308639
2025-11-06 14:00:00,245.6190243139319,,1.949956090277717,2012.4938417924777
2025-11-06 15:00:00,1620.124486929001,77.72548363978059,17.87466415845342,2397.3239947287484
2025-11-06 16:00:00,426.1744520218629,80.51646841848759,4.025906486730504,2386.1695917441252
2025-11-06 17:00:00,649.7316555963853,18.279589999050867,35.85265429425816,1737.1882438179364
2025-11-06 18:00:00,485.31588378587963,12.610551653074058,33.43986605753099,2931.1694689861706
2025-11-06 19:00:00,703.4937199142935,87.82884220443097,40.68747614889887,1927.6105329059512
2025-11-06 20:00:00,218.02053266835873,78.28083276488275,11.401774193937044,2518.8610486737425
2025-11-06 21:00:00,982.4016445440596,80.49801710168526,21.077018857623152,1870.196673629747
2025-11-06 22:00:00,214.94135810676534,,9.1174665952335,2192.8525332722174
2025-11-06 23:00:00,1460.6060632980148,49.21012733900182,17.334337116861256,1735.7807130254835
2025-11-07 00:00:00,497.31053924773613,58.529754563256176,23.978703068942895,2629.31636431728
2025-11-07 01:00:00,1018.020254827668,49.537293839894105,3.3465547528979145,2193.7271562968363
2025-11-07 02:00:00,1596.134448854479,5.557365077939287,32.45429806980495,1333.846339424305
2025-11-07 03:00:00,1206.49152738023,67.34977459639677,24.90490785632731,1359.1464874352089
2025-11-07 04:00:00,1006.02823713727,45.97455096689335,37.474196757269624,2289.3820687899865
2025-11-07 05:00:00,651.3673802961385,58.64610765633045,12.958342052412679,1684.7743205012441
2025-11-07 06:00:00,666.1032521989365,45.73494264282264,40.7461286318472,2528.5883011039587
2025-11-07 07:00:00,1238.1278238369232,44.77120768669858,44.94254713333951,2157.202741721245
2025-11-07 08:00:00,1790.036914075985,16.289230743521248,41.44913128861768,2674.281654633418
2025-11-07 09:00:00,1225.1266227439437,25.805520647562258,35.22726893665878,3300.0298655342986
2025-11-07 10:00:00,1048.2318095290425,15.137889583012065,36.74422732644636,2410.345883070033
2025-11-07 11:00:00,1342.1058674067183,18.414300310655477,26.244746671961803,2953.4950675392092
2025-11-07 12:00:00,890.8495408823209,87.59498685740714,9.366769968154863,2881.386092263468
2025-11-07 13:00:00,202.24198242133485,14.62709667372566,30.789790146499563,3235.7613190801167
2025-11-07 14:00:00,1055.9045869924466,24.965067763163482,32.361132090636985,1749.437521199813
2025-11-07 15:00:00,1727.9629836591464,53.56247953873406,44.356946171787854,3037.386638648376
2025-11-07 16:00:00,398.0150020080214,55.305893285061124,24.817257915278162,3201.5927948598423
2025-11-07 17:00:00,1273.0083143951317,14.703697547200788,12.940236661102482,2124.802259989913
2025-11-07 18:00:00,441.587270720396,71.6408508948839,,1959.014008657833
2025-11-07 19:00:00,1010.9070636042381,70.88305524424142,44.092536065324005,3299.275410324404
2025-11-07 20:00:00,264.34996439942336,22.121275674146307,8.797411963840137,2618.0289264916228
2025-11-07 21:00:00,865.6305916389148,26.69130093811598,15.343908415566517,2099.4206190070836
2025-11-07 22:00:00,1385.4776591219184,84.48092002589523,24.84276196599797,2962.8382139564237
2025-11-07 23:00:00,690.8715912062695,74.48475869217354,8.489443934808213,1939.3951933930016
2025-11-08 00:00:00,1230.3499316282707,63.10393594256462,1.9777081388772877,1670.4559307467102
2025-11-08 01:00:00,1452.2649333425395,8.318756714443447,15.827257387415028,2442.3362351751816
2025-11-08 02:00:00,1676.2022931150696,38.225503200329236,39.07631526604656,2489.0452943122673
2025-11-08 03:00:00,498.891539154271,50.777866614837606,2.9126095702434522,3034.0676127614097
2025-11-08 04:00:00,778.8370568758238,17.679604630556145,19.872878596744368,2259.757445542903
2025-11-08 05:00:00,359.1072226617096,40.89216580763198,34.536834008747626,3010.6317329612175
2025-11-08 06:00:00,1787.2219536692378,54.491303096493404,42.94003426407895,1953.7776266315109
2025-11-08 07:00:00,1675.9016454713021,30.13652453027053,44.36091755619502,2508.273224573363
2025-11-08 08:00:00,1017.9271214769512,70.50408888659337,19.566652746784634,1737.7928356915031
2025-11-08 09:00:00,1531.4566004399162,75.80001276585368,42.816908952681175,2109.4364969248527
2025-11-08 10:00:00,985.6285613624717,29.801242779632297,2.5584348243580046,3100.833365448987
2025-11-08 11:00:00,1160.0956696046915,75.64048674982868,33.820345271936475,1753.5752062150855
2025-11-08 12:00:00,251.51153459722823,10.218314383168337,29.280825523878967,3001.502872088462
2025-11-08 13:00:00,1383.9597148445735,75.5578897774164,11.978961733790701,1894.0304814795531
2025-11-08 14:00:00,317.1129221798992,14.594788418417878,23.32201402990455,1372.4284113268527
2025-11-08 15:00:00,1504.3149714292983,8.380516573365618,6.700364461461807,
2025-11-08 16:00:00,1429.447749039656,58.118010995249996,39.35027464186868,2866.347045173655
2025-11-08 17:00:00,1304.86598616306,,16.74751576400851,1850.3489456545112
2025-11-08 18:00:00,161.4726468920956,81.80226343674211,28.545956700491526,2673.7057437066715
2025-11-08 19:00:00,615.3182051070586,33.32383845208558,7.986156596639539,2768.3176957901896
2025-11-08 20:00:00,547.2913688484329,26.55655144594895,10.071253163773113,2024.7487753128382
2025-11-08 21:00:00,712.2318927015824,45.56540664683365,44.646080315338686,2297.3298731433943
2025-11-08 22:00:00,248.99266949852552,41.57921053341086,34.13580135541849,2147.910889957202
2025-11-08 23:00:00,1692.8282991528067,31.654096113329754,43.32676227005911,3289.4328923445214
2025-11-09 00:00:00,1041.4638092110397,62.742975584151246,14.017451269329943,1971.8926109383335
2025-11-09 01:00:00,619.39132811864,68.60100321833784,8.240766571272097,1684.9783886724176
2025-11-09 02:00:00,774.8685790262819,76.91557324368216,23.13501239306856,2067.744970038714
2025-11-09 03:00:00,860.2443188582206,87.58423781922052,22.765404418003108,
2025-11-09 04:00:00,1121.0103667130493,24.7324010997929,8.697646605351466,2764.461649759077
2025-11-09 05:00:00,976.6550270840462,64.73231994160658,,3240.520362256015
2025-11-09 06:00:00,,36.088982959121324,16.9182115153043,3151.6844182391997
2025-11-09 07:00:00,944.8379209399114,61.26029550364862,9.20007016094276,
2025-11-09 08:00:00,1786.6686251996316,43.36237044108061,15.60726935990469,2255.8428228319526
2025-11-09 09:00:00,1547.4224281666627,89.44580614634592,25.800982783940665,2869.264875185211
2025-11-09 10:00:00,454.46787440747084,65.87229008537675,32.9647210159395,3224.7282892642525
2025-11-09 11:00:00,1682.0118648946577,85.77172573865488,22.20319898652932,2008.046526999473
2025-11-09 12:00:00,297.82287640530933,75.31228990382553,24.126179552448434,2233.327011771691
2025-11-09 13:00:00,1489.6645044350257,81.35818999354002,7.11362118148093,3188.9043679525785
2025-11-09 14:00:00,747.0595989101862,73.48330855210607,41.246400687162215,2052.8161336326875
2025-11-09 15:00:00,1592.5563447566183,41.86516260345611,41.86386471164995,2309.077271002645
2025-11-09 16:00:00,1575.6963731826656,23.40917234787271,31.070769978392164,3199.4586965579656
2025-11-09 17:00:00,1470.073180199956,33.958495615096474,1.775781993097087,2984.710757778681
2025-11-09 18:00:00,1443.0517417220044,2.80102470495559,24.631265499746345,1811.204942520586
2025-11-09 19:00:00,617.9545364666693,47.63539190435538,,1982.06963736506
2025-11-09 20:00:00,237.5627811871287,45.95014422406637,44.76478581015684,2041.213327664612
2025-11-09 21:00:00,785.0663039007745,47.74729136991345,44.82694602857106,3216.7507942052252
2025-11-09 22:00:00,394.99167547706475,87.68877902251369,38.734894354324524,3397.7608479195324
2025-11-09 23:00:00,1281.416851134185,82.1194063074807,3.8085636491489954,2925.409034526424
2025-11-10 00:00:00,688.3695351142354,15.392437271379611,42.94416119426412,2317.085235236364
2025-11-10 01:00:00,1758.5373414618552,33.83054441847414,27.95709487468796,1321.365017941706
2025-11-10 02:00:00,,38.73209997223031,36.2390179010839,2764.7249188557107
2025-11-10 03:00:00,1498.2169581784135,33.087429688796654,18.916485386177555,2117.6584454453478
2025-11-10 04:00:00,325.29194366114234,72.06614076074827,15.06545673432195,2629.2715874800715
2025-11-10 05:00:00,1565.4246198634582,47.639352618215234,21.38274240128755,2574.0573232711004
2025-11-10 06:00:00,1668.6872238727703,51.91688371047463,7.4624785706283845,2309.747318806213
2025-11-10 07:00:00,928.005261992191,76.91820674992537,16.710910105145466,3283.213535225278
2025-11-10 08:00:00,1130.6299941766617,72.72760565396692,38.73516998980426,
2025-11-10 09:00:00,1400.1766615350923,12.766825531006672,2.6698213954787855,2795.478217392435
2025-11-10 10:00:00,397.22566634270135,64.53839798344345,7.638634060282597,2160.6637234290465
2025-11-10 11:00:00,954.3623299878521,39.75381547228116,6.505111024577364,2798.9599460323834
2025-11-10 12:00:00,777.7271472129323,27.22375237256254,18.735323878810036,2717.961259833227
2025-11-10 13:00:00,348.8357866758235,5.451675060294585,44.867423639197916,1321.4998054095904
2025-11-10 14:00:00,724.8085178956035,44.36521087074514,8.627748929300838,
2025-11-10 15:00:00,215.89292595533908,32.63386458448329,7.4012365823674475,1697.0921930579389
2025-11-10 16:00:00,143.88024181412788,23.38466053119967,41.2624521101508,1650.6713411792339
2025-11-10 17:00:00,329.7826915631987,62.82578393412922,39.81022274650249,2829.8010366543785
2025-11-10 18:00:00,1737.2956897015956,69.48419947108725,2.4185762798483954,1803.0578330955616
2025-11-10 19:00:00,1034.200211021529,22.78626719361881,34.07506224788986,2296.9489914733317
2025-11-10 20:00:00,1741.8976739604739,5.400821864461906,29.840490864962902,1818.676890099927
2025-11-10 21:00:00,835.2463931612243,76.53899035030591,34.7805956335192,2518.491029214193
2025-11-10 22:00:00,630.0874262449413,1.8864169671829953,22.758108011020575,2813.204912925933
2025-11-10 23:00:00,960.4411668284149,84.40301195901101,44.62068561172501,1995.2569512661707
2025-11-11 00:00:00,847.1698706759472,56.85816878446083,2.9292688232823805,2566.343781402956
2025-11-11 01:00:00,279.62996324496464,29.644350532917507,11.312349801767452,3032.195026268852
2025-11-11 02:00:00,1189.4047349733505,22.936533952329523,18.448023426839065,1497.8709988454325
2025-11-11 03:00:00,467.26491026631936,1.8015041195382966,20.79022942889094,2792.4082579866695
2025-11-11 04:00:00,1153.2995233263102,21.956956113968065,41.54016571877882,1978.6043833142985
2025-11-11 05:00:00,1205.3418570768608,13.257818835025558,25.64019201939939,1557.564908702383
2025-11-11 06:00:00,358.4422503187018,55.48279364435996,2.984883802897331,2445.8738359901326
2025-11-11 07:00:00,204.29436608813586,15.822557384848317,18.945970390729123,1775.1508704622368
2025-11-11 08:00:00,1427.2946963163477,48.048055540759115,19.325578144239078,3024.8597646052312
2025-11-11 09:00:00,881.6607204078443,53.520361588657906,43.48160129126253,1390.08141001526
2025-11-11 10:00:00,198.87845235930882,27.52571115287539,,1507.1710821688846
2025-11-11 11:00:00,1791.2727391886042,4.120780462665965,28.968647130993308,2394.0918645702154
2025-11-11 12:00:00,198.22695369382328,4.315595374663452,32.38313337505592,2536.777746561609
2025-11-11 13:00:00,1281.5598890595404,3.344912565258667,34.881729890013425,2832.761995497768
2025-11-11 14:00:00,1772.2541729478032,66.78209537515261,28.942247088909525,1844.447529329607
2025-11-11 15:00:00,506.60617716707355,29.302863728472534,11.436551449893162,3067.6968572479127
2025-11-11 16:00:00,341.8239267682335,71.87071655112206,39.458020231011226,3301.5989135249447
2025-11-11 17:00:00,306.35439701812913,39.42422132201357,33.21327121806773,2347.9825375492137
2025-11-11 18:00:00,615.5677508649125,41.31683097386678,33.64230134426606,2897.1158664365826
2025-11-11 19:00:00,271.7778787180994,46.64655162335206,44.848496526328965,2402.1815445419647
2025-11-11 20:00:00,1276.6742808800243,64.45979961738425,36.3111675339859,1445.8807617656423
2025-11-11 21:00:00,205.89605682110658,25.34175505884393,37.48266173882674,1984.8341769695044
2025-11-11 22:00:00,966.0176178546425,11.821274108483895,42.86184269124697,1483.7220482167315
2025-11-11 23:00:00,1794.3846515500607,,7.64989599335133,3376.6461504355284
2025-11-12 00:00:00,1483.749458160232,30.101008468603794,22.900004565034987,1780.9544153540921
2025-11-12 01:00:00,1145.8730449927184,40.38172691645533,26.544949037994655,2635.3908807730095
2025-11-12 02:00:00,620.6311553372399,58.57825704202018,15.488132085788136,1897.1247140843684
2025-11-12 03:00:00,1160.6229216957854,44.977190961573086,37.933747131358245,2671.8170522474443
2025-11-12 04:00:00,995.9704886498077,56.20481472197501,34.54646335241183,1741.8435508280131
2025-11-12 05:00:00,824.3417526136316,49.433800188112876,32.71885527835746,2949.0671384111565
2025-11-12 06:00:00,322.20764045833914,66.84187710231282,44.87457534935934,1532.7043659569345
2025-11-12 07:00:00,1607.2271659087935,63.82835897633418,12.412780429969182,3179.8158401895885
2025-11-12 08:00:00,864.6339029962483,48.54290037096711,33.360119073718536,3064.8855543356685
2025-11-12 09:00:00,430.8582700953006,61.42236885651391,25.261796895859625,2725.4954216406095
2025-11-12 10:00:00,725.1908964913923,78.74680460226253,14.771524029730548,1441.5707169999805
2025-11-12 11:00:00,804.020579299176,39.472144613147,8.065822311817536,1737.9949594907494
2025-11-12 12:00:00,1506.8144224636862,37.735913474642636,40.41888883097207,3104.6593509512595
2025-11-12 13:00:00,1347.1444469543835,69.01786025586183,27.200041239145193,1556.1463120354497
2025-11-12 14:00:00,1407.8183191902776,52.84729149673747,37.29708885619496,1627.457402246842
2025-11-12 15:00:00,118.75314952870026,7.319603439810381,24.995179296067974,2442.4069798865935
2025-11-12 16:00:00,,80.39796939650624,10.67899154877686,1875.7726233161218
2025-11-12 17:00:00,918.2850577800501,3.739696099149972,15.852147776414311,1766.358969882252
2025-11-12 18:00:00,132.62687059919637,67.60727570266714,17.787709068836048,2509.208206881179
2025-11-12 19:00:00,541.6824548665581,68.53267870068385,43.8091317501629,2082.411020561861
2025-11-12 20:00:00,1392.4926993076294,85.8268865900918,1.24786424878083,1595.1757832163044
2025-11-12 21:00:00,333.0864997392984,5.817962347806548,44.36930501307831,2423.1929118454755
2025-11-12 22:00:00,1010.0272234694058,54.120260609819695,44.14031194483255,2112.7260468851077
2025-11-12 23:00:00,465.84318242930374,39.07781078580771,44.830634783326005,2842.485225974916
2025-11-13 00:00:00,120.60531689461857,30.42633298249924,21.969879872463927,1515.7864288732374
2025-11-13 01:00:00,510.0424779192205,9.0383518666175,43.407594663323984,2603.287812286545
2025-11-13 02:00:00,1758.9853833470916,51.07621665074652,18.406364001392404,2216.6359865808204
2025-11-13 03:00:00,,43.63462458504061,2.156955389409015,2152.7299376100486
2025-11-13 04:00:00,1731.2802953457567,10.30534677544116,10.87127620035764,1787.8041448175165
2025-11-13 05:00:00,929.3518746748161,55.51156613164042,42.593034777244924,1363.8946592256934
2025-11-13 06:00:00,286.551537751756,66.67782770251152,1.6056465067575991,3080.1473081657555
2025-11-13 07:00:00,1031.531131255278,69.28776879377469,25.023741958610902,1985.4611806722944
2025-11-13 08:00:00,872.4414687519335,81.57821375535605,4.326469911365878,2730.2911834326787
2025-11-13 09:00:00,1535.4070406573471,37.44289602810117,13.601449450813453,3289.9335395310854
2025-11-13 10:00:00,266.74038733321584,85.8234764073702,4.876085431323013,2486.4796259724762
2025-11-13 11:00:00,930.0099329370229,78.02321705235906,38.81925932897448,2134.008495291719
2025-11-13 12:00:00,355.08272997977326,27.388639821130575,27.007111224499056,
2025-11-13 13:00:00,651.9490757131019,15.176190324101805,40.69268449160577,3261.491964559736
2025-11-13 14:00:00,1353.5070315592593,39.74965625539319,31.287540779770048,2732.3613179074
2025-11-13 15:00:00,909.2308199269031,36.768985008081025,43.725281774784385,2697.090925838775
2025-11-13 16:00:00,739.0100847478078,52.23901817447718,23.43461680945789,2194.9324828050817
2025-11-13 17:00:00,770.6096735690601,52.921374677169574,29.10326559756648,3074.6022970216045
2025-11-13 18:00:00,881.0595062901773,67.7488416098178,26.35758807511849,2798.711592719923
2025-11-13 19:00:00,1434.5281245229967,46.3802053902993,22.30745889565096,1894.6848707401336
2025-11-13 20:00:00,1616.5439711983986,10.329215043728134,38.22221207861256,2559.1151860526006
2025-11-13 21:00:00,1724.068967056678,77.38792886422644,29.359105969495847,2203.4073046626577
2025-11-13 22:00:00,1437.7357566340017,28.56904790348165,36.257739653640805,1313.8393419423974
2025-11-13 23:00:00,636.1917227716216,87.44547396728669,35.600013210506184,2996.0092061537744
2025-11-14 00:00:00,1269.8290003471216,11.489549672499543,9.405987068832994,1557.9437327313717
2025-11-14 01:00:00,843.9253108941663,86.28435432869279,29.607195430776322,2370.9044626054897
2025-11-14 02:00:00,532.9400574782869,9.10005081254401,9.784512843978701,2006.0750054781129
2025-11-14 03:00:00,1529.4816850240684,21.562216277288293,26.66610104272592,2018.3869865214228
2025-11-14 04:00:00,165.32479323595248,5.145614845702202,30.80712611563722,2302.4662551689967
2025-11-14 05:00:00,1632.99538663022,63.75507005087055,44.87834314985382,3393.7485184414645
2025-11-14 06:00:00,,76.67658755488947,2.3438470385884878,2157.597329326099
2025-11-14 07:00:00,1183.2425105740767,39.632326281622255,5.01466534100372,1682.891382614802
2025-11-14 08:00:00,1220.9016677498305,83.63846467877624,4.389174640334186,2588.5733099036747
2025-11-14 09:00:00,1621.7001592011118,53.536617386248366,18.527896595736564,1796.2041868829947
2025-11-14 10:00:00,1182.3384596842525,57.07063505474056,37.149887905375806,1521.6531870971958
2025-11-14 11:00:00,1143.687094092105,76.24230895136851,38.13847864263397,1405.3657613384512
2025-11-14 12:00:00,213.30846895317293,27.415218249613662,33.42710221173068,1348.0506754413361
2025-11-14 13:00:00,981.2936373068469,32.529649198158694,40.4626426405177,2205.445761453234
2025-11-14 14:00:00,355.28730138897083,81.62972080832334,15.20583754345591,2196.1241377341266
2025-11-14 15:00:00,1353.6374068265254,81.18575114744998,4.878804347101162,1689.6453401637011
2025-11-14 16:00:00,970.7772653815466,87.90696708187751,3.558733231553405,
2025-11-14 17:00:00,,81.26361016330873,38.493839663253,1571.4683186317454
2025-11-14 18:00:00,170.84393102405323,12.33611120696912,33.13919695156242,
2025-11-14 19:00:00,244.14642727786548,74.31146146619187,31.73907346448932,2533.909553050872
2025-11-14 20:00:00,1317.7497597065599,37.475624551753874,15.945758896009428,1357.9943898203521
2025-11-14 21:00:00,222.5433711977447,89.18132067918847,17.715828299201952,3322.2425140597047
2025-11-14 22:00:00,221.1364372009396,43.033005825263295,43.15699527157005,1946.6766450462926
2025-11-14 23:00:00,120.58440789930867,50.291411342697636,3.807408740309141,2244.947415113492
2025-11-15 00:00:00,1726.0523771091162,48.14996745785507,35.044196425262875,1896.9642552885596
2025-11-15 01:00:00,1353.7642110803117,29.634595657386722,14.623866243169298,2829.684725870933
2025-11-15 02:00:00,700.527394453509,7.6769659114697175,2.7184032101524678,2319.928463511031
2025-11-15 03:00:00,604.110488189014,80.71295950577075,33.67308487266806,1577.9832147452555
2025-11-15 04:00:00,694.4954905679442,72.43814731483953,,1518.828299954853
2025-11-15 05:00:00,1416.9110030080092,13.417883469810565,32.77449082468305,2823.288367981607
2025-11-15 06:00:00,1224.3300388197044,70.13237615015649,32.136792857197285,1797.8709503556702
2025-11-15 07:00:00,414.8324653746955,56.70035327850429,24.530622519057065,1589.3660867407923
2025-11-15 08:00:00,395.9858700679434,37.413797124668385,35.20441768526415,2348.79795369547
2025-11-15 09:00:00,267.27260451277544,23.607882269505083,26.56568626353471,2985.8071038262387
2025-11-15 10:00:00,1222.5146234922747,77.51586173169869,13.61202152532347,1885.4437663335739
2025-11-15 11:00:00,1399.433525776951,63.31675507717072,33.301073246834434,1880.5063845716963
2025-11-15 12:00:00,550.5789281525068,49.748851942753184,26.922151898619838,3051.1506465467914
2025-11-15 13:00:00,135.60643375255177,55.2515995169633,1.560000394356504,1610.4509685944436
2025-11-15 14:00:00,239.6918347099265,9.104890205314106,40.67234382189361,2595.1279427517493
2025-11-15 15:00:00,1745.3620592365519,,25.00831920626979,
2025-11-15 16:00:00,602.2561217116145,,,
2025-11-15 17:00:00,1407.6793513248272,19.546147431785457,39.840420915218765,1429.8119909374313
2025-11-15 18:00:00,1161.9280670522485,59.856052643531136,20.578532896343894,1971.8128407794134
2025-11-15 19:00:00,749.297387409923,82.10179751325164,23.33703984385416,1598.9863777444943
2025-11-15 20:00:00,449.6683457324437,36.93433833257284,19.293193057726484,3293.4053391429934
2025-11-15 21:00:00,306.35691087099093,19.489685298084943,20.775218113554,3370.4772890663703
2025-11-15 22:00:00,1145.5220456660732,58.738477414062224,40.38647499475602,1793.4853431340796
2025-11-15 23:00:00,1416.8774270842396,78.53564712517827,35.67833661458808,2706.3679941403802
2025-11-16 00:00:00,1194.6372310199222,67.60037329990169,6.567129757885431,3067.4266372989487
2025-11-16 01:00:00,1001.5136265235691,78.31939351775625,27.85354238776422,1790.7285972704008
2025-11-16 02:00:00,171.31707983378163,48.75336571996114,44.81989217699906,1694.1293320740526
2025-11-16 03:00:00,1746.4309219104525,67.91698574885798,27.204230854229372,1323.5431488192887
2025-11-16 04:00:00,1457.8141258127769,13.465745782945346,35.57835152609664,2165.1211595772043
2025-11-16 05:00:00,597.79746239164,31.996440767324042,34.83870482877152,3188.8186710289046
2025-11-16 06:00:00,1765.949559910046,35.669875638855494,16.413971138382458,3196.2572630183327
2025-11-16 07:00:00,1123.1987023817476,46.50532141589708,17.36136931897419,1568.2605677689342
2025-11-16 08:00:00,1090.118518952319,,32.85936255877774,1729.1402091096293
2025-11-16 09:00:00,1371.7244050302045,78.81239385977351,22.999275390612745,2156.8993949625205
2025-11-16 10:00:00,1480.0086397532339,12.972768813737424,26.10511120173707,2939.311544843774
2025-11-16 11:00:00,1216.0136324635546,16.378279017539224,,2584.88811541663
2025-11-16 12:00:00,317.76276882254,32.83000891341311,35.21330118971821,2379.0844613924546
2025-11-16 13:00:00,675.0547601906472,26.876204064269977,12.94672942025514,2543.0569568674664
2025-11-16 14:00:00,1677.7421885542844,55.714614830907344,7.4589254152263695,1502.019356984823
2025-11-16 15:00:00,481.84654013454826,81.34706825104449,13.83896445584391,2303.0936487353047
2025-11-16 16:00:00,732.6839405237727,86.64394720886023,23.331686304051324,3383.3329080321696
2025-11-16 17:00:00,834.5307010051332,59.17066277563516,16.05421796106972,1485.7369085720843
2025-11-16 18:00:00,846.9884824805687,75.59616892469671,26.007961389294127,2390.4180230332613
2025-11-16 19:00:00,1141.9972902406935,47.74299582054094,3.3524918615276516,1920.8634494804867
2025-11-16 20:00:00,1703.228924166003,19.541098270543536,23.429018111005757,2433.817923410114
2025-11-16 21:00:00,509.1776101152584,47.69726867631949,17.191335905259148,2505.019396070868
2025-11-16 22:00:00,306.5523397115607,50.40235152795095,24.525337215286825,2512.693086050899
2025-11-16 23:00:00,435.69983276189345,67.07872321500653,19.591467614938978,3089.638449152862
2025-11-17 00:00:00,1607.7723303557582,20.56958608395407,13.505937428051869,2118.469570814688
2025-11-17 01:00:00,1197.8783815138502,33.77962400571912,40.78074784013597,2384.3437415996414
2025-11-17 02:00:00,586.0415417065722,33.3984447600964,9.129659490539705,1322.949637832272
2025-11-17 03:00:00,1487.1097962466492,86.39012402096367,30.980085325544625,2958.0562633175105
2025-11-17 04:00:00,1564.3289938178414,40.511101469077985,41.68436735362622,1844.9241854892912
2025-11-17 05:00:00,1539.0743757734726,68.20336308953503,24.701478226159054,3014.7655504850845
2025-11-17 06:00:00,1662.1751071872425,67.82221294232508,39.56197349749721,1857.841199398666
2025-11-17 07:00:00,528.8097342947146,24.63343244748848,6.493465051064512,1322.6558421512336
2025-11-17 08:00:00,1383.571278868673,51.89640235408416,22.726705891281956,1625.1457682062382
2025-11-17 09:00:00,882.917145366038,80.59295750535968,,3369.934095401553
2025-11-17 10:00:00,1531.3975399131045,43.2925970316685,1.3572275096277737,1971.5826164907758
2025-11-17 11:00:00,1338.4341511747425,85.1154581534866,20.50332301981072,1528.530194226769
2025-11-17 12:00:00,1419.9606590495318,20.086782409850382,17.237309280834303,1549.393487614076
2025-11-17 13:00:00,1215.4751240578216,7.6001604138887355,30.471144022083074,1951.71969952017
2025-11-17 14:00:00,401.62890809850165,80.3393947098827,42.286510257366814,1379.0545863452023
2025-11-17 15:00:00,1026.5457621247951,76.44362661863728,4.774807883529607,2374.126035056103
2025-11-17 16:00:00,1773.938557191664,89.34049895811218,15.408961015443417,
2025-11-17 17:00:00,1693.5597130451022,61.46602044200592,20.538848445347085,2390.5523469334316
2025-11-17 18:00:00,173.39535085491985,84.36522547337631,21.028156633512864,1595.6048592683624
2025-11-17 19:00:00,380.1851867400431,74.59846323248587,35.09162771705917,2202.700180936734
2025-11-17 20:00:00,323.9389148727553,76.15394364768773,20.509409296671397,2555.6254026426136
2025-11-17 21:00:00,,51.65359977042988,2.195097263960748,1430.1998705100268
2025-11-17 22:00:00,1490.2350607568067,35.030449214587264,32.244580162084574,2137.373549427223
2025-11-17 23:00:00,462.96932272814223,84.17566845635208,39.93250658640955,1935.3000240783444
2025-11-18 00:00:00,959.9495780181093,39.458428629814605,23.611807352185604,1804.7556146261313
2025-11-18 01:00:00,1529.19514761904,48.95492368522055,26.568774954734234,
2025-11-18 02:00:00,1345.762626102626,40.70417333414171,8.169203314638027,2535.9381701073553
2025-11-18 03:00:00,1021.8032493361421,51.26882994245754,10.70842156587411,2624.4695940231563
2025-11-18 04:00:00,1103.591073779914,42.87495203031712,11.347490521482918,
2025-11-18 05:00:00,964.212929757676,5.269112713573353,19.952646894776993,1899.9894142108883
2025-11-18 06:00:00,605.8323672419949,79.50228855468518,41.838389719408255,1740.3254337896653
2025-11-18 07:00:00,1060.5373878603273,40.55104988350351,23.958529735454988,2435.057570495468
2025-11-18 08:00:00,1271.1050134851541,53.41598471715403,9.452296388859516,2268.2379473401943
2025-11-18 09:00:00,1584.6489569633732,13.387714445460846,12.707860378233784,1993.616848944775
2025-11-18 10:00:00,1181.6953017647218,1.3015184704548832,17.89666130799611,2950.6310986237095
2025-11-18 11:00:00,1393.9066129733685,22.830818334284224,28.423394930483173,1497.344863257604
2025-11-18 12:00:00,372.12177942277407,63.708156859868176,20.361458732176235,3347.2830463868486
2025-11-18 13:00:00,884.6477065136428,9.828313180046194,18.2675731437847,1544.7425634121694
2025-11-18 14:00:00,115.8637537060586,81.89098219439563,25.84805841755577,2923.448706393576
2025-11-18 15:00:00,519.3540696867592,20.13700867270043,11.640739777996481,2073.2833972377466
2025-11-18 16:00:00,1334.9849156921082,19.208831671968046,4.471743993721616,3117.050681176792
2025-11-18 17:00:00,1786.0769172939179,17.1542085843131,2.074229852177773,1455.7568924467403
2025-11-18 18:00:00,268.60276929826705,2.2443724544514625,12.055403192553591,2086.9155914039093
2025-11-18 19:00:00,782.54033696419,69.69068669456288,5.030049502356623,2004.431153650496
2025-11-18 20:00:00,1460.120646788571,78.878073280828,15.798988094913739,3385.6297802736244
2025-11-18 21:00:00,446.860578869128,55.6604805328417,35.009075775829245,3369.6528892682136
2025-11-18 22:00:00,1043.6444138138868,17.749798369507744,32.51695054142088,1698.5883131994149
2025-11-18 23:00:00,1346.2212032504472,26.389741727738297,27.880815402673267,2622.8886174665117
2025-11-19 00:00:00,1147.1752654423044,43.357476065481734,38.51001073069707,2424.5907818129745
2025-11-19 01:00:00,419.64204884620744,85.93678969447377,13.410975479948174,1624.1843316055513
2025-11-19 02:00:00,704.153766765757,23.01427209177911,39.94236513331849,1652.3373828192885
2025-11-19 03:00:00,1432.4460336251752,66.11648544887004,18.566523465443883,3377.4286298070647
2025-11-19 04:00:00,1042.185074024428,40.11089187306991,18.63930600373157,2250.7329866039586
2025-11-19 05:00:00,108.89034302295165,27.508414004041942,18.835470999522947,1564.1827132001545
2025-11-19 06:00:00,,41.576518394968126,5.316152114603184,1751.059081352434
2025-11-19 07:00:00,160.02930339840643,7.337397861169696,43.92158192656645,1863.5309412219542
2025-11-19 08:00:00,1367.7474306430947,72.08317601280226,7.094298224307004,2372.9262529691005
2025-11-19 09:00:00,444.2169522809036,22.653871590484073,15.99897187664412,2004.6510719632495
2025-11-19 10:00:00,1728.7249162029464,65.56167896417436,15.049214094377314,2255.5247503688342
2025-11-19 11:00:00,725.4992772135436,7.083005058889331,4.2858950439352235,1649.6490573128617
2025-11-19 12:00:00,655.7837477747345,86.00377149874606,7.699445724922573,1986.130250233763
2025-11-19 13:00:00,353.1096855651559,18.178333701107178,2.973766792156976,1447.6648447072835
2025-11-19 14:00:00,619.5271663333652,79.56404478243016,13.865797716662591,3168.391574299282
2025-11-19 15:00:00,1590.306295107941,73.04311565577366,39.13290465727189,1717.3802020540143
2025-11-19 16:00:00,1793.7683739663205,87.13953324324602,15.935457052444917,2889.490284400352
2025-11-19 17:00:00,726.1262018616421,43.532268824171716,6.4424406109646855,2034.0587552270267
2025-11-19 18:00:00,862.6380726227223,65.73835915228969,29.41053020889239,2296.234369773566
2025-11-19 19:00:00,1327.5205949446529,33.99324847636278,44.85044013041606,1911.6481828685764
2025-11-19 20:00:00,1606.5328267906266,,11.222246739404813,2762.5266693254766
2025-11-19 21:00:00,1108.175368117533,40.43375803107695,13.301124236305055,
2025-11-19 22:00:00,765.5936869023099,15.751662369572484,43.761270388354696,1901.167387953135
2025-11-19 23:00:00,801.4571294426604,88.40197142798817,8.866156652221434,1808.6570516935442
2025-11-20 00:00:00,1282.5508490445716,9.565937711523757,23.49341896820321,2731.0245574741834
2025-11-20 01:00:00,105.47104812727376,53.43984338728322,11.544693852708175,1709.8214271922138
2025-11-20 02:00:00,1153.3018736817291,56.75528311761097,42.02348350765473,2643.6635077805217
2025-11-20 03:00:00,704.3381177503076,48.88907931579083,44.18692464135694,1498.2989673566346
2025-11-20 04:00:00,1450.1354631710433,59.934543828353185,36.84670522928068,2602.2880359174433
2025-11-20 05:00:00,258.08408769932464,11.340088976058293,14.850487895763665,2378.1541414219096
2025-11-20 06:00:00,1099.943853812264,50.396648654270905,18.75344891234222,1539.2020027102476
2025-11-20 07:00:00,917.6539128064104,26.561918830335177,11.66145008132254,2663.117633215659
2025-11-20 08:00:00,1191.9533940388865,84.67566963379404,,2237.770029771559
2025-11-20 09:00:00,210.2511106210462,68.82437715613558,41.240564218278955,1755.94160671588
2025-11-20 10:00:00,1085.972438627823,87.5537889122171,19.430309138826075,2042.1067269745722
2025-11-20 11:00:00,1054.5237995311904,4.342490206876869,29.88745507573208,2333.4144218417523
2025-11-20 12:00:00,,26.376852591083072,,1492.2638772552023
2025-11-20 13:00:00,1125.929033213973,18.39261021081306,20.137179615989997,3310.9799145695442
2025-11-20 14:00:00,1249.995493284816,1.9927582707529146,28.785960693633896,
2025-11-20 15:00:00,1468.4812994573085,22.566989991922608,17.95773721479286,1515.3234607041616
2025-11-20 16:00:00,558.6952242179643,61.41106253331817,16.734379130204236,3028.010587089765
2025-11-20 17:00:00,1502.5839973061054,21.5669140699766,1.0439556597454773,1977.3653549869055
2025-11-20 18:00:00,947.0346598478711,46.30130664795302,36.38891240619302,2553.279027097686
2025-11-20 19:00:00,230.99907452836297,80.01581223188488,40.13085492894372,1881.9999673171037
2025-11-20 20:00:00,199.53657971476463,62.7444549110677,43.65639530001661,2840.1524843206753
2025-11-20 21:00:00,668.2051417833034,36.12198722163684,32.647940943045484,2818.318847500215
2025-11-20 22:00:00,1434.3248610894948,34.149735563177636,25.146861744274922,2459.291259432078
2025-11-20 23:00:00,1303.0575890595567,41.56048744675514,12.848518871583213,1805.943744190314
2025-11-21 00:00:00,1440.6454399430909,16.756688254331667,44.96917694239393,1832.7779957755056
2025-11-21 01:00:00,979.357395950736,57.42606830002294,26.949125599412646,2104.0118730593804
2025-11-21 02:00:00,848.3382965243339,33.40960090030989,30.970779182539633,1604.5255515321992
2025-11-21 03:00:00,350.6692954006827,,31.025871126033977,2009.0769977009395
2025-11-21 04:00:00,657.9276811358296,68.33318674514565,38.191079013315985,2737.1446626214565
2025-11-21 05:00:00,837.8329224955879,55.33567160420225,1.4255917092644452,3044.775088124785
2025-11-21 06:00:00,250.6207304553493,33.41399781580693,10.69086537898036,1998.422810036059
2025-11-21 07:00:00,475.0403196090591,19.68393301894011,30.283496007480615,1790.5395423341643
2025-11-21 08:00:00,1116.9829999083559,70.07751590540043,40.38641242028098,3048.549414503782
2025-11-21 09:00:00,1350.6272942066228,44.290409810206704,31.154906404539673,3170.4784575104345
2025-11-21 10:00:00,1797.1907693680143,21.00275339778482,19.193616825721925,2161.045198955335
2025-11-21 11:00:00,1686.292663284048,18.370540738560553,16.90844181829151,1356.4987230842312
2025-11-21 12:00:00,1192.3608392098256,15.720680500620952,33.4697123644661,2759.419403877719
2025-11-21 13:00:00,816.1216905999224,70.16734646229796,33.61445867403651,2946.4697959845716
2025-11-21 14:00:00,1181.5015200039957,21.379859491727743,27.710551670250375,1337.8509316453244
2025-11-21 15:00:00,1435.6077507363943,47.87116145374258,13.82454906028283,2549.5647920171778
2025-11-21 16:00:00,301.17152456975845,,41.70681200918392,2535.5743923127675
2025-11-21 17:00:00,796.8383124836901,52.58537003131727,25.282717453220123,2095.2866083706194
2025-11-21 18:00:00,1527.6638855805493,79.06678613303629,35.78166367492655,2874.5113842867595
2025-11-21 19:00:00,752.5160182861748,78.22951771727402,10.429563535120591,2199.1759800401574
2025-11-21 20:00:00,1072.1828610862171,,16.137794699048026,2721.2294987618643
2025-11-21 21:00:00,,2.3675963153903745,39.48149872104307,2385.946339733819
2025-11-21 22:00:00,413.6096303271869,38.95349870857298,3.20470931735861,1821.7756698759722
2025-11-21 23:00:00,715.8002508088903,54.951224830748494,23.54187369529313,2573.6518123212763
2025-11-22 00:00:00,668.6691908612846,50.6410635597275,22.195041113136398,2847.507839176267
2025-11-22 01:00:00,,58.96891341621829,34.054128311955616,
2025-11-22 02:00:00,141.1259986153039,14.71274019010443,,2098.2287882850683
2025-11-22 03:00:00,1513.8849742488148,58.5416237914852,10.638940161822376,1435.3923437993374
2025-11-22 04:00:00,564.2203769537812,17.25599406819573,41.74984490602228,3374.739564564839
2025-11-22 05:00:00,980.7339026059863,67.79663428201066,26.155224686172453,2609.993984793626
2025-11-22 06:00:00,607.8334751009143,31.17879758037852,5.606341004480798,3287.5459621376153
2025-11-22 07:00:00,1699.1547166960788,64.18069357094936,9.493591137430126,1518.0368806233505
2025-11-22 08:00:00,540.8044900718154,5.2600383026435305,44.94834661862693,2018.271063727961
2025-11-22 09:00:00,830.4165816561896,37.29954227759129,9.606795835096467,
2025-11-22 10:00:00,1583.641425823823,63.748072481436616,27.860922499561863,3054.571324622325
2025-11-22 11:00:00,1531.2870635460747,21.191475953502977,19.485635475807197,3148.719757001564
2025-11-22 12:00:00,416.37241033867144,71.78054698695281,39.96636017339276,2352.7545697375426
2025-11-22 13:00:00,1464.4936266527077,57.13939624633895,34.227418060994424,1691.873057090264
2025-11-22 14:00:00,878.9177074544175,53.29299772133205,27.265861435519895,1566.949834983388
2025-11-22 15:00:00,921.0470825451039,32.465848024186,1.4725151991112297,2535.144631168434
2025-11-22 16:00:00,326.91595310710443,43.93818086391946,39.710989129712225,2363.390281629131
2025-11-22 17:00:00,237.02257338711192,54.164087787028926,20.565368716903517,2759.0571149721018
2025-11-22 18:00:00,1337.4968218554009,43.04912813842525,41.98941673281737,1940.9352515019814
2025-11-22 19:00:00,943.9839590040095,63.14988583070985,22.803716565584853,2144.9727895511605
2025-11-22 20:00:00,842.6461944458052,39.5990270465194,31.545877524039923,1344.8582550874305
2025-11-22 21:00:00,1340.1639887090744,19.0023131750407,4.048876576532255,2581.300394658611
2025-11-22 22:00:00,1401.3719282848865,20.040106669293205,33.78667275517858,2188.601394827603
2025-11-22 23:00:00,370.14388503790104,,15.871825377724608,3231.50573100824
2025-11-23 00:00:00,1137.3827541119902,27.78523668472185,16.45979663059836,2647.75122518009
2025-11-23 01:00:00,330.1019398720654,67.65367000258824,6.220857167213158,2137.258432044357
2025-11-23 02:00:00,1377.3376462493777,71.68048108654725,7.4617145401689005,1853.5372798340359
2025-11-23 03:00:00,1216.823765654137,19.01961124652175,9.173398473073245,3201.0983794760414
2025-11-23 04:00:00,1726.2448558418785,86.35491572155529,15.441071417142584,1334.156655646631
2025-11-23 05:00:00,217.228627805916,45.71384861973128,40.24667616212664,1986.5161812300237
2025-11-23 06:00:00,196.99302595713235,82.61110866264673,17.20345048212354,3281.3617259548737
2025-11-23 07:00:00,579.7180269784403,63.90211008568517,32.87195908878161,2673.4693146613054
2025-11-23 08:00:00,544.8996623510402,65.29657464899476,4.640890171154341,2418.710049694928
2025-11-23 09:00:00,519.8639584223997,8.56888229624033,27.008347167967674,1727.4229076328975
2025-11-23 10:00:00,1640.6327868857625,20.57921029382683,22.20321417589934,3050.0870259342128
2025-11-23 11:00:00,524.2285397441603,1.7845201632080645,44.0301496659982,1728.8180314448298
2025-11-23 12:00:00,562.3145344186727,64.73536000242964,38.233141874674374,1821.3324161946248
2025-11-23 13:00:00,1390.9770461105384,31.65500767013739,21.01250998730059,1702.887400030896
2025-11-23 14:00:00,864.557732165918,71.01207393079487,35.10628161799491,1632.1138671959961
2025-11-23 15:00:00,1420.407946823808,,9.49370461692621,3301.956241555486
2025-11-23 16:00:00,211.1224678594549,73.92070395459864,25.742798405238236,2564.2663518967474
2025-11-23 17:00:00,928.8710292447533,12.632144583599858,4.28323844502316,2639.4579772211973
2025-11-23 18:00:00,157.14312031158047,16.430210951418232,16.315917419074054,3304.0834779254455
2025-11-23 19:00:00,206.5104458741027,31.338012022970346,10.937935991375493,1784.2076157636816
2025-11-23 20:00:00,1640.9436706854985,37.355377610522325,32.63203187430928,1312.4268310551533
2025-11-23 21:00:00,336.7171308999118,32.03455016502508,22.563990413431902,2557.6556640976114
2025-11-23 22:00:00,1005.1151598678691,68.96458589456657,34.04710106931246,2366.4741917707333
2025-11-23 23:00:00,798.8625244212011,9.628673943777608,23.672999255783605,2303.0657925364176
2025-11-24 00:00:00,690.4836546400326,32.25831474782544,4.805315454672096,1429.9484436170183
2025-11-24 01:00:00,1629.7166876683632,75.51435995687588,33.35617658823118,2254.3132198070475
2025-11-24 02:00:00,137.09977451833214,6.944939876333307,37.66208761546345,1903.8750866904677
2025-11-24 03:00:00,1228.4424664985015,84.86857218275081,40.75537394016287,1876.5858221710575
2025-11-24 04:00:00,1737.7705381630358,88.78219896220915,26.16764559349516,1767.0013183760948
2025-11-24 05:00:00,,8.882567470432129,34.157755795977785,1998.3095554845986
2025-11-24 06:00:00,1692.598185456256,26.92325448076059,34.08995082283559,2041.579457801166
2025-11-24 07:00:00,188.8383947862404,34.143659277146696,7.852989431153551,1948.4291303601947
2025-11-24 08:00:00,811.9486424260743,70.09883181009262,8.225710248221112,3355.380703010969
2025-11-24 09:00:00,542.268244635487,54.03748627838931,4.118962255601549,3258.735279569923
2025-11-24 10:00:00,1342.3956404672406,58.3485473438385,15.076199946173265,2506.4712090022103
2025-11-24 11:00:00,1768.2050538453193,68.41837423084704,21.83437786060684,3360.2151606616508
2025-11-24 12:00:00,,11.50013094989529,44.90750552118555,3381.5158216702994
2025-11-24 13:00:00,1212.0968225059266,75.15564166501335,19.96370705099946,2047.4733910363352
2025-11-24 14:00:00,436.7659756915582,63.80016257203282,32.954673894324316,2234.8938460534637
2025-11-24 15:00:00,1061.0614327717367,52.38341354247696,31.509469155991525,3314.029731667798
2025-11-24 16:00:00,888.6852273701716,80.18644479569204,9.997205811025502,2578.115018527242
2025-11-24 17:00:00,1752.409060373613,63.327265495658835,3.574314663775202,1747.1510739582723
2025-11-24 18:00:00,1134.4963635839931,18.951296674161263,25.02429706747785,2747.699403506651
2025-11-24 19:00:00,694.1608325475919,39.24733891573434,31.81344606183695,
2025-11-24 20:00:00,293.96283430948677,44.969815157280266,44.92307876819526,2012.651261710876
2025-11-24 21:00:00,357.1196088493887,5.914368780786102,16.77888630037151,1777.8763425002383
2025-11-24 22:00:00,483.03878091709964,85.96273868904497,40.44004073156825,1814.4584534610685
2025-11-24 23:00:00,526.6433242785066,12.443376210922185,17.805028058244204,1309.7767212902427
2025-11-25 00:00:00,1546.0472983299342,63.07405278317869,31.334115170942564,3149.4885476188488
2025-11-25 01:00:00,1054.0787400802924,46.054562212088335,27.323128942750287,1921.580040079167
2025-11-25 02:00:00,989.764549336423,3.28127023971361,3.3310669053142643,1481.3861969978684
2025-11-25 03:00:00,295.10708217766967,83.3025253519282,4.449090786691373,1482.6735519302858
2025-11-25 04:00:00,1562.2374786940395,76.81347598488506,1.913619947876283,2467.638380568
2025-11-25 05:00:00,1328.7843154544223,47.65895558344136,17.31669972213554,3385.133156121268
2025-11-25 06:00:00,215.0362152300027,21.375867916410627,33.81524614570447,1604.5471812674025
2025-11-25 07:00:00,,11.824437270528387,8.601237335591799,1509.2057399942848
2025-11-25 08:00:00,1024.0149694824984,33.341930669459266,27.657530608891413,2220.4381488443905
2025-11-25 09:00:00,238.93308776952304,23.733117013102053,13.708422321367427,2482.9956330656705
2025-11-25 10:00:00,879.111090598716,46.095516889560585,36.067675455079176,1918.198753643675
2025-11-25 11:00:00,923.9836881210798,87.01042735498518,,1935.2963942791193
2025-11-25 12:00:00,381.8167182775688,52.17086089743808,35.118238658522635,2191.400653882794
2025-11-25 13:00:00,1707.68684990048,80.20386397421872,24.092674607260577,1959.7057918162727
2025-11-25 14:00:00,1544.9581315171254,58.92821653712417,13.520935243513474,3222.196325493885
2025-11-25 15:00:00,1237.3379734594841,43.29694086626084,36.61553793065992,1388.1045997103208
2025-11-25 16:00:00,885.9024537010323,77.06007308327004,9.188424725326627,1792.5973357275766
2025-11-25 17:00:00,800.0014206936645,42.95176180539678,13.749422489260866,2997.9608720775846
2025-11-25 18:00:00,1206.654894156622,78.30790717542213,9.093699071067352,3051.312061796409
2025-11-25 19:00:00,1027.2341779917392,26.95033249224311,30.665247057056497,1534.2656658248225
2025-11-25 20:00:00,205.86427999920556,12.464363564905943,31.194385237095997,3344.903245026705
2025-11-25 21:00:00,971.2545029095638,77.12298732830152,29.710439682617135,2756.0451847881286
2025-11-25 22:00:00,1470.8861492958272,53.27994957754734,19.286464542045383,1872.4454175655508
2025-11-25 23:00:00,880.7077919148287,80.12922344415745,5.4075243168630625,2257.6795161103546
2025-11-26 00:00:00,188.3261818422563,84.4666214223221,41.09146171866093,1923.991101092731
2025-11-26 01:00:00,1436.6729389528562,5.772926743058976,23.34016241653848,1615.0467246942808
2025-11-26 02:00:00,442.31842963115645,45.58626786543928,18.906776576088024,1911.4739359727218
2025-11-26 03:00:00,539.655419309666,34.3718448676331,26.908295302924902,2518.1930687281983
2025-11-26 04:00:00,380.00080083490303,56.70139733924042,9.482779176040657,3034.536359154484
2025-11-26 05:00:00,661.3656102815459,71.62961655100679,6.832146280614474,
2025-11-26 06:00:00,1386.4775596706795,25.972529221718837,18.843109744149515,2030.5932351504675
2025-11-26 07:00:00,982.9559611566934,50.555056209212275,10.997710540396064,2282.8014722707776
2025-11-26 08:00:00,448.29816605621136,64.07684361153606,11.74877295963524,2653.5667599251274
2025-11-26 09:00:00,1592.3111328584694,12.964366372380328,40.270505462255294,2878.394151107849
2025-11-26 10:00:00,1595.2891534175997,73.45195462966275,24.353403796176295,1986.2789600788951
2025-11-26 11:00:00,1579.9833225782118,54.943754386914605,22.27263883022745,2531.340182432792
2025-11-26 12:00:00,505.95355934861675,85.50883190311501,31.337102124058283,2117.657766689853
2025-11-26 13:00:00,867.1068851076798,31.2180738026317,42.86811700177655,2804.4396857631104
2025-11-26 14:00:00,1774.4824154394876,10.62498886801068,5.93673683670482,1645.8173330857437
2025-11-26 15:00:00,1412.4212097269835,46.07860689228635,37.67552095280732,1839.542216607722
2025-11-26 16:00:00,146.1846160834517,8.637158682140058,26.69684391418522,2194.7268816697747
2025-11-26 17:00:00,210.84780514283648,87.2878605758366,7.4312755677208395,3167.771058834872
2025-11-26 18:00:00,888.6833405809657,4.442961284890047,14.074570022315632,2503.9841576364497
2025-11-26 19:00:00,1645.6743499646523,,22.223902324448538,3327.331849860964
2025-11-26 20:00:00,1015.7930565196142,47.73411343465972,31.41179436140661,1516.883139090276
2025-11-26 21:00:00,946.2812636582934,33.807238072347694,11.674708745951897,2266.3683686669633
2025-11-26 22:00:00,279.305289926272,6.859952641270264,24.534667880573956,2180.064913095307
2025-11-26 23:00:00,1216.5261780312999,56.37285625145109,31.12555160629792,2560.4329704525335
2025-11-27 00:00:00,1497.5753730203833,53.08460931579502,20.744593037290272,3005.1256782859145
2025-11-27 01:00:00,746.714012762856,25.99861130301638,38.973142289287736,3067.0408537244266
2025-11-27 02:00:00,1418.5401465730567,82.00973142551778,39.25620052497779,2707.4086782815675
2025-11-27 03:00:00,1739.6103116313798,28.065790653512483,21.71041357617961,
2025-11-27 04:00:00,446.40298051707146,41.025561542697446,43.80873125799158,3292.9620382940957
2025-11-27 05:00:00,989.6603730310602,49.394858576760356,4.3257440658396815,2105.7435434406916
2025-11-27 06:00:00,588.1345287437784,9.920637157689463,1.1479446462092113,
2025-11-27 07:00:00,1447.8525123575268,83.96239301001327,17.74940360737244,3235.1578268938174
2025-11-27 08:00:00,1081.9087219979679,34.33371756814266,,2332.2324129569133
2025-11-27 09:00:00,1178.7901098355164,8.18935003481658,28.684806927785075,2831.115415066931
2025-11-27 10:00:00,1456.4540713470199,35.46891445710437,21.963612396928458,2091.7416990089027
2025-11-27 11:00:00,773.1498035261733,54.41802669123968,6.494865782588431,1633.6459298103487
2025-11-27 12:00:00,1655.6531162919734,46.71508779209833,8.501890958667346,
2025-11-27 13:00:00,1006.1490743184379,62.814235689317385,38.4945112894884,1712.5904667840168
2025-11-27 14:00:00,368.52319882009164,5.938070844044046,39.18808979652749,2260.958174688125
2025-11-27 15:00:00,1283.0285008869641,26.324114314212995,30.651535665871688,3133.0465579895
2025-11-27 16:00:00,1448.5442957450325,,30.225590780270824,1480.6381938837292
2025-11-27 17:00:00,638.4948510147954,8.110538213431116,27.29801363322353,1363.8999248957643
2025-11-27 18:00:00,1557.2047368978801,77.13824996794023,9.928738970887482,2573.603479501964
2025-11-27 19:00:00,1640.4435331018028,9.178752194862456,19.84303081143574,1995.2287858492796
2025-11-27 20:00:00,570.7376285422752,75.26642512536097,31.619364664388662,2177.669184544422
2025-11-27 21:00:00,1771.9865036158774,33.11016769600668,24.6390999681469,2151.992236182496
2025-11-27 22:00:00,339.2095976828893,55.48660662989221,1.8175346984243639,1481.9024809200835
2025-11-27 23:00:00,443.4266362842329,14.606953292671838,42.95649949568433,1307.4895086271486
2025-11-28 00:00:00,413.1822267046444,6.889016233541096,38.17190631317431,3186.6888100149554
2025-11-28 01:00:00,1619.7825070133797,20.218500157792022,12.463980620828465,1757.3769778978674
2025-11-28 02:00:00,1212.2973389524352,12.378989793873904,28.12419314731703,2194.7658829150055
2025-11-28 03:00:00,358.5772814778639,28.804124893487227,41.62253288404026,
2025-11-28 04:00:00,848.5498112261932,46.7801089394808,5.224484533000661,3036.20142216567
2025-11-28 05:00:00,1146.0066426186634,53.399592257285846,23.133297155054827,1526.6547960516746
2025-11-28 06:00:00,241.8889444819516,71.29826155679712,21.07469313723696,2367.88996638643
2025-11-28 07:00:00,1600.107826292476,59.40535049910392,19.04902023247542,2833.1659556395334
2025-11-28 08:00:00,1466.1260102506099,55.179490936530215,37.7658987912887,2766.624848498346
2025-11-28 09:00:00,958.851515080285,,,2897.7678900493875
2025-11-28 10:00:00,1744.1152459405898,43.16895071145235,3.801186662604334,
2025-11-28 11:00:00,810.1936647676695,37.89235381572612,3.8968606552293097,1669.4381515935925
2025-11-28 12:00:00,1772.9875423620463,75.9527766754631,2.8807626870827954,2276.2321322306825
2025-11-28 13:00:00,1235.463997966166,21.470040276807588,19.00239856245764,2660.563223263913
2025-11-28 14:00:00,1178.9411645317005,1.5091629072348516,32.609876218727834,2578.0433818708525
2025-11-28 15:00:00,382.12332200283447,58.967470853135296,9.96378832494268,1448.0963129560755
2025-11-28 16:00:00,1599.2771891178947,19.019134343855995,29.444614898988178,1436.4001115726028
2025-11-28 17:00:00,826.7324694650457,80.22024713157303,31.231892772562983,3327.0414454259453
2025-11-28 18:00:00,375.7967898302149,77.4551233438924,12.22889345668631,1618.791455583519
2025-11-28 19:00:00,121.43278395879037,7.828736101610324,27.424536866667687,1918.3711744246161
2025-11-28 20:00:00,1051.5846621852504,10.468568081852883,31.134206961181285,2912.0324125279476
2025-11-28 21:00:00,996.5793576085498,45.0702717099533,21.53099940329353,2160.3218592286676
2025-11-28 22:00:00,1322.9011580275696,55.22081698647256,15.815530280324182,1681.0761918460687
2025-11-28 23:00:00,1613.4386901302637,25.466842035919427,28.242668269270403,2281.188002850541
2025-11-29 00:00:00,234.99119389315018,64.79499678624398,44.025271842434506,2494.794938603068
2025-11-29 01:00:00,1343.5440335786159,53.94752586177957,19.781022012235034,2250.809879483959
2025-11-29 02:00:00,418.6003049658898,29.909345767621367,18.236344236545325,3229.7867584914293
2025-11-29 03:00:00,1558.9009903671788,3.258062435766088,21.427743706748988,1897.868519708959
2025-11-29 04:00:00,1492.4079735648154,67.76337503556807,4.3536093115821215,2688.7975374693087
2025-11-29 05:00:00,1019.3493834754255,20.11307625843236,25.33918430554116,1535.8189149607852
2025-11-29 06:00:00,1307.4127576596295,75.26816316817393,15.462685037559599,2123.7994610944556
2025-11-29 07:00:00,634.3951924123722,38.40583314482871,6.34257338257555,
2025-11-29 08:00:00,900.9854281857848,52.359892394227124,21.515296609164427,1772.1155752378775
2025-11-29 09:00:00,1496.7827261078019,78.69243700640116,1.1488954092550068,2538.519195874266
2025-11-29 10:00:00,880.7508351944637,77.86244708187584,18.67855078716139,1622.2177613390268
2025-11-29 11:00:00,708.2570510532511,34.06524219667802,5.652351788763822,1515.6735518588794
2025-11-29 12:00:00,940.1611603255099,19.59111145162104,2.068878949590333,2398.7887727425896
2025-11-29 13:00:00,1508.023729143271,69.98800091784493,37.276902034758095,2717.5230917806603
2025-11-29 14:00:00,669.8536805304836,,41.31494734443593,1538.0708390924153
2025-11-29 15:00:00,395.39470833076444,18.091737426751365,10.137684527800692,3227.330129983122
2025-11-29 16:00:00,1310.4238345623273,81.49385546622636,24.729123608707496,1774.1217516646805
2025-11-29 17:00:00,1504.1629616037392,18.63127328745678,13.230158913763336,1551.94814713453
2025-11-29 18:00:00,271.08371349000663,3.296837969019566,22.717407301576017,1725.667707535442
2025-11-29 19:00:00,,2.804917665300377,20.21177811934305,1656.102158716868
2025-11-29 20:00:00,341.35238259368964,56.38606672442952,12.838246423541369,1490.4167662871928
2025-11-29 21:00:00,691.5003996896833,59.8890804038602,31.8173175039531,2975.4623930352855
2025-11-29 22:00:00,865.5966641392015,28.68271175007157,6.5656022100911855,2340.629326962633
2025-11-29 23:00:00,1373.004772837621,,3.3352024155401536,2115.890824795234
2025-11-30 00:00:00,1206.950894298846,31.214958440334904,,3296.3186466666793
2025-11-30 01:00:00,1155.578564713333,61.5341106615402,30.30092137370991,
2025-11-30 02:00:00,699.0374092364125,6.173907401387744,22.93514946244151,1650.6427246990977
2025-11-30 03:00:00,1530.460840244092,83.69135538952798,21.58274990079183,1875.4900730458521
2025-11-30 04:00:00,901.1881845768797,,22.886100697622755,1801.8297205360525
2025-11-30 05:00:00,1764.4783946257628,89.97091526654621,20.229059348341607,2347.35668708294
2025-11-30 06:00:00,1178.0416351027527,16.265519747059642,18.287261016571883,1912.1607603046054
2025-11-30 07:00:00,314.6500606596546,69.6676347008016,22.986386526989293,2383.7284615913595
2025-11-30 08:00:00,1249.501855528238,20.88371649873663,24.254667531029458,2705.516192388257
2025-11-30 09:00:00,652.6768262338883,8.195365346249604,,2932.3274499978415
2025-11-30 10:00:00,1266.7562343663656,78.86906586720775,,2791.331340661185
2025-11-30 11:00:00,218.38995187608975,77.42886206798939,17.615679526166364,1731.740504558358
2025-11-30 12:00:00,397.29844319913093,36.91776492801452,19.195783000713504,1543.3894104097828
2025-11-30 13:00:00,1554.7533401398368,63.51325668609799,17.442675468393812,2439.145334112627
2025-11-30 14:00:00,486.2052469399753,50.578868008868625,24.607574039531258,1717.7147615371048
2025-11-30 15:00:00,1522.969912912998,76.91309411696365,20.947555668224595,1478.360815720178
2025-11-30 16:00:00,574.7693503724977,29.039981269360243,40.14224437799252,2406.898120256776
2025-11-30 17:00:00,1192.899247099803,47.60684359990968,31.639895744324793,1986.2677887263703
2025-11-30 18:00:00,1280.0559749667127,44.19814103720499,40.540880885195605,2887.912925070858
2025-11-30 19:00:00,971.51308034659,32.49761853686043,32.20202762861473,1959.8024241516778
2025-11-30 20:00:00,619.0281503844432,80.33950074551713,43.72365453504782,3355.305987817209
2025-11-30 21:00:00,461.4954398308634,15.763135294965657,28.97241824323184,2892.898701647487
2025-11-30 22:00:00,156.42190275612458,14.306268917341958,43.396206079174405,1421.1557651266105
2025-11-30 23:00:00,616.7088821092304,52.34494864372487,7.959475178014747,2368.6327547481797
2025-12-01 00:00:00,1210.376743903181,59.51698646865984,3.3090179564937694,2481.503052549632
2025-12-01 01:00:00,1695.1181913624205,18.3211136348863,26.48150814896981,2760.135692431355
2025-12-01 02:00:00,1581.0476198471883,35.77385236066155,44.273701055190095,2345.3732737708924
2025-12-01 03:00:00,1402.3101201100144,85.24418202510819,19.374630881305457,2315.231556670604
2025-12-01 04:00:00,1440.3604835306078,22.948950619469986,10.329907936490223,2072.671084522987
2025-12-01 05:00:00,1230.474335909192,60.48410248844807,23.947823764514617,1870.068906188265
2025-12-01 06:00:00,542.4876578622051,66.87329603908559,29.5471394814711,3287.020445151142
2025-12-01 07:00:00,1642.2315521999108,40.8834542523992,14.867862602699114,1966.953006232181
2025-12-01 08:00:00,1240.244930239918,84.43981282160289,32.44985177396742,1433.1847816186944
2025-12-01 09:00:00,1052.749072666748,66.56244943447236,43.90503831001193,
2025-12-01 10:00:00,288.68209766291784,41.755287607619906,40.46637735526714,3100.2809356867083
2025-12-01 11:00:00,859.9944244709233,51.67083295807237,13.829756434536591,2531.930264159106
2025-12-01 12:00:00,882.6090610432747,62.64259646483396,15.375842058362327,2935.439153691838
2025-12-01 13:00:00,1569.7581361885389,53.70492605820042,17.3478138757819,2998.441246893358
2025-12-01 14:00:00,1029.3019743192403,79.20408496052076,18.360322249320394,3028.796522343254
2025-12-01 15:00:00,746.6809332496964,32.7630909429557,5.414057964504295,2456.288786263678
2025-12-01 16:00:00,1760.560558468121,27.689830864966638,34.52636491112873,1671.9532509681203
2025-12-01 17:00:00,288.22500865473665,,17.074927598870822,1611.2887796958976
2025-12-01 18:00:00,818.3323281303059,4.3626841577489675,39.712078975039894,2505.3672827877363
2025-12-01 19:00:00,171.441947791389,4.828242829824925,,2069.6801427399205
2025-12-01 20:00:00,,78.43491218672617,2.074977609538277,2471.9013066161115
2025-12-01 21:00:00,1660.730138738556,61.376990030125754,44.494135076841076,2346.8034728995162
2025-12-01 22:00:00,576.063460235832,59.78738497384727,32.24100018600812,2564.6159673648517
2025-12-01 23:00:00,1559.1808505585054,55.703210885204854,23.89725794369034,1367.4347605467872
2025-12-02 00:00:00,596.7709917852262,76.58050387777533,18.139214768392346,1368.9570293232591
2025-12-02 01:00:00,1648.309274794656,43.74375638424085,23.814797834827367,2815.3498587818685
2025-12-02 02:00:00,1381.7352361145327,,15.283487855051556,1705.5672120277118
2025-12-02 03:00:00,1468.3415206304458,32.99060733021929,28.398263802648124,2669.6167706033184
2025-12-02 04:00:00,130.61114452077265,83.47696788617905,5.091132163570814,2447.8094126620545
2025-12-02 05:00:00,1736.7776070258442,63.18047122723037,28.32939452811965,3361.768389949709
2025-12-02 06:00:00,1335.3406865195495,23.888765106174027,13.115173406091541,3054.352345654431
2025-12-02 07:00:00,618.0768621564266,51.20355803028764,1.7759324783032402,2167.5824947958336
2025-12-02 08:00:00,1509.9709302600397,48.439719972454746,25.319053711166614,2594.4669221956465
2025-12-02 09:00:00,578.5860373053808,13.272995133999723,26.45170125751864,1546.3078601734912
2025-12-02 10:00:00,1583.6815272624176,53.62061861180466,19.769036207307586,2111.410690221
2025-12-02 11:00:00,291.38666370029296,29.01592051080926,4.1805942322139416,2841.1642562887364
2025-12-02 12:00:00,1296.2661616833527,5.659040246054617,40.307089923384424,2607.610326670173
2025-12-02 13:00:00,1019.1874102963476,85.43039803588427,27.902955518027113,2317.3897811924517
2025-12-02 14:00:00,,58.09264284672162,6.091385181034662,1670.711118510605
2025-12-02 15:00:00,511.21950804002626,79.04578493650538,23.480945370142496,2986.6064449308437
2025-12-02 16:00:00,121.08686167143514,61.16898444617953,22.879189901732744,1873.6498692643115
2025-12-02 17:00:00,896.9055412896599,32.771548600470055,3.6576822268887867,3023.00607149001
2025-12-02 18:00:00,612.1509432920006,46.62923843726421,27.70182695852969,2584.3790318694864
2025-12-02 19:00:00,1117.20772330619,61.14146167089876,36.566361552548834,2082.735998692454
2025-12-02 20:00:00,605.3042731046492,86.46245694292794,33.956354386933036,1385.2709661159822
2025-12-02 21:00:00,,23.576581861830984,9.930654223224067,1788.0795731231915
2025-12-02 22:00:00,1363.4284378437258,78.87295821754647,38.940871300385304,3167.0489435251443
2025-12-02 23:00:00,181.84282116320088,83.24292467118998,16.071855289011438,3017.7461221810063
2025-12-03 00:00:00,1634.9214918263783,60.66698080464713,42.64636864484542,2507.1919571616054
2025-12-03 01:00:00,1548.8485864650086,83.88272983871906,4.156910425931404,2279.2771743204667
2025-12-03 02:00:00,1235.267961484891,36.41119428548579,22.39318229487308,2658.9996265932296
2025-12-03 03:00:00,1108.4766691825535,85.8184396675994,27.273472595812166,2279.121068470933
2025-12-03 04:00:00,1616.9142468374089,63.54767606777176,11.896604332882609,2653.0401655101946
2025-12-03 05:00:00,415.0613051988146,4.738513300274259,34.94072830369002,1945.5486092863316
2025-12-03 06:00:00,234.24757572440865,81.71168203189569,28.58340991167155,3060.8441576140976
2025-12-03 07:00:00,507.1672888462148,44.11808000395414,1.7968152406700444,2774.02757627706
2025-12-03 08:00:00,1450.7830737903234,41.96910164522713,27.768217990634376,1992.9488196981529
2025-12-03 09:00:00,158.93945343502165,51.41552793218745,22.62504231441164,3044.3988411292266
2025-12-03 10:00:00,1090.7716196419324,14.295224662639285,9.625284874954339,2323.419314791676
2025-12-03 11:00:00,1792.243777525227,42.75577832249848,44.8129219906193,1666.741615948669
2025-12-03 12:00:00,,74.97032228787937,40.47513657241506,1463.1961702074059
2025-12-03 13:00:00,986.4576713741021,2.3779388632388647,13.870338581278794,2769.172070038163
2025-12-03 14:00:00,208.189545787292,25.289627268869047,24.80712051513912,3116.753688836822
2025-12-03 15:00:00,1513.3349744557067,1.2184581935021357,14.926094156052793,2995.6281760485417
2025-12-03 16:00:00,1118.263463901258,37.9983065143365,35.12181307198743,2676.867163466519
2025-12-03 17:00:00,295.3860950012636,65.82008043394238,41.93458306064402,1596.8876167700128
2025-12-03 18:00:00,259.55738419970555,72.09069279120193,16.788458704232877,1497.4925595509724
2025-12-03 19:00:00,1646.3655930422071,85.12188874030359,36.44570696231961,2024.5622083246233
2025-12-03 20:00:00,1237.6404469947333,55.1569105544,22.929931879381016,
2025-12-03 21:00:00,1509.7875588384843,23.661791132107698,18.4494566977094,3319.646167643995
2025-12-03 22:00:00,1594.2641304798544,83.24916747316621,42.29056149234587,1806.8577951788498
2025-12-03 23:00:00,1072.0129984821479,70.00310209535347,23.457806303637383,2900.400908221612
2025-12-04 00:00:00,,52.12413498727987,21.566062011328455,2505.1253555051317
2025-12-04 01:00:00,831.7265975456834,62.9119791989853,30.587113686343095,1366.7954708636798
2025-12-04 02:00:00,638.8091992449027,83.2641555956612,12.494304844804514,2440.1243348591734
2025-12-04 03:00:00,838.81313345981,64.40306853409002,15.290886314685894,2992.474846277646
2025-12-04 04:00:00,1415.5954147412658,33.78533117504133,42.0100167944994,1879.8578450224556
2025-12-04 05:00:00,1123.2698327257235,64.4595100037296,30.855313199225463,3184.4594103379677
2025-12-04 06:00:00,1617.2895929232384,4.58475648344952,37.37203450192425,1796.1468544367376
2025-12-04 07:00:00,853.7460244446191,35.39098500292173,12.928917525158903,1460.5935785525141
2025-12-04 08:00:00,1132.052283821882,37.16274983425656,24.92676835691437,1635.8725498230845
2025-12-04 09:00:00,1173.2228402563808,15.848602863454285,43.74143574753792,3057.7060243139285
2025-12-04 10:00:00,1105.8851759207532,3.0546077691075455,15.022971557241576,2176.3424299830094
2025-12-04 11:00:00,1294.4774142453778,12.870930060759111,8.060964957949842,
2025-12-04 12:00:00,503.6368962371707,59.2613131259379,23.478984361885217,2415.5894280781495
2025-12-04 13:00:00,971.0184218278441,72.40370465636819,18.06412790389455,2309.174162068306
2025-12-04 14:00:00,277.18216477419105,88.9501108527007,8.021398242615396,2994.517618134177
2025-12-04 15:00:00,753.6692569961814,31.82635177665599,40.09626083894819,2189.3239845959897
2025-12-04 16:00:00,929.0340166561494,54.344750781238055,44.59185206436622,2984.268735239373
2025-12-04 17:00:00,1208.781241227303,,26.017615950359904,1511.3905464232357
2025-12-04 18:00:00,1715.902789396546,,35.08577780843198,2636.2527126324385
2025-12-04 19:00:00,1121.106813132205,64.87045718450409,38.79768826003718,2775.432818759168
2025-12-04 20:00:00,1364.1096575001516,68.19310725027553,31.843208264960385,3188.1045318976594
2025-12-04 21:00:00,960.6523011418446,8.918822692371116,2.9428661609161733,1771.0802293040094
2025-12-04 22:00:00,1177.9768533397632,77.65119528129279,7.9359061955399826,2568.861748194988
2025-12-04 23:00:00,220.58476742741482,73.3663491928651,,2209.8387837473683
2025-12-05 00:00:00,532.4656874311399,3.9728675853916657,1.4347026922504886,2103.820476642461
2025-12-05 01:00:00,715.1502584487358,9.106512924324582,14.463841985318409,1524.0984659451108
2025-12-05 02:00:00,903.238703511073,5.372293556374856,18.263662261188628,1581.8899942493788
2025-12-05 03:00:00,177.60286735405236,30.792174330143236,11.605308222780732,3057.6757690400573
2025-12-05 04:00:00,338.04096584064007,46.326720170513426,3.8426045157981212,2874.4822078836805
2025-12-05 05:00:00,570.5843232452198,48.37894778796196,24.313975996813813,2102.916373611311
2025-12-05 06:00:00,1751.605574531786,24.822341619480397,13.026050078114233,3039.821820918225
2025-12-05 07:00:00,663.2899120751863,82.1321229038644,36.02563481399674,1469.6089881295147
2025-12-05 08:00:00,,,1.3543153515123727,2612.025225769654
2025-12-05 09:00:00,433.366111655268,5.053963880916372,38.07119025665485,3123.1697107000055
2025-12-05 10:00:00,1138.326120828806,27.720212927183386,43.009161873622105,3061.6148851656235
2025-12-05 11:00:00,577.1614663771563,48.26873860642984,32.509942778757065,2082.843795877906
2025-12-05 12:00:00,,37.33174221035265,33.28033887155293,2864.991091419677
2025-12-05 13:00:00,978.1734683581644,25.371984199834067,42.07674171052026,2197.683105591743
2025-12-05 14:00:00,109.3598585727154,12.68776922902425,10.19913655321536,3064.2901452188935
2025-12-05 15:00:00,113.02885550368306,73.90564050856445,44.76088500117737,2414.6000953255484
2025-12-05 16:00:00,472.41697547315823,89.65692654905308,35.033172948655846,2906.1998031205867
2025-12-05 17:00:00,162.42631625139595,30.329249883625504,,1465.0003228125106
2025-12-05 18:00:00,283.64378202217534,34.96427293171775,16.88798547579288,2539.054540378612
2025-12-05 19:00:00,676.0631038758777,56.00533969624918,25.014209357846866,2455.596772685611
2025-12-05 20:00:00,1464.3956552856819,64.94129125146318,29.772382684027267,2580.9511156438366
2025-12-05 21:00:00,1072.4826937278115,35.89062859751962,28.295085897957502,2760.8473766227394
2025-12-05 22:00:00,971.5351341259079,81.53872701138155,32.01932409301355,3228.028837071698
2025-12-05 23:00:00,598.9309994538069,50.84035504137373,4.624796519450067,2949.932371729665
2025-12-06 00:00:00,1683.981323035788,41.08471680012786,16.64853104459466,1761.2397820132999
2025-12-06 01:00:00,774.9255701032258,58.553875031231556,20.096000730200995,3034.3821655134016
2025-12-06 02:00:00,248.05770355281155,85.7995424941764,12.467689106498526,1556.3673229917008
2025-12-06 03:00:00,1149.013077400262,71.7151542035318,8.595599891845845,2606.617029917646
2025-12-06 04:00:00,293.5252689102224,4.561168617626066,7.1128091161659635,3153.7829973164808
2025-12-06 05:00:00,686.8793427628765,30.575582055856408,17.120869259289744,1512.3563138512982
2025-12-06 06:00:00,962.600295820275,42.87847696065882,22.7114348247529,3084.354571951547
2025-12-06 07:00:00,1586.178291964799,28.992063926610367,3.770963366453071,2977.103541883516
2025-12-06 08:00:00,939.0291865782017,63.31669291391063,42.64415616198418,2357.9284110620483
2025-12-06 09:00:00,1293.8399022538292,74.53795433776972,34.670706205873365,1948.6849648203486
2025-12-06 10:00:00,1787.7886262984196,66.08971347148918,33.15747802016053,2151.420278950242
2025-12-06 11:00:00,323.5315038265687,89.0506625277165,8.605863099503985,3334.1820849704445
2025-12-06 12:00:00,567.0435933831832,25.25674066247959,27.567233792536314,1723.5648679188773
2025-12-06 13:00:00,770.7793285159989,78.87406505717351,24.307897659581368,2517.16900444278
2025-12-06 14:00:00,817.1079035160133,69.22941720052927,44.22862921461453,1474.8055705452362
2025-12-06 15:00:00,798.7358279514278,33.233909422675005,33.89755788352695,1757.5754347972616
2025-12-06 16:00:00,1642.9387043461434,66.3370843854702,26.33352288351417,2902.9644149564933
2025-12-06 17:00:00,1313.8554955936559,10.26276012122398,38.435757324685376,
2025-12-06 18:00:00,1133.4388639541964,71.25067992830915,7.824147917871217,3370.1087481817426
2025-12-06 19:00:00,625.9336203667295,48.37742363025213,1.6695273064029967,2351.715790497064
2025-12-06 20:00:00,1500.443653176201,27.01382537112353,31.37026667023902,2384.73258314626
2025-12-06 21:00:00,1723.602869524481,59.364179858792035,5.325704250438449,1376.260952605044
2025-12-06 22:00:00,1496.037080335385,58.104179885582404,6.079080159274405,3308.706174112259
2025-12-06 23:00:00,102.66067882550394,19.644273822044376,33.765951962679345,1665.8902258572778
2025-12-07 00:00:00,1181.8823293117919,3.705369918225826,12.90353314189552,2430.515257501929
2025-12-07 01:00:00,186.93014845157123,39.59241023424897,28.659773485031288,2130.916680913336
2025-12-07 02:00:00,537.9322745673271,51.68655637165349,41.36590474808093,2172.727871563672
2025-12-07 03:00:00,201.19199059121186,79.01786977498325,14.924879392065765,2650.9303486758276
2025-12-07 04:00:00,1126.4522700139592,83.6112948126359,10.554342944956428,2690.3862218942027
2025-12-07 05:00:00,1267.2028529374315,48.06366441595221,5.6887668846062756,1624.0060912020035
2025-12-07 06:00:00,294.6289847120387,68.08851005540049,6.740343902467949,2349.131971555974
2025-12-07 07:00:00,752.5261011764651,40.09799123719173,3.73779859666908,2960.0026431978995
2025-12-07 08:00:00,875.6020652244214,67.40131193498748,4.856264668508565,2230.901615459682
2025-12-07 09:00:00,727.3901369935581,19.227335719585856,20.008201907602775,1648.1893887358183
2025-12-07 10:00:00,305.7425008248282,34.0247613975143,15.118061981054668,1957.7555806290504
2025-12-07 11:00:00,812.2112433187082,57.446291894411715,32.08867583021191,1745.9970846206475
2025-12-07 12:00:00,1377.0026812743108,2.6160589390300157,39.29063296286808,1564.2166826211578
2025-12-07 13:00:00,220.7130297065343,65.29905662016691,35.53002093826491,2092.920367614243
2025-12-07 14:00:00,236.30602393923587,75.36265961286685,24.348039293288696,2435.9661107159577
2025-12-07 15:00:00,703.1111961211732,,5.507453114236751,
2025-12-07 16:00:00,1700.9337097521725,40.866875128767624,32.22976049342836,2568.029081679185
2025-12-07 17:00:00,1236.573499428954,76.76411688727126,16.964463887982436,3385.351324356176
2025-12-07 18:00:00,1253.7389263433602,70.03326254401698,4.768617332278048,
2025-12-07 19:00:00,715.2639844243704,26.645304523970374,38.06852191735553,3041.2643121982337
2025-12-07 20:00:00,1109.2233450545154,29.83387348397697,15.881526756030244,1859.3163368850464
2025-12-07 21:00:00,117.22301284716374,61.4201626827631,10.60294863050914,1347.0559526066713
2025-12-07 22:00:00,1181.3632788962218,51.12463022788635,39.3438908432291,3050.437576053987
2025-12-07 23:00:00,1652.5878108796026,15.438431827588227,40.69389021166822,1417.0124871552978
2025-12-08 00:00:00,1141.3748961861927,28.583761921395812,15.914716836428633,1731.8189710886177
2025-12-08 01:00:00,1585.2876088927865,81.09851164220021,16.61126244838043,2443.351752438247
2025-12-08 02:00:00,1330.7541942923594,62.247524868281445,26.50365521365834,1674.5938822016515
2025-12-08 03:00:00,304.94930788627346,88.75171427401123,33.271425727668955,3050.955495727148
2025-12-08 04:00:00,1634.170622385931,69.26411516828848,3.7785648839019923,2932.035362145641
2025-12-08 05:00:00,212.9545354048173,84.83572446077953,27.107120916292754,2887.1159620482244
2025-12-08 06:00:00,1007.7447033311984,20.24078307447231,42.92408271847759,3013.8679933849107
2025-12-08 07:00:00,341.633110448878,69.66215385870639,12.532131475917963,1761.3737385556853
2025-12-08 08:00:00,119.90123824253692,2.7993592931539713,40.98839742026509,2830.6739899144736
2025-12-08 09:00:00,817.4582422169863,60.69764193232652,42.80740699357612,2046.091155442706
2025-12-08 10:00:00,601.5692030120656,42.766122752701484,12.842760202727948,2700.3739950936388
2025-12-08 11:00:00,926.2008394559251,31.86164640088611,34.18488209895543,1556.245630125467
2025-12-08 12:00:00,1081.2398074487364,77.75398735408493,11.50610036606064,2781.7318181354813
2025-12-08 13:00:00,174.3564229252105,77.02982464652023,33.45489111621384,3341.4262285916375
2025-12-08 14:00:00,309.1056017103676,2.9848517359792788,36.086478736708344,1391.5607671693042
2025-12-08 15:00:00,1049.692073965723,55.24595589799936,11.877050963268575,1497.040692450878
2025-12-08 16:00:00,683.384500393519,33.73706796456512,32.49825991766234,1559.6372114098292
2025-12-08 17:00:00,1339.5949288340616,37.993829133539975,36.732599710019954,2204.1842003767324
2025-12-08 18:00:00,1208.8958026062974,75.05162579047106,16.777470372704116,1910.6383883594126
2025-12-08 19:00:00,1537.5274170828416,28.575739665963365,8.378922143547985,2994.532322435457
2025-12-08 20:00:00,1277.237805337683,84.93134414674819,5.046440961970597,2294.953202322019
2025-12-08 21:00:00,830.8828315632518,16.987410547120525,26.316794958837445,2317.52841964596
2025-12-08 22:00:00,1244.043258070535,59.98229567976782,,2805.780012783243
2025-12-08 23:00:00,568.1479962342115,60.81735096422506,37.20981408097751,2060.134863325066
2025-12-09 00:00:00,620.7329479229616,23.44536936708472,20.176944113120324,2041.7352195829735
2025-12-09 01:00:00,1441.2747718653486,29.902804198080975,24.611319725618177,2889.545414017709
2025-12-09 02:00:00,858.9131778826896,75.2970658396147,13.299226958120034,2938.0876662572064
2025-12-09 03:00:00,1457.2465788811992,68.80066769099076,8.174898163842798,1330.237422318921
2025-12-09 04:00:00,1498.1180352360734,30.289533348013602,,1601.9599992655394
2025-12-09 05:00:00,1557.8559740241824,48.522132677209115,21.394068911356147,1747.5061804118075
2025-12-09 06:00:00,1658.2799009300525,,23.964917923365448,2038.3609843915401
2025-12-09 07:00:00,832.6748748726036,19.578383533478004,42.92340176481339,1912.0409752071014
2025-12-09 08:00:00,642.073591145936,44.23802973857552,27.571393206369976,2703.892101615381
2025-12-09 09:00:00,1089.7378692099935,8.651662439849833,27.653960811384447,3039.0839909862125
2025-12-09 10:00:00,730.9931198439668,76.05657958538244,6.633089565887378,1703.3826629476507
2025-12-09 11:00:00,1121.826083560396,64.90255269958067,44.8455101117801,2482.258127264092
2025-12-09 12:00:00,1299.4959664945018,84.98339668771604,35.00517754632541,2072.4141272701754
2025-12-09 13:00:00,1270.2885314366326,62.718554630798415,39.59694714013621,2362.13353759673
2025-12-09 14:00:00,736.7399079342063,84.69572213133452,19.22921812056374,2603.5914677451274
2025-12-09 15:00:00,383.6623428878798,50.35161745649589,23.093636214567496,3176.559619232223
2025-12-09 16:00:00,831.8998753857528,54.41945638451528,23.971687603140165,1703.8146024372895
2025-12-09 17:00:00,342.4100449392448,87.95042386173722,9.540159728742628,1482.7138328177268
2025-12-09 18:00:00,1613.164959812474,58.149494070919175,31.337522878386117,2617.1450299952403
2025-12-09 19:00:00,687.9916832543576,3.7400046286064472,40.73097583916809,2127.674782422516
2025-12-09 20:00:00,362.5815702796504,65.41844712011657,8.203055998090436,1642.095655915276
2025-12-09 21:00:00,143.2611918397765,81.58671360023,4.798004033391238,1545.8830514451738
2025-12-09 22:00:00,1197.8980566870232,,33.481631843775055,2473.710552435463
2025-12-09 23:00:00,1182.7339396730636,52.96116126366261,13.02088059361121,1930.9882485092107
2025-12-10 00:00:00,679.0270831881959,60.74601266532295,28.44995183116249,3394.5953971305535
2025-12-10 01:00:00,221.9102110410067,89.12706924339878,31.61336687165595,2152.3917205944995
2025-12-10 02:00:00,796.3691213218945,9.068925877331111,15.16407359760016,1745.8018784068836
2025-12-10 03:00:00,629.0697416077691,60.384789748358315,36.866362286734514,2620.5829947462835
2025-12-10 04:00:00,1251.105087549516,26.222394816782852,25.199515213025542,1812.9352683500645
2025-12-10 05:00:00,1129.8247240695737,57.96804529616914,39.23597394987932,2337.5806907854385
2025-12-10 06:00:00,719.809337935818,55.07849825367055,34.58491631259369,2313.4099858141153
2025-12-10 07:00:00,470.41734223348317,14.657658057626424,39.21732780964797,2252.471022403048
2025-12-10 08:00:00,,19.400451470881286,1.88710081318734,2971.7799621661075
2025-12-10 09:00:00,871.8027560333953,56.325032445846,11.714275472498167,1754.8873030789862
2025-12-10 10:00:00,1270.066200826403,12.412465310035897,4.9603493796213,3199.0453406479874
2025-12-10 11:00:00,338.9400448832133,24.601097886598733,20.451652756331363,2961.815056748422
2025-12-10 12:00:00,925.5024894209763,75.33685374868222,40.158245351074,1999.5569649109798
2025-12-10 13:00:00,146.81242377809133,30.111144034145838,21.571771539742244,1679.2652631882909
2025-12-10 14:00:00,959.2737004477649,44.437353908,38.38737396153734,1887.0235514641568
2025-12-10 15:00:00,1738.829592100094,84.76148982797979,15.395842472849987,1998.5361185090646
2025-12-10 16:00:00,753.1514120758604,21.21626890648822,15.941083203431106,2469.559654494798
2025-12-10 17:00:00,166.2932213773497,35.67671554486292,40.40471613438261,1397.3731545086653
2025-12-10 18:00:00,152.624844562884,54.97474202337556,19.735954446514867,3220.1541726893115
2025-12-10 19:00:00,759.5774919096781,68.22516472585353,35.74968146296532,1507.2171989883332
2025-12-10 20:00:00,372.0423919874299,81.24715141743076,11.412316106803658,1886.474127610073
2025-12-10 21:00:00,139.69856375791605,82.47709589404285,42.74723650581596,1529.5036197012298
2025-12-10 22:00:00,1385.5631437153006,70.12096661916344,26.28144284734513,1839.0129357038863
2025-12-10 23:00:00,879.4891150992141,21.321444456804628,34.41023701744968,3059.1150190784974
2025-12-11 00:00:00,591.7161123535127,3.2080303737883566,4.938690790974961,2591.8692039048087
2025-12-11 01:00:00,1630.1414111280171,35.15587980165052,22.677225936543262,1777.3787726879095
2025-12-11 02:00:00,297.4362323408935,13.597847737916275,40.64569390029702,3130.692912578609
2025-12-11 03:00:00,1725.0620092240426,64.22450062200852,39.5896996779054,2981.495324358818
2025-12-11 04:00:00,633.7434195414997,59.840622227488794,3.059814118306012,2882.663492875319
2025-12-11 05:00:00,1610.286242924758,4.91347610430948,14.362732641673656,3080.0286666099973
2025-12-11 06:00:00,1125.0028900150846,75.45684634265464,20.506080285079523,2601.2643311884617
2025-12-11 07:00:00,1505.4025115605286,23.138150699915222,8.579651831654681,2353.0184564435876
2025-12-11 08:00:00,1772.8223774577893,39.46820971870276,33.1199256835587,2085.2635549599177
2025-12-11 09:00:00,590.2892442918677,60.446102455561075,9.118527806343309,1769.9044428561665
2025-12-11 10:00:00,1733.930325192908,39.218272029850546,16.252146552274993,2470.564481058479
2025-12-11 11:00:00,762.1192213341146,40.274614449194964,30.184348021744004,3167.9339259995854
2025-12-11 12:00:00,755.370238052768,6.840891584880893,22.211931159077118,2547.3617568838827
2025-12-11 13:00:00,678.6580772326597,36.72847588414034,33.497125699935324,3231.174409613337
2025-12-11 14:00:00,1020.3929324908949,69.07146249657853,43.293147653805825,2049.5264761456438
2025-12-11 15:00:00,362.04657340342806,82.4506940096072,6.12805425946869,2759.7897423077447
2025-12-11 16:00:00,1041.309525108619,37.80124519864009,32.22097952151468,2662.1974921715464
2025-12-11 17:00:00,1020.8981810970068,38.69913859223802,11.13514284781304,2707.911072531758
2025-12-11 18:00:00,1395.233081428279,63.53381246280504,19.236976005933048,2654.5882257056646
2025-12-11 19:00:00,1517.2049352938955,84.90670809836962,2.4459599349861523,1765.4748173679452
2025-12-11 20:00:00,848.7502955311209,24.76842368130306,6.979924820878754,1601.5408863946127
2025-12-11 21:00:00,613.9665238975393,40.17283438187638,15.070200718151586,3355.1193380873233
2025-12-11 22:00:00,540.8693254390606,71.84161867615481,16.047375432671338,1395.1197705692525
2025-12-11 23:00:00,430.8605223982823,55.26272767428943,40.58174952433222,2282.2466227593677
2025-12-12 00:00:00,198.0008897383423,10.842184612791971,33.639768007726666,2192.66866599791
2025-12-12 01:00:00,682.1615640190126,56.86821346504165,43.77605060022981,2056.03981225166
2025-12-12 02:00:00,559.4210766223316,17.620419329162093,27.359146454750583,2942.16609251109
2025-12-12 03:00:00,1742.9095559728926,46.40921813297797,11.63540421201799,2865.2356054562833
2025-12-12 04:00:00,1048.1050046250748,48.090190821779025,15.416821316552285,3200.9723394128746
2025-12-12 05:00:00,690.3709663518629,78.98209923802365,15.072780624846551,2130.5238049925365
2025-12-12 06:00:00,1086.7949216892832,42.161990387107,15.36575041718307,2484.7770086518653
2025-12-12 07:00:00,336.6343922876824,25.870375578994587,30.61042361691989,3173.8447994184535
2025-12-12 08:00:00,854.8743736437449,21.55600499122681,24.355548835978315,3387.0809319963073
2025-12-12 09:00:00,1164.5983464158085,78.80841702490592,17.95866383581235,3335.5181609672454
2025-12-12 10:00:00,931.1263140471674,16.21996604322233,7.55994982406353,2807.472129664342
2025-12-12 11:00:00,783.0239611123512,38.90230191859979,1.97412316945442,1600.777871401377
2025-12-12 12:00:00,1789.5422611294869,17.658407228498284,10.628725813858473,1348.6906247653558
2025-12-12 13:00:00,1596.5350956531759,69.8240595701794,5.728741774621976,3032.9585484461777
2025-12-12 14:00:00,1159.7901288710482,43.21916495774109,35.55958135749853,3065.9782514328335
2025-12-12 15:00:00,1067.9415140098808,32.25178845955627,5.949910143810957,2867.357907353286
2025-12-12 16:00:00,1155.122815701793,33.137868015755544,32.866042441500795,1887.8393205983623
2025-12-12 17:00:00,442.23058329813654,76.84706439834517,17.968982350147638,
2025-12-12 18:00:00,771.7341635493416,50.285881932204994,4.228649148726143,1964.1217278120757
2025-12-12 19:00:00,167.08120591452882,64.89023875068247,36.760122174989775,2246.361316811942
2025-12-12 20:00:00,908.4282637276053,80.83642794631092,26.503745090410987,2103.113678459072
2025-12-12 21:00:00,1023.1417927280274,81.25500916761715,11.373506565997214,3218.644182259117
2025-12-12 22:00:00,487.1745513754563,30.23730583606982,40.365971670637386,1791.7303945621388
2025-12-12 23:00:00,1738.8490401813733,85.76816242002829,2.991365810304264,2512.9828996048755
2025-12-13 00:00:00,1646.0728385933114,3.2139534992998846,9.880062760701568,2058.061210971104
2025-12-13 01:00:00,1327.64350027504,34.538364930438746,34.09006482345789,2692.449335019874
2025-12-13 02:00:00,1006.7572689011164,80.7260983182869,32.21262893363512,2485.5825964726973
2025-12-13 03:00:00,1578.9475714010644,25.44268230371148,13.727954523877033,3240.353130868475
2025-12-13 04:00:00,322.10898449988696,25.304249078597334,3.729094515522457,1513.3855185725477
2025-12-13 05:00:00,1443.8666502673045,27.933383372288095,38.755435177897525,1763.3457634892031
2025-12-13 06:00:00,312.1953837436421,55.49589125137608,14.802696075075714,2909.3307240452173
2025-12-13 07:00:00,1450.1581263339892,40.01161702967749,9.61139025684367,2074.4523637791713
2025-12-13 08:00:00,568.8048660273068,65.67940043544749,23.706720183882993,1648.1459510803202
2025-12-13 09:00:00,1591.053987730921,80.64704718825526,41.04999676842768,2356.9746444153143
2025-12-13 10:00:00,1704.8715595031763,61.0037443699146,2.916049425108515,2669.4983293839114
2025-12-13 11:00:00,352.95314798869657,19.19753809758422,34.69537987335906,1394.1360997223471
2025-12-13 12:00:00,886.548528611169,84.00868931008469,26.188822029303193,1912.4059676716338
2025-12-13 13:00:00,1767.6785428765647,24.539865727925587,19.719761128279945,2999.7873291616897
2025-12-13 14:00:00,921.7926411543492,14.340592284206073,33.739539540622644,
2025-12-13 15:00:00,1568.0307882747268,9.00708781862552,43.49627467543182,
2025-12-13 16:00:00,1100.8435876232438,51.141152919288736,11.085073291158405,1892.097111076872
2025-12-13 17:00:00,738.0608434633232,11.12485916077801,,2642.195377556785
2025-12-13 18:00:00,,13.351053686024137,41.16679678979867,1718.654886113852
2025-12-13 19:00:00,445.47925484634834,27.702712772999202,30.433935408121364,3037.52195306077
2025-12-13 20:00:00,1395.0569253420854,26.067117861917282,20.271384948726503,2720.809404875695
2025-12-13 21:00:00,757.1188615991474,54.77731641956066,26.223421091628456,2289.896027990366
2025-12-13 22:00:00,969.1682857412769,73.69032987306865,33.807011827754735,3222.8099402402486
2025-12-13 23:00:00,936.9533160020093,68.76011940205743,35.01340354305156,2122.7816189417895
2025-12-14 00:00:00,1081.374349696323,24.36111646976643,41.47534395603444,1793.654162184579
2025-12-14 01:00:00,1571.481147561739,22.832634320752213,19.781082711407397,2688.946284306072
2025-12-14 02:00:00,1767.25688409183,86.95544617952012,13.91008004085338,2503.9198936873117
2025-12-14 03:00:00,792.8931545754888,1.7330255016844511,29.145227738753043,2004.0205919555729
2025-12-14 04:00:00,1506.7821675807152,,19.292027568299336,2021.695578780352
2025-12-14 05:00:00,1399.69725091302,18.775838201894043,27.16233197375503,2136.2416481316136
2025-12-14 06:00:00,1074.9992174744746,85.30830475498934,19.479375132061808,1911.3909917066753
2025-12-14 07:00:00,1725.2801441402862,31.465348349649254,7.731814613839678,2791.506953357937
2025-12-14 08:00:00,440.8066763982847,40.19130787649946,21.65477707299417,2667.8526506075314
2025-12-14 09:00:00,285.7491575263564,63.93373464104991,31.40038416540544,2225.6330703474246
2025-12-14 10:00:00,1551.7353438242176,53.30254558112017,36.16848753737659,2135.4948191363983
2025-12-14 11:00:00,846.5546882773721,29.29660034390723,22.70635617904806,2066.6076656553805
2025-12-14 12:00:00,1539.8470521520028,50.29095151223629,8.27046716925764,1895.2834749237325
2025-12-14 13:00:00,1618.2533488322053,66.03291270829688,19.246259224574988,1479.9629926298246
2025-12-14 14:00:00,206.17790915242145,4.767810185321796,35.596932869034724,1863.2298395972512
2025-12-14 15:00:00,1601.8900970763032,,19.165807907151205,1974.5228322554367
2025-12-14 16:00:00,862.1423941280177,41.76795757748733,31.647354918585783,2450.136413157221
2025-12-14 17:00:00,967.7352313071948,12.733458984512763,23.31740199383595,
2025-12-14 18:00:00,1165.2072688584574,60.12664194035958,11.613817504813454,2130.9745041514666
2025-12-14 19:00:00,1674.8504314411475,20.050668604241643,36.03062235301527,3283.989502289393
2025-12-14 20:00:00,132.49736053059885,39.52374850481471,4.70539197911023,
2025-12-14 21:00:00,910.633896140289,18.592713381809936,24.095172441226627,3368.0838805558647
2025-12-14 22:00:00,1269.1274721319533,49.81503913167208,10.191205506709817,3140.0263861871117
2025-12-14 23:00:00,1328.6018280869885,11.328757885226633,3.950887655820529,2595.124493549696
2025-12-15 00:00:00,1277.3051336130836,3.056509898085743,23.12909323166295,2556.80650441511
2025-12-15 01:00:00,328.5397199938071,5.550715791496049,22.98073486113664,1572.0048661838557
2025-12-15 02:00:00,608.972500231858,85.92900129486259,32.10363967373172,2817.038422672292
2025-12-15 03:00:00,709.8163932089229,13.663473456373287,33.76903049428382,2560.4344009446095
2025-12-15 04:00:00,1467.5432530551584,64.05456452917834,33.02282550248746,2364.557417131568
2025-12-15 05:00:00,573.8917831047402,7.045432175831536,19.020584248337222,2755.902432370306
2025-12-15 06:00:00,458.19843857424536,10.626271348931212,28.79435063796875,2232.5004699597866
2025-12-15 07:00:00,1727.6616323647636,46.289986375430786,26.385590676334253,2400.105291057401
2025-12-15 08:00:00,115.06758469289713,42.37351278373659,19.54871726914446,2136.5398400868385
2025-12-15 09:00:00,1796.295454659363,85.69064754014839,27.277358544183702,
2025-12-15 10:00:00,1250.5962080575725,85.09035531884562,42.67890657507555,3140.883038150565
2025-12-15 11:00:00,1508.397809063499,,9.487324721980603,3065.7743721784655
2025-12-15 12:00:00,600.8529737885284,54.58706288133413,40.85397221456316,2950.6530713038846
2025-12-15 13:00:00,124.33597203400197,41.49146824797798,3.352042615260728,1328.9541795435568
2025-12-15 14:00:00,1354.378181554601,32.699889555229475,14.569125367673069,3214.9489741426646
2025-12-15 15:00:00,1518.0458149011488,85.29079168082443,13.678390938907242,1877.2390135191272
2025-12-15 16:00:00,1358.8094243209825,54.65888421679701,28.560064746759853,3164.7452802230896
2025-12-15 17:00:00,342.8454884114256,,6.773897878200774,1713.6330164876906
2025-12-15 18:00:00,1380.8274678368475,21.639199837433424,39.82329492094917,2223.256077991948
2025-12-15 19:00:00,1407.1687295829897,5.1561057917750635,37.45626197246182,2873.7374680865187
2025-12-15 20:00:00,1219.5188766390934,85.12178359859945,29.69089606615222,2644.585785082062
2025-12-15 21:00:00,1402.3970857524967,28.9224380371742,21.1702085988567,2173.436069861803
2025-12-15 22:00:00,1538.0664474521448,40.390423075876825,42.05006585425145,
2025-12-15 23:00:00,1143.1269942036793,11.20295497912791,37.55284840770446,2452.7939710979426
2025-12-16 00:00:00,250.6280137484544,75.48626536192698,,1879.046243934618
2025-12-16 01:00:00,928.9672764342585,3.4592331241778256,31.882427595989693,2657.2918355439933
2025-12-16 02:00:00,232.0038689417286,75.22517782681959,25.94491789590612,1728.9188813234991
2025-12-16 03:00:00,792.8231527551325,13.485366138129045,26.86945848908364,2757.3753969442478
2025-12-16 04:00:00,,79.90420602417254,15.562947055248735,1306.5328430088098
2025-12-16 05:00:00,212.2167350384107,65.949764722918,21.331722603495457,2452.4222788997167
2025-12-16 06:00:00,692.9949077481149,15.655653363150154,4.437342954748745,2142.2420178678963
2025-12-16 07:00:00,288.69676794523525,51.35780136449266,16.72334243324207,1936.5179249840894
2025-12-16 08:00:00,1473.9998570156777,28.82641197761453,31.616454675934687,2382.9867311927387
2025-12-16 09:00:00,1711.0696441396003,16.862745803130927,42.941505342272194,2655.154428325365
2025-12-16 10:00:00,222.93800793849562,77.46721574758865,43.374820961572894,3327.155759048276
2025-12-16 11:00:00,1723.6958523958924,36.913526219143414,25.451806241495234,3049.435428765005
2025-12-16 12:00:00,988.3802188724668,36.470390578519044,27.691379079621612,2806.014754476003
2025-12-16 13:00:00,609.2616525215856,16.11991405778918,9.17173216204257,2305.8305145262075
2025-12-16 14:00:00,230.66552796947798,35.0928451716343,31.59355675611535,2123.502651295144
2025-12-16 15:00:00,951.0612557197103,78.57389932326767,4.1089868776729945,1368.3122746305942
2025-12-16 16:00:00,1450.6764256342728,33.318455233577595,13.52617017517556,2054.103496424001
2025-12-16 17:00:00,1302.0470113533868,85.69271706248114,30.407987280559457,3081.5919912124946
2025-12-16 18:00:00,185.38421948875538,85.22149202954648,14.65364578791353,2106.451622150209
2025-12-16 19:00:00,223.93312012543595,13.895980678353796,3.19326246103599,2269.3284980305075
2025-12-16 20:00:00,,16.780701563515393,37.60229801144241,1870.8522904523002
2025-12-16 21:00:00,601.9938398815036,77.77799225953814,14.654520313920774,1875.6787935080702
2025-12-16 22:00:00,495.0533491952813,35.95572178430001,3.7766298937818505,1429.9306978726715
2025-12-16 23:00:00,577.7076481448131,1.389284423187831,4.290679238126068,2588.9882438015816
2025-12-17 00:00:00,1465.9206636047038,25.37459195377802,12.07738714670516,2240.9457463952276
2025-12-17 01:00:00,1679.6876911741517,54.18898039440484,8.832701677747155,2572.5176957306685
2025-12-17 02:00:00,788.6745806968629,72.13467097043716,35.069205182326634,2448.462490060591
2025-12-17 03:00:00,1640.388703625245,12.8715869213001,15.154098053349514,2977.573633324067
2025-12-17 04:00:00,646.5426921213993,10.838181433089446,36.40661454175263,2877.1250158540925
2025-12-17 05:00:00,909.9428767844457,83.0662461679375,8.649223904218722,2920.053091589547
2025-12-17 06:00:00,484.2492962871995,67.85220473620986,22.686683899939688,2348.4019145775187
2025-12-17 07:00:00,1188.8092716989347,53.49038446924898,31.273633876337666,2043.150837843254
2025-12-17 08:00:00,1764.2678957971752,69.4576243096376,29.687597570097616,3260.216840119201
2025-12-17 09:00:00,,39.16803815629082,27.449694036931824,1413.9665248047634
2025-12-17 10:00:00,708.2839429930331,68.50256151051227,41.69215048497147,1620.5047464854838
2025-12-17 11:00:00,1201.2896581838982,34.09046622343368,11.055106499096752,2181.1580935709435
2025-12-17 12:00:00,308.9651533911589,22.72441695184161,22.723644996332638,2589.3110703928232
2025-12-17 13:00:00,1610.7204364511776,65.8821944950742,39.89567220318598,1317.2207870941154
2025-12-17 14:00:00,,38.35083400199688,4.42732568618691,2810.577920553398
2025-12-17 15:00:00,863.8945614673916,88.34256228503133,3.459083803135311,2473.325739858821
2025-12-17 16:00:00,1095.9701403709828,32.10418122542099,11.265300652564822,2317.875793221543
2025-12-17 17:00:00,1162.1325667419842,,28.852933659672814,2189.3395815385234
2025-12-17 18:00:00,222.01887058507214,84.03366682247008,12.434703563791503,2390.9227666553115
2025-12-17 19:00:00,1260.449276079784,22.524912288762405,9.370554887587154,1639.75004241167
2025-12-17 20:00:00,,72.04168516133319,21.187301875764852,1528.2946524816632
2025-12-17 21:00:00,1313.7194752612027,39.5436309578663,27.998315025854104,1908.2387053788607
2025-12-17 22:00:00,1498.3091504531344,82.65970072350098,11.936539108736579,2789.960063169182
2025-12-17 23:00:00,1466.7294628392845,41.06106026453625,14.230412215844652,2535.4045560545424
2025-12-18 00:00:00,1039.2516445934116,67.24303084302558,27.99660941170661,2308.2583369999265
2025-12-18 01:00:00,984.288816928277,42.56009941557801,42.612490567535914,2500.1940283815165
2025-12-18 02:00:00,342.8891342769999,21.2742672584442,30.688636007275882,2474.4418273826204
2025-12-18 03:00:00,1418.0884556853305,18.74216147607708,35.44778231772064,1944.7880435288434
2025-12-18 04:00:00,561.3959467594144,38.863376288814756,17.139644169240626,1504.6574892139242
2025-12-18 05:00:00,944.3822187905091,68.23902447426512,12.979191812916508,3183.242974192406
2025-12-18 06:00:00,583.2659579767784,54.85136218108825,20.98778070091539,2559.8136515102206
2025-12-18 07:00:00,327.5082170994783,62.288006801148356,36.513844463313646,2765.2707993297886
2025-12-18 08:00:00,1170.2480847159522,26.12704521514288,21.077184238784454,2274.3941711706057
2025-12-18 09:00:00,192.36445919893652,43.84774579022689,38.255917986753886,2888.6092179507814
2025-12-18 10:00:00,1372.69689801454,4.951178582270103,44.50596715058559,
2025-12-18 11:00:00,639.8975519438983,73.76038502027274,4.169173292134799,1412.9823564040994
2025-12-18 12:00:00,100.22897810762504,89.10040243934884,2.9980468676829624,3169.203774326751
2025-12-18 13:00:00,968.9195367032906,37.21223657359571,7.58194692818792,1941.6259082545625
2025-12-18 14:00:00,179.64824449692532,,17.912265732311234,1589.5706325848046
2025-12-18 15:00:00,569.488248295529,16.111544920034316,6.765857202399026,1484.886116179063
2025-12-18 16:00:00,1301.8600286747176,59.07489211978728,39.309237015225264,2812.9246590684324
2025-12-18 17:00:00,206.57235675717197,55.475059320143465,2.0184350451908073,2778.3335702891554
2025-12-18 18:00:00,1526.875437005204,71.11996004311341,14.89487951877619,2770.3404621078685
2025-12-18 19:00:00,106.49386851959129,23.595676975535067,9.126563697745034,3223.0808226312884
2025-12-18 20:00:00,519.6005776432338,68.96324048369493,41.98773052693142,2032.780346195068
2025-12-18 21:00:00,1359.5368954585215,62.23057791560661,30.457164215161228,2478.3794183537384
2025-12-18 22:00:00,637.6592545398215,29.730490296532054,41.12933128386048,2600.940724288134
2025-12-18 23:00:00,273.217059712223,49.54844517706962,43.782463253657305,3356.9118399895715
2025-12-19 00:00:00,712.3976619607274,14.107368956351078,22.872322721804245,1955.9269018090426
2025-12-19 01:00:00,559.6685868536933,41.278240805766856,11.310040754113155,3308.2955197982747
2025-12-19 02:00:00,1532.6102336729434,79.42656322045204,9.524066592649929,1612.3420994730009
2025-12-19 03:00:00,632.6914598947433,38.48603280445978,10.808429914176983,2904.4030576584682
2025-12-19 04:00:00,1441.1852020192123,75.72143687631255,32.17810553536813,2629.060390042867
2025-12-19 05:00:00,1616.1826461782491,53.5325495081128,2.7796120374120323,
2025-12-19 06:00:00,837.4896132801002,18.07702746610975,3.259887213439454,1360.239704643679
2025-12-19 07:00:00,1646.9033445524665,52.71845577811278,27.758289464858603,1464.0751901720173
2025-12-19 08:00:00,741.4406917374279,46.03251629497865,29.250514456445888,1446.3611370952062
2025-12-19 09:00:00,1738.933308033184,36.47907883247818,30.27156867018824,2545.2148565443044
2025-12-19 10:00:00,251.79219169347397,11.64710911693026,17.362742201898016,2566.1657419086296
2025-12-19 11:00:00,1267.9327530555126,38.087071082403455,,3202.8202676454503
2025-12-19 12:00:00,939.4838687767788,7.475851485326813,24.479481859971173,2281.9673804887343
2025-12-19 13:00:00,759.0029692746,9.790445574488862,5.6404877204144555,1442.9030155104242
2025-12-19 14:00:00,1175.6101938726215,38.01657143101173,36.07236951096319,1740.0117434072824
2025-12-19 15:00:00,1296.557055778363,28.17895189519327,42.934982595900166,1316.95349911747
2025-12-19 16:00:00,107.41755840552545,,3.6415977721037818,2931.1005027696506
2025-12-19 17:00:00,383.8202508702378,34.43781667884408,18.219458902825515,3012.758817449627
2025-12-19 18:00:00,,68.44937286441692,22.450705972728898,3395.674874196686
2025-12-19 19:00:00,1232.855203082951,48.1920298465956,7.444713443445945,2165.608343011498
2025-12-19 20:00:00,1742.2807587187513,63.66362450916785,39.17919370244659,1340.5265883433442
2025-12-19 21:00:00,1393.7642434263312,24.150322488370527,13.502584375161938,1792.9327511297815
2025-12-19 22:00:00,1716.3136031432746,84.82954258261128,35.45237575727904,2534.314622092921
2025-12-19 23:00:00,1294.318852609172,48.177876225383734,30.523757209245904,3320.080230810747
2025-12-20 00:00:00,606.6887546870533,74.98784234438722,27.31401618854903,1517.514958088668
2025-12-20 01:00:00,279.120367826456,33.4890667193741,9.454285342648394,1555.3033423375598
2025-12-20 02:00:00,1429.1005676863906,,10.71095490423985,2773.6938690857805
2025-12-20 03:00:00,1195.0536765090571,60.96033664715554,3.08332980884905,2701.1348155452542
2025-12-20 04:00:00,181.9162210686036,1.6906087020307792,11.59134691041972,1826.0633461548496
2025-12-20 05:00:00,712.0857920316631,43.301074914330236,16.19951881626262,3007.6040611304898
2025-12-20 06:00:00,1726.5596863232865,18.159369337314875,37.658393369946715,1570.4353865026728
2025-12-20 07:00:00,950.681947707342,56.83641989474723,17.121277335451435,3244.0578740311958
2025-12-20 08:00:00,835.6395312334979,,34.20335844168668,1722.167053698085
2025-12-20 09:00:00,878.0893287707997,42.33185866253749,20.335460377001453,
2025-12-20 10:00:00,455.1006308087783,73.75734483078433,35.53420572773109,2012.9963815950946
2025-12-20 11:00:00,726.8021904701518,46.19279263864977,43.95595041922975,1694.4667059225444
2025-12-20 12:00:00,728.6825351782003,45.129762768258146,11.553028554533526,2406.576572575669
2025-12-20 13:00:00,189.0035343187031,83.80769089291122,38.94303092641055,2742.3777284806247
2025-12-20 14:00:00,1404.8649684804611,80.20696231845466,28.360259797454084,
2025-12-20 15:00:00,808.0575342365943,70.93624140172972,36.96094750990081,2687.275396803053
2025-12-20 16:00:00,1497.7058075879195,27.366762045193784,29.66977969978343,2066.3330802399673
2025-12-20 17:00:00,1545.5916019038223,49.50574899943071,19.653778320062607,1358.637454201144
2025-12-20 18:00:00,460.3898929877187,20.926853764205966,11.035297335438775,3345.534660872813
2025-12-20 19:00:00,1217.5009196892186,40.50858612614204,4.08154991457126,3020.7683595339904
2025-12-20 20:00:00,902.879067077069,44.094962852621364,24.562808036271548,1454.1795305777189
2025-12-20 21:00:00,1596.2664544665247,75.01596357507044,44.57434815918209,2243.270431928302
2025-12-20 22:00:00,466.759154599972,80.74652451392438,33.473839420625076,2633.5400471509365
2025-12-20 23:00:00,1252.282440527075,37.90118555328653,15.403203821556732,1700.2479682025396
2025-12-21 00:00:00,1133.1786078296284,2.5756956115181113,37.39701120381635,2513.77608386182
2025-12-21 01:00:00,602.0125118721157,77.69787174125256,34.83529600776189,2420.6620980471425
2025-12-21 02:00:00,332.22153620699345,16.5108023866211,13.391974907552099,1737.35689592288
2025-12-21 03:00:00,1207.7875928113701,56.34749478624502,1.6295295509463261,1596.5416494826518
2025-12-21 04:00:00,1355.615678824962,3.2224101386376764,6.199156095493782,2893.820808199139
2025-12-21 05:00:00,,36.55607629819022,39.60147237373053,1977.431536914231
2025-12-21 06:00:00,1196.2154268379334,88.75046688826613,37.808773553414355,1812.4851210687111
2025-12-21 07:00:00,771.7225429395555,9.961730498238476,13.989196038647947,2849.544540892576
2025-12-21 08:00:00,1312.4517015804502,38.708690527968166,13.548598756514497,2845.744253248262
2025-12-21 09:00:00,438.6659673198903,28.33634556690574,35.88605943250873,1880.4434783060813
2025-12-21 10:00:00,1613.3655044814964,81.55284298155551,42.26044867539857,3132.3937686288928
2025-12-21 11:00:00,588.5963139914855,78.37126960375461,35.2820392990944,2745.325346651919
2025-12-21 12:00:00,725.23617918546,22.155189667254366,27.645461789353508,2026.10485742523
2025-12-21 13:00:00,198.75631853659462,8.225713047488373,11.6775394145994,2197.7282653877837
2025-12-21 14:00:00,289.57076094616986,56.81531707143946,24.13290822019147,2826.0903404542973
2025-12-21 15:00:00,976.9652346109579,30.93681535765017,11.274521778103644,1744.3260490805333
2025-12-21 16:00:00,554.9075504375515,60.81551076393961,36.55250248425804,2284.3976641979707
2025-12-21 17:00:00,,3.858658290035488,18.02628749878044,2672.472518742009
2025-12-21 18:00:00,124.97876071342154,12.872531930796558,37.68267754773716,2432.946950818298
2025-12-21 19:00:00,744.4598827422915,62.08712871676526,17.790805591239913,2577.489526399436
2025-12-21 20:00:00,,19.900988321922302,37.26257382879522,2447.046248901237
2025-12-21 21:00:00,132.85697255992176,77.32530314285374,15.665983867270645,1718.3776319590422
2025-12-21 22:00:00,311.42627830086735,6.214589006202053,20.365839003177474,2161.431224442505
2025-12-21 23:00:00,803.19254736168,20.177896467916142,28.08149045107693,2417.169540502846
2025-12-22 00:00:00,937.8697935606592,89.87186211517111,4.092655017316422,2938.131758926487
2025-12-22 01:00:00,787.2925703332775,39.543773130224544,42.721110719880436,2673.1988980560395
2025-12-22 02:00:00,1002.5940533005595,63.56394405547327,26.23865458944734,2195.840984890463
2025-12-22 03:00:00,1111.7238473396587,17.25701134827422,23.3440806463953,3346.2396475342057
2025-12-22 04:00:00,116.87049591732057,55.278317413712855,37.93333472927613,1526.370595527423
2025-12-22 05:00:00,888.9617710709566,65.62344008487824,39.09356011546041,1734.2902239654336
2025-12-22 06:00:00,1737.9487095089,28.98842059211944,23.979457799276705,2016.7564810664944
2025-12-22 07:00:00,982.3548762202328,74.77184296585312,41.79954233492004,1780.0013616746114
2025-12-22 08:00:00,1251.8218546802204,54.704164484033214,,2613.4281932926237
2025-12-22 09:00:00,630.1685584587015,35.63194785573769,5.981934859053572,1383.056531606136
2025-12-22 10:00:00,1415.7853428596964,,27.258682120635367,1672.6172469741734
2025-12-22 11:00:00,1413.9665191893957,52.331715421797256,16.578897918917683,1916.0291990830692
2025-12-22 12:00:00,986.2032810120362,15.732641049754076,21.42590731232475,2735.0261276665647
2025-12-22 13:00:00,1759.223499574663,36.84318091815999,15.435485587475327,3139.316253420369
2025-12-22 14:00:00,313.43536509651074,31.565322333734887,18.807913703577167,2976.832718161414
2025-12-22 15:00:00,128.8110303122877,36.68034230954222,37.196439274437175,1682.3699598255353
2025-12-22 16:00:00,1409.2689599870632,68.73884237518796,27.112952793589404,2487.3520927262452
2025-12-22 17:00:00,1472.1644135203003,43.945918264533866,44.88316016847392,1363.0475552238431
2025-12-22 18:00:00,304.3522895049796,84.68813763829452,35.62268470412237,1952.1272282410084
2025-12-22 19:00:00,551.4908160296303,27.13720078890082,13.041315180480373,2992.565969139486
2025-12-22 20:00:00,129.83901772326914,37.99761846735868,12.631185179974633,2258.997998861013
2025-12-22 21:00:00,598.6246383269599,,15.779523885148313,1614.8767767792526
2025-12-22 22:00:00,1414.3411856617415,49.596188805546774,38.10341714850068,2220.9621011254567
2025-12-22 23:00:00,980.5328971113842,,2.2006566286248863,1715.8691434706793
2025-12-23 00:00:00,691.7625083860897,5.7472745074613325,11.12797627033534,2125.702061514322
2025-12-23 01:00:00,731.9568013407614,36.47536998194257,40.81641049514774,2324.450292770471
2025-12-23 02:00:00,102.30116371629586,25.09530218553419,29.15544318766309,2034.0720362731597
2025-12-23 03:00:00,609.660896860901,89.94082593196927,10.981272202046483,3267.634795911108
2025-12-23 04:00:00,1198.9798607844818,28.443601286275612,10.642378602233535,2481.3136248684023
2025-12-23 05:00:00,1756.130554487807,79.72019159665385,38.955196477414944,3070.074615288483
2025-12-23 06:00:00,1540.0034058726292,61.184802418602494,40.325330364190044,2897.5299488167184
2025-12-23 07:00:00,140.11143989739952,31.341560418096048,12.269768002333073,2688.449249462331
2025-12-23 08:00:00,1627.5530279472268,49.37455967529701,19.502455755367418,
2025-12-23 09:00:00,1431.4373026076642,75.80769331547825,37.722212499645956,1304.5649459413337
2025-12-23 10:00:00,1426.6394100706666,79.61977852475115,34.92432729883496,2588.281961159376
2025-12-23 11:00:00,878.5927903060715,,36.81230868890772,2047.5106513052451
2025-12-23 12:00:00,776.6089980226548,31.222009567527095,23.809520394670628,1547.3005502827696
2025-12-23 13:00:00,614.9567390164275,30.834863039007878,41.10815812542762,2233.715153585363
2025-12-23 14:00:00,211.68126022242183,4.741986850759077,15.341867933995152,2844.6619767949396
2025-12-23 15:00:00,488.0001179392885,54.24316062681879,7.893573911290794,3319.5233688672784
2025-12-23 16:00:00,519.2261794626419,77.07898471630473,32.18422263285405,2085.620271356372
2025-12-23 17:00:00,922.9310185073427,34.96012051647108,24.731594304303442,2439.7189272804508
2025-12-23 18:00:00,1370.6554912143797,66.86319910359175,38.601773827617166,3087.6132050635288
2025-12-23 19:00:00,905.4767082765093,56.865336810465855,4.571006961487457,2001.398781895031
2025-12-23 20:00:00,198.33556406017303,34.43273745887707,38.122465751274945,1598.7402144387124
2025-12-23 21:00:00,1728.2426616799467,13.55432215481444,13.904964741188177,1891.951845588647
2025-12-23 22:00:00,1702.6313424599907,64.12982289706109,29.813649355400052,3188.1579425976147
2025-12-23 23:00:00,1434.8222233522943,77.0563000357704,2.7656667194432547,1634.7255277698591
2025-12-24 00:00:00,1785.257432659175,62.04104982373278,27.82157703735843,1991.3642281142425
2025-12-24 01:00:00,1025.619965760447,2.591185079098808,32.55995432424278,2275.744652050715
2025-12-24 02:00:00,1736.7061954304504,20.24472760079822,17.22500943824729,3078.937769330932
2025-12-24 03:00:00,228.52856904847633,7.18371865463434,10.47807103153417,3269.197895671247
2025-12-24 04:00:00,,51.76436286228418,24.655749770555982,2194.201650229835
2025-12-24 05:00:00,483.1481556115019,68.3265134167967,37.66039539516845,3257.1035015423827
2025-12-24 06:00:00,432.91624302825903,10.841547649110689,15.236083765052637,1639.0640992012845
2025-12-24 07:00:00,339.3650131175493,75.61206603281128,12.1086490909363,1629.3898129823779
2025-12-24 08:00:00,1158.1031906621943,50.440299077198006,13.273153580058258,3293.4267212330756
2025-12-24 09:00:00,1428.2471547704185,62.407242080613514,42.761814728333235,2370.328280409495
2025-12-24 10:00:00,1083.1072790146131,87.45476452616951,16.808184293640625,1690.4064542433034
2025-12-24 11:00:00,349.83660629995643,,1.1585865550846357,2324.77977820868
2025-12-24 12:00:00,1478.9104088869005,81.20893804502325,35.39397315022327,2944.7434262960082
2025-12-24 13:00:00,1181.1230021783383,12.223139942879428,31.768090994757166,3036.5327680193996
2025-12-24 14:00:00,759.8817004158924,35.97333379066472,6.657003642530631,3114.3354389634087
2025-12-24 15:00:00,,76.77804397346918,44.33578696193615,2496.0988964835788
2025-12-24 16:00:00,541.8384647128158,,27.75474055342489,3120.5866301725487
2025-12-24 17:00:00,686.8267544401579,46.067078945517935,23.034297601386466,2371.063438486835
2025-12-24 18:00:00,1659.7259333243833,53.87531280651284,17.817647775407206,2574.8257950212624
2025-12-24 19:00:00,593.8576596414147,64.02511277927158,40.54160124480007,2893.311584770455
2025-12-24 20:00:00,898.9800558684922,75.11552149229156,11.734393182416785,2193.414114692068
2025-12-24 21:00:00,1613.2399335732248,11.814494088852289,13.573831609675683,1454.521122991427
2025-12-24 22:00:00,1303.1262954547967,73.09616843240126,6.386075494208944,2035.349349401165
2025-12-24 23:00:00,205.74548447999467,43.833577395533894,34.401240205707445,2610.282855271517
2025-12-25 00:00:00,350.4151752742496,41.10548483462704,27.204168337857546,1703.8979762429014
2025-12-25 01:00:00,113.33070431225859,38.72707792773284,27.798911447197924,1611.609263349244
2025-12-25 02:00:00,1172.5670433895777,46.31983108689779,10.6126989648564,1915.469143642019
2025-12-25 03:00:00,861.0448231977111,85.10949925211972,29.65140912159169,1367.4340707834249
2025-12-25 04:00:00,328.2672465338684,49.790135778501494,34.68017167886202,2861.1880859825314
2025-12-25 05:00:00,1728.4880057965097,85.83280090541939,16.747095351930327,1843.3027645955115
2025-12-25 06:00:00,1000.4215307075538,17.045821624792012,36.259274334315336,1560.900632936859
2025-12-25 07:00:00,511.2185999919116,65.44810211610435,16.34678589540892,2768.171773523214
2025-12-25 08:00:00,951.0260709630028,73.2893189361785,34.35809230640866,3070.1488263409046
2025-12-25 09:00:00,1255.3545656496833,61.44246598880271,2.4841247281396353,1341.7387513097347
2025-12-25 10:00:00,229.60667055505962,55.01608294016209,25.251242464840715,1790.5595185565721
2025-12-25 11:00:00,566.9964855814164,51.26833751667022,43.65916866815501,3284.9878822261253
2025-12-25 12:00:00,1471.841334502789,77.62281294950394,44.17476243002519,2109.033685458828
2025-12-25 13:00:00,881.4302796845241,74.12654714764051,13.397113447036586,3271.043333102056
2025-12-25 14:00:00,1029.1811414549013,11.883696185073358,20.42156000753564,1875.8463305784226
2025-12-25 15:00:00,835.7872037560977,76.52430147574816,3.7710279514118543,1757.942034701057
2025-12-25 16:00:00,174.62990249310872,37.85210713019938,39.427017534602385,1749.6276646287913
2025-12-25 17:00:00,381.77462569426507,23.579017869627158,26.017174738169423,1478.9801868923703
2025-12-25 18:00:00,857.4207858612145,78.4094025532394,17.94442987338275,3182.507805869164
2025-12-25 19:00:00,455.6152911934773,39.45020716740301,5.961904573522736,3357.6535475290925
2025-12-25 20:00:00,184.96434872145386,72.94445742573669,42.65776056186312,3304.4684952704397
2025-12-25 21:00:00,1534.2044288881004,24.44292146407016,24.329638104123724,3089.2590936372753
2025-12-25 22:00:00,1768.027299578997,1.3497096065773844,13.44882887964777,3078.464606067048
2025-12-25 23:00:00,1448.342885794457,,16.40946572578642,2688.279481054874
2025-12-26 00:00:00,1551.4343668979338,9.9203148412167,12.910675960574498,3035.0487950962884
2025-12-26 01:00:00,511.36112153897716,68.13946004171696,27.47963158970715,1737.5189651204003
2025-12-26 02:00:00,1733.0658583724396,25.570687110177523,41.91839733434244,2114.6165238129697
2025-12-26 03:00:00,434.77369757082823,,38.69452734636884,2645.7562159189706
2025-12-26 04:00:00,1717.430677615115,,21.25675851874301,3137.0197983793523
2025-12-26 05:00:00,1791.1927997421167,26.512673111805487,37.36597194124435,2686.985870974446
2025-12-26 06:00:00,1309.9287697682828,70.5526316500129,19.616641176158513,3061.9461125018324
2025-12-26 07:00:00,,14.491324159306432,,2295.2939832835245
2025-12-26 08:00:00,1068.217625264076,58.59720094029921,44.270265071722825,2806.337849180593
2025-12-26 09:00:00,541.2210313993536,82.6509008996006,14.37105299071616,3357.959693387682
2025-12-26 10:00:00,842.8930056315555,61.505471618437106,15.24386616342397,1622.3259699724913
2025-12-26 11:00:00,1109.0535901439362,73.18093034700819,44.54648618260698,3246.533453863369
2025-12-26 12:00:00,224.23865544592547,10.698475008048506,6.892809699288815,2396.964290467996
2025-12-26 13:00:00,1157.9835498493183,23.315132514182846,34.46349547242659,2650.757864533122
2025-12-26 14:00:00,1768.0023224959007,80.6139578494126,42.175761373239965,3143.524914512077
2025-12-26 15:00:00,423.183004632337,64.64439961200995,23.51897974811842,2160.2737623598655
2025-12-26 16:00:00,1447.4116976902517,57.92029054758069,1.1109575149240816,2179.254407269106
2025-12-26 17:00:00,1643.4279494253528,60.0752395148313,17.502593540976676,2407.081856328911
2025-12-26 18:00:00,1704.2927077943755,37.863849333113265,5.909035664932392,
2025-12-26 19:00:00,1732.2305274892603,4.965540213971137,19.312257081082613,2342.9989799810364
2025-12-26 20:00:00,,70.81529724429488,35.761177512260524,1911.2832564878836
2025-12-26 21:00:00,1761.4234435855562,61.405478023166495,20.303308150887222,3248.703783022741
2025-12-26 22:00:00,1387.427352128546,43.0795973060325,20.004705339220592,1484.2441273813658
2025-12-26 23:00:00,374.84144160283523,81.07860576777492,25.49873698442925,2264.572970241584
2025-12-27 00:00:00,910.730180995549,30.9182101836738,26.59438572889793,3289.6831577924577
2025-12-27 01:00:00,1321.1629981324068,27.194635236579998,38.677037587154736,3192.1740256688026
2025-12-27 02:00:00,520.4785368924418,78.6788729320704,14.567639326073865,2772.8317289865554
2025-12-27 03:00:00,1189.0458120331084,71.93190127354971,,2537.658209191757
2025-12-27 04:00:00,1233.2208143792527,46.83320314770268,25.90108494245008,1889.5349679789642
2025-12-27 05:00:00,376.589564474562,12.635391811748647,14.223300187554466,2070.6099367801553
2025-12-27 06:00:00,1060.6450311696858,20.14136096038967,13.985545936267393,1489.283215983667
2025-12-27 07:00:00,1411.765748663633,59.40429114638379,16.890050752651877,2950.8274252922993
2025-12-27 08:00:00,948.1226297111012,35.268670167796635,28.398502675278923,1980.1265125980046
2025-12-27 09:00:00,120.57529851938263,75.44611405827143,11.155716179837762,2702.3419879634357
2025-12-27 10:00:00,115.3653974347967,85.54599583056617,41.494676713579764,2050.9490321170883
2025-12-27 11:00:00,706.9498847490207,72.70168634946772,26.296153703827617,2275.0939269321516
2025-12-27 12:00:00,1674.5299163340294,34.601542646604585,41.4806941878243,2465.5051919904295
2025-12-27 13:00:00,488.7505253261349,71.19309220159674,3.041791777482807,2983.8900576202677
2025-12-27 14:00:00,1178.4182710818682,32.27830893889083,16.07490030030483,1743.428392835429
2025-12-27 15:00:00,477.528980178645,15.871907811141417,2.0035370702554154,2137.4073123426983
2025-12-27 16:00:00,646.8389824212327,3.971995233061308,12.979079864310672,1573.1713009728169
2025-12-27 17:00:00,1541.6715523225228,35.32878743573078,38.92828477981788,1459.0970603346445
2025-12-27 18:00:00,1339.0644518589097,81.4167780290581,2.6108274970568375,2569.816147954463
2025-12-27 19:00:00,262.17877143245806,22.26980631025521,20.190472396292773,1697.0911931536957
2025-12-27 20:00:00,828.7934356769372,19.379671678750775,6.172951100822022,1425.5786180448076
2025-12-27 21:00:00,149.5885981969496,87.3140498864526,19.34098900745618,3183.9056555334514
2025-12-27 22:00:00,917.5132492251153,3.2253660437026985,37.9094697076326,2422.060281549331
2025-12-27 23:00:00,1226.1378198918158,70.93461138504414,28.41512546971084,1582.7192355462678
2025-12-28 00:00:00,301.45446011685766,29.601926060937462,,1412.1948676398545
2025-12-28 01:00:00,591.1043961455816,4.336428161399681,16.36058107978156,1551.706112168678
2025-12-28 02:00:00,776.3222633536668,82.68442607865295,42.553498580446224,2289.8082046732898
2025-12-28 03:00:00,1663.2027419152846,13.428167388652941,32.207532126298005,2703.777035854685
2025-12-28 04:00:00,1788.5335262190388,50.10835625158689,19.559148048519358,2646.688157470696
2025-12-28 05:00:00,176.34920829254696,25.39082446122975,19.764451209990415,1603.2884811554468
2025-12-28 06:00:00,1393.7134699421665,6.802159394437502,41.4221038295051,2630.326798859189
2025-12-28 07:00:00,731.9309128839835,5.443101224040739,26.36180651115724,2150.2178108569587
2025-12-28 08:00:00,767.178916590116,11.284546196434153,32.08068523573384,2275.9619470288767
2025-12-28 09:00:00,1382.2504546899386,7.351664236154824,19.349549878579513,2983.003853115166
2025-12-28 10:00:00,1661.3249346471946,68.68967228127313,10.842481649647421,1998.2486826272407
2025-12-28 11:00:00,1716.5786106543324,44.2153920032252,32.83660884775442,1608.697999043043
2025-12-28 12:00:00,1081.1083962651453,31.517396130059193,27.744245974221066,3134.251580489315
2025-12-28 13:00:00,707.1059708108547,38.23483300174864,23.059086738690294,1745.4742093193097
2025-12-28 14:00:00,1438.8334459599248,83.67625946596347,28.456921359756407,1917.4627281647497
2025-12-28 15:00:00,526.7023515459105,82.0569113336951,10.16456578682628,2783.8391236955067
2025-12-28 16:00:00,1058.9258490169802,64.69520673090935,35.933303087406074,2735.4556658209754
2025-12-28 17:00:00,709.5833845922843,79.73673159053021,42.71916342089346,2980.8400446960404
2025-12-28 18:00:00,,29.448674455298605,40.20853834337892,1686.1199470406764
2025-12-28 19:00:00,508.6781519189617,34.91873001473717,15.143172793508754,2039.7877759598268
2025-12-28 20:00:00,425.70800774920383,55.620384185026296,18.864254024411338,1564.3548018081483
2025-12-28 21:00:00,1661.006447348243,56.50270930945651,36.56970119109269,2436.182209054069
2025-12-28 22:00:00,273.0662610142127,43.87128558309834,27.185153756282567,
2025-12-28 23:00:00,960.1284431493838,36.65854851097784,25.108235521772563,2746.7648461179815
2025-12-29 00:00:00,475.44973103711516,88.77004773317387,41.77224657147159,1300.7231727675362
2025-12-29 01:00:00,166.18093765363466,,24.585098282990234,1425.3342967651165
2025-12-29 02:00:00,161.23199109542486,39.713237612036025,23.657301901841635,2208.3766310906212
2025-12-29 03:00:00,397.8770125799065,65.72903047432159,2.8488180157198246,3312.186727548694
2025-12-29 04:00:00,1573.5096026602005,24.990990699468895,4.054346177966056,3170.787913454284
2025-12-29 05:00:00,580.2138647609454,9.91507003512236,1.3264935467486079,3387.4189589301645
2025-12-29 06:00:00,1715.7805899780028,32.36636127419392,41.18274593447988,
2025-12-29 07:00:00,1088.757898081629,36.864579210982086,18.969013040778826,1397.7938211748783
2025-12-29 08:00:00,842.2441226069024,2.4718040858997012,21.616700549870153,1942.5078982415012
2025-12-29 09:00:00,1086.1510189380729,73.51648814559475,38.19702569406833,2719.1187895652984
2025-12-29 10:00:00,978.3872548846552,32.968212812637155,27.806837656534228,1583.8440005115722
2025-12-29 11:00:00,1389.9196313874527,52.65721675443309,27.81807024118557,1929.9415753960022
2025-12-29 12:00:00,580.2433121538488,7.582723667115081,14.047514891611748,1417.9489455442033
2025-12-29 13:00:00,700.1856657205141,16.574717758801974,37.69196845267884,2297.430780619492
2025-12-29 14:00:00,1619.9603143065262,80.18274155415284,8.296518945737727,1738.7334231596847
2025-12-29 15:00:00,1708.9760723556892,55.17318998156927,3.3385820556097077,1491.620856487905
2025-12-29 16:00:00,1617.3489867270066,85.57528046517322,9.430547730815421,2163.553199913206
2025-12-29 17:00:00,813.0615897274331,89.88875306082721,12.780437626080847,2037.5733491857254
2025-12-29 18:00:00,1426.621355111699,34.0955502646454,13.421686545585096,2428.787247585534
2025-12-29 19:00:00,909.7707466118679,27.59347270341144,30.502598339225774,2872.981176158642
2025-12-29 20:00:00,945.8177486483737,77.39368890915961,10.584281842460314,1536.394346495661
2025-12-29 21:00:00,447.95618539738274,89.87641700633343,30.77296539777932,2961.363739441018
2025-12-29 22:00:00,1104.921515539478,57.0380698466887,5.009815622287189,1355.2089577378783
2025-12-29 23:00:00,416.4310261806915,71.76752430352549,7.476908288307997,2230.51399524128
2025-12-30 00:00:00,663.6599884142294,70.57538143455943,23.38814373360378,2533.603602460352
2025-12-30 01:00:00,1553.5513427538897,32.62523403153968,41.563415313372275,3309.697213593575
2025-12-30 02:00:00,452.0288756584539,52.11006384288076,38.820973907689016,2505.2383564262645
2025-12-30 03:00:00,220.9690847948358,,43.62515146748334,1633.373305869916
2025-12-30 04:00:00,217.31290744178773,62.24213498723394,29.62107887223952,2386.8377912222095
2025-12-30 05:00:00,1699.3336848552835,2.883579444401405,30.735854122308048,2131.1462891019737
2025-12-30 06:00:00,961.7647445351189,30.96680453188048,28.50101195298565,2306.646691960512
2025-12-30 07:00:00,796.0005220889311,13.858336996919876,28.40403260576068,1713.903730784083
2025-12-30 08:00:00,1478.4935877134612,21.73452687494548,7.473295182973724,
2025-12-30 09:00:00,1520.9040774478772,81.58856349672799,24.92451407121286,1615.0835050108412
2025-12-30 10:00:00,664.7247562965279,4.283502713058366,17.986989071875932,2862.490469450827
2025-12-30 11:00:00,1279.1506977054519,,20.471637494200912,2547.2031464737556
2025-12-30 12:00:00,1410.908786948207,,24.038425214606445,1464.9081523427449
2025-12-30 13:00:00,1212.9061676721226,55.90268240500914,6.649431559299071,3168.190382650858
2025-12-30 14:00:00,357.7116271601689,48.535050417642026,16.817460289493273,2594.3971696928406
2025-12-30 15:00:00,1589.0012419789969,20.425983973951364,3.7917806785705577,1963.8248157684461
2025-12-30 16:00:00,1016.4607396512148,15.617454982860746,44.10539773858556,1395.8490390073516
2025-12-30 17:00:00,580.2031248290064,22.075025079054573,6.21523326808555,2627.6760611204295
2025-12-30 18:00:00,822.8879152440796,45.72513677644734,12.375088495977998,2084.2245488315075
2025-12-30 19:00:00,163.87085367814254,25.134822928297105,40.216888774949474,3205.998020244824
2025-12-30 20:00:00,317.37356207810984,85.33662264308728,22.239242034522242,1373.2434486997665
2025-12-30 21:00:00,1401.4294758769634,42.28400470716743,6.968036866907733,
2025-12-30 22:00:00,100.01977908412243,6.2328454724726985,17.906143673731354,3293.528502504564
2025-12-30 23:00:00,808.1619084198967,65.90471011946038,6.098191744420976,3326.235285926963
2025-12-31 00:00:00,988.2673078455003,30.267230650600077,9.809503871718078,1358.258676222541
2025-12-31 01:00:00,192.8785140016529,59.160514953184034,3.289313265793181,2803.6697933767878
2025-12-31 02:00:00,1754.232877052966,25.883898976567647,20.282009760160395,1765.139189890565
2025-12-31 03:00:00,484.4130631244423,51.79619301426547,36.49198935591143,2772.924809200752
2025-12-31 04:00:00,617.1378233816774,69.72157292786436,26.782643862795403,3124.3388729817657
2025-12-31 05:00:00,616.7022708335464,83.5927780179353,27.679193441322916,1511.7461056107784
2025-12-31 06:00:00,491.70832559949486,24.24031585454386,9.825697323662574,1801.4094752002882
2025-12-31 07:00:00,102.5054975467294,30.802268638909325,16.131329103104125,1350.5631034856392
2025-12-31 08:00:00,1339.8861499495938,42.31971140544863,38.190652568996605,1392.0426754333257
2025-12-31 09:00:00,1743.637349658785,83.51856055850301,4.86567211036664,1362.1975022573258
2025-12-31 10:00:00,481.2989215845766,81.22343025614849,38.748948761415484,2981.4329484954706
2025-12-31 11:00:00,1227.180226065818,8.999166928956786,22.28236115565057,1926.414624704631
2025-12-31 12:00:00,1361.2237558298157,12.741754492089166,37.83448697830516,2335.744023101177
2025-12-31 13:00:00,1542.3231444538922,45.1003167824268,14.992282453353614,2954.4729535537344
2025-12-31 14:00:00,818.4696349231355,10.489115279682691,,2339.381691684108
2025-12-31 15:00:00,614.9825395887297,31.756697728034077,,2201.311731511652
2025-12-31 16:00:00,653.0017278391529,14.206298661355511,35.53983162925769,1324.3037336278635
2025-12-31 17:00:00,,57.60759160673784,11.104365831566458,2492.882955327188
2025-12-31 18:00:00,1488.5250930595812,85.5050934247854,43.806338292163844,1561.9604640878815
2025-12-31 19:00:00,408.74374518622454,89.70930555619995,4.717564586772474,2905.7613056611553
2025-12-31 20:00:00,730.5997138682009,,4.014130376493759,1841.2492200115412
2025-12-31 21:00:00,1633.298334473555,54.312124703200496,27.20218547258852,2715.7935626981757
2025-12-31 22:00:00,1471.3789834810566,77.20782116364323,32.80059378195134,2657.0694084318266
2025-12-31 23:00:00,1774.2592846962089,11.454124478878175,43.27898968589885,2595.018766153042
2026-01-01 00:00:00,1382.2220414595372,62.37123258362488,18.81761435514991,1860.5992158281047
2026-01-01 01:00:00,768.4318417474678,37.38708589353107,2.112821995543857,1860.8885320686932
2026-01-01 02:00:00,1104.0843177908841,19.347008264934605,27.527438935641907,3112.4008912267927
2026-01-01 03:00:00,1223.7242322204445,36.845072068522335,13.746624906345962,1326.8953985238966
2026-01-01 04:00:00,233.3748877391107,7.7604655398776,20.0496733325977,1681.1975302533117
2026-01-01 05:00:00,1025.6448304765706,62.891236224448214,22.492657218997152,2581.358927048169
2026-01-01 06:00:00,1305.8454084034363,23.494097518612325,3.8385548724734884,
2026-01-01 07:00:00,384.4462168018026,28.71510240899414,22.38319852082052,2052.525568213003
2026-01-01 08:00:00,1427.0739196234472,11.776235543490184,19.75806533938985,2672.23126308268
2026-01-01 09:00:00,1092.4137268739896,77.95466113620036,32.3519476726101,2470.0284812024966
2026-01-01 10:00:00,1718.777035685911,44.916540856163735,,1435.5342194122743
2026-01-01 11:00:00,172.1179069517159,51.92107212298963,9.149491598624685,2605.6754135544243
2026-01-01 12:00:00,551.0544338442938,51.67950879544206,10.070112401257468,
2026-01-01 13:00:00,1122.641594809701,37.533887194179414,12.044271866072423,3384.1414726287594
2026-01-01 14:00:00,604.1518507500822,18.135162473994413,8.873819373075802,1362.2441525686181
2026-01-01 15:00:00,1314.5210789211117,67.31681461635759,29.917380785412554,2686.1221624261225
2026-01-01 16:00:00,1390.3089802872828,12.308007616833017,44.754927884811906,2170.5540616107205
2026-01-01 17:00:00,274.2771389130066,10.244767334814135,29.692766982701208,1320.5545662830311
2026-01-01 18:00:00,973.5525891515051,64.2029083460888,27.693988032416815,2590.1579817878737
2026-01-01 19:00:00,965.113944504795,19.58649482022656,19.03682906744719,1557.0973269668345
2026-01-01 20:00:00,727.7773093664198,28.30277487040208,14.75353138982947,2094.990385397187
2026-01-01 21:00:00,1685.9722663684427,43.29524456315488,41.087245303885084,1848.8708942256449
2026-01-01 22:00:00,1506.760743784476,40.99226718892961,43.636082462254734,2058.4431447693087
2026-01-01 23:00:00,1285.2559492463824,64.06354213078492,22.858151725860022,2334.660721151994
2026-01-02 00:00:00,1314.355280749496,56.48542961645913,13.768821802288528,2054.34001822798
2026-01-02 01:00:00,884.9174444823025,58.351258443086046,34.88537713746978,2460.7369282380323
2026-01-02 02:00:00,1665.690685864179,64.5508354283357,6.828098798142651,1801.164349488993
2026-01-02 03:00:00,1280.8122263305852,27.042532740688415,34.68588245632199,2634.2597115996014
2026-01-02 04:00:00,1339.267804814888,29.687664750242153,37.0337284696989,3092.902308662192
2026-01-02 05:00:00,1564.874536438487,39.98179956270432,6.495773563595364,1770.540798521946
2026-01-02 06:00:00,565.9217018817246,28.36413339998382,43.981904627048806,2366.5421532968076
2026-01-02 07:00:00,1472.020536573395,88.65947033840685,44.36254077709305,2662.2485475547664
2026-01-02 08:00:00,431.9090250260365,73.45062145150725,42.215657090403454,2485.714875548174
2026-01-02 09:00:00,687.0813188163094,15.654267254786632,22.82553161387563,2067.8638370036742
2026-01-02 10:00:00,670.5377722587326,1.4978798734863865,11.82726226018045,2648.6193868120718
2026-01-02 11:00:00,1763.493296261539,4.8077108740068395,26.60840835880417,1359.3170330411601
2026-01-02 12:00:00,1556.1132803714756,22.72164714282035,,2076.8030871925093
2026-01-02 13:00:00,1291.9887647034416,11.171924439480232,10.061740367556672,2418.4856507461063
2026-01-02 14:00:00,1335.9964947461633,48.46709222543892,19.641762023185294,1343.2876335553158
2026-01-02 15:00:00,1055.5237504843708,,30.21115276981398,2366.0625423370293
2026-01-02 16:00:00,,66.57076966127724,4.120185674583606,2673.9343676078197
2026-01-02 17:00:00,943.6398799000146,20.189206614314948,15.670392063624726,2894.3361651973946
2026-01-02 18:00:00,746.8801067788207,,1.7829751605643085,1538.0855709598038
2026-01-02 19:00:00,377.1600727837047,46.20258464828371,33.97780224031373,3380.186237272559
2026-01-02 20:00:00,1436.5496088437985,73.10832060579686,29.190415775134834,2572.9521728037007
2026-01-02 21:00:00,1348.5546845285055,75.68182267644866,3.757573926886498,2062.706964485893
2026-01-02 22:00:00,753.4035654910293,81.96492975979206,,1823.094994359099
2026-01-02 23:00:00,142.8288037306899,46.32282729475589,1.9953485135924298,2503.0834095351706
2026-01-03 00:00:00,1526.2954571206183,62.7904524327918,26.958268444947898,3151.5944590497984
2026-01-03 01:00:00,119.41057187192517,10.950233039820407,35.16016831915846,2393.187331896866
2026-01-03 02:00:00,1296.2896253693866,51.31071743590441,35.66743777396781,2689.0913167704166
2026-01-03 03:00:00,1749.437086534297,23.133571042931024,2.5085459661009666,2051.1625230351765
2026-01-03 04:00:00,844.0242578519459,39.42280276736839,40.88226583617933,2115.1198049868426
2026-01-03 05:00:00,499.4547884931197,57.430495239298025,41.411873564793375,1900.9677221209731
2026-01-03 06:00:00,1298.280717073749,23.871748468986517,25.701176418792397,2781.8383181733034
2026-01-03 07:00:00,1489.1178414264948,5.644470143911736,22.21166075103443,2054.2938621747867
2026-01-03 08:00:00,1028.9315373323404,1.9108132203794188,2.9741683747543917,1700.5044484866025
2026-01-03 09:00:00,,2.9721986634624176,25.72598227043422,2075.7411994490994
2026-01-03 10:00:00,187.8368268185339,1.7431266387254998,19.012679597890152,3093.0371364487883
2026-01-03 11:00:00,958.1525171176978,10.821600033650917,35.00348192598087,2850.329291511539
2026-01-03 12:00:00,1321.371710448335,22.31449559674156,18.770876942987865,2002.745773373484
2026-01-03 13:00:00,1566.4888009536041,20.688714762224627,31.07755666628723,3204.298826157075
2026-01-03 14:00:00,404.7345402432431,88.8248968820108,5.461958434451356,1457.1485337466806
2026-01-03 15:00:00,1460.0059189982585,28.234543363595947,6.849899913702545,1404.4829619686507
2026-01-03 16:00:00,1039.602028721527,12.34044971898652,7.147248388562968,1567.6877450490067
2026-01-03 17:00:00,774.1412593829375,49.55506643093046,3.003121991188715,1544.5549873030666
2026-01-03 18:00:00,323.9155485844591,77.35821353037824,24.818469807871367,1484.452061525915
2026-01-03 19:00:00,1571.002790145151,61.34737353410309,35.934579945919985,2688.819485195784
2026-01-03 20:00:00,367.3644539055161,27.351305933055077,27.858092962521308,2561.76899727639
2026-01-03 21:00:00,626.6393606554687,50.98383822143949,26.298014964325674,2659.9715722216006
2026-01-03 22:00:00,593.0774043361428,64.62218170383642,30.947452849720403,2745.568713740263
2026-01-03 23:00:00,,65.80129982072907,15.94439421516865,2889.4474802094273
2026-01-04 00:00:00,1243.5950901551266,60.32192252149431,16.92597915252207,
2026-01-04 01:00:00,1454.358375225333,78.50212780503,14.827884321720592,
2026-01-04 02:00:00,525.7954279472483,78.43938579262529,32.332793045557324,
2026-01-04 03:00:00,1162.285969331898,52.525353787223295,8.11217476951407,
2026-01-04 04:00:00,1071.9681713443729,39.25721685089789,1.5731123337686728,
2026-01-04 05:00:00,1515.8116405400608,58.09975630529388,27.232643655789666,
2026-01-04 06:00:00,1640.348002818143,73.82086812197122,42.46478004830504,
2026-01-04 07:00:00,120.66651151155757,1.5030373308654403,,
2026-01-04 08:00:00,1245.8338623999475,89.28773380232175,35.44855272939938,
2026-01-04 09:00:00,188.12085850353935,17.27754573729873,30.602791216505327,
2026-01-04 10:00:00,1033.059730631505,42.852159723737884,22.887212755012715,
2026-01-04 11:00:00,588.975639374253,78.61064640101513,32.60926567848922,
2026-01-04 12:00:00,621.52021918764,21.028595514933745,37.26058144962976,
2026-01-04 13:00:00,700.0294558690061,43.43477492713411,10.888192343554712,
2026-01-04 14:00:00,1156.1971633843373,12.799814036124946,15.789741141258403,
2026-01-04 15:00:00,,36.16179295954914,10.84393223014449,
2026-01-04 16:00:00,1345.5883860034767,16.765055476577224,20.895610045979403,
2026-01-04 17:00:00,787.6965554755785,33.36286964063297,39.942840240333375,
2026-01-04 18:00:00,,34.23831529455226,16.189112436754623,
2026-01-04 19:00:00,1432.3917322229822,89.3922002742516,17.47654312174435,
2026-01-04 20:00:00,585.7891518076002,89.53835960803573,38.856158325565,
2026-01-04 21:00:00,835.7036953187464,11.215978800794506,23.676470552765707,
2026-01-04 22:00:00,1265.2546014772327,65.6112213602229,24.559755984487115,
2026-01-04 23:00:00,665.1754671528105,5.605347690550002,38.875252946617366,
2026-01-05 00:00:00,196.19561544941655,3.687089365009788,,
2026-01-05 01:00:00,735.6657799217832,10.374716587801824,30.988531523693393,2653.9193282202677
2026-01-05 02:00:00,1705.5625905803158,86.92822347370613,4.768365298458672,1573.4786873529263
2026-01-05 03:00:00,1190.9484754075488,84.73685576262807,8.859795377582953,3107.4920989236757
2026-01-05 04:00:00,1241.5145527342518,18.25957600498056,,2696.1554033743428
2026-01-05 05:00:00,1174.8796611839878,15.388837864280326,22.772918984074494,2792.5438752449218
2026-01-05 06:00:00,438.28663623104256,22.407622699919283,43.4922828543941,3264.223048181103
2026-01-05 07:00:00,811.1675689738762,46.88368247268765,43.70867185410276,3278.983030155281
2026-01-05 08:00:00,1376.597657217641,51.70371225115148,38.45267184906551,2458.469880020395
2026-01-05 09:00:00,272.3339258403705,20.721815309110813,14.88634875256528,2340.2976163005587
2026-01-05 10:00:00,572.3497193525109,68.33942814000513,43.417244796627344,2004.3013772765112
2026-01-05 11:00:00,569.7424843919512,28.55023207683592,31.330998045753354,2802.7003814251834
2026-01-05 12:00:00,834.4321769106602,83.06968797211752,18.28936562396562,2430.238662657607
2026-01-05 13:00:00,1766.6268596017146,59.44832087464902,31.87369634732972,3259.0376674542617
2026-01-05 14:00:00,214.7543293624973,39.83525629302144,1.7270001106071695,1801.1144922964713
2026-01-05 15:00:00,981.7916904470115,71.30216815155323,7.430806020065397,
2026-01-05 16:00:00,404.9199594207578,73.79440171815317,37.50617130848018,1963.7899395819343
2026-01-05 17:00:00,1750.150127196565,26.852862899195983,29.40524002241953,2992.5967545690846
2026-01-05 18:00:00,292.6159580366891,31.234594401411506,17.024566856842895,1507.98469686852
2026-01-05 19:00:00,786.1217040147051,84.3000086818457,23.029332169799627,2256.8631540768574
2026-01-05 20:00:00,1354.4044742188305,15.6619524143312,40.826254584413746,2197.9195476433993
2026-01-05 21:00:00,1297.742527646657,4.7513871097011435,28.789436817079807,1453.593204128893
2026-01-05 22:00:00,818.6386827196849,41.410923712249875,18.518568493110532,2162.673696943129
2026-01-05 23:00:00,689.091085519621,72.30768112168298,6.29437292549154,2378.093764896361
2026-01-06 00:00:00,775.94104353988,69.67846146165637,13.924859271524683,1436.7198542603178
2026-01-06 01:00:00,549.2696473696867,82.8382259732421,44.046970243049664,2370.710469733802
2026-01-06 02:00:00,449.06599580155967,48.45485912884458,20.24397476547821,3314.399599835142
2026-01-06 03:00:00,921.1674858501129,9.905755769421464,21.76093640917388,3355.7200786392177
2026-01-06 04:00:00,556.5073853149324,53.39331871590543,22.938313425468678,2416.5275350386037
2026-01-06 05:00:00,588.6848303253253,70.27720967743583,39.90057700972129,2381.7035584662135
2026-01-06 06:00:00,1216.485307906747,,27.572844512953633,1899.567149474422
2026-01-06 07:00:00,1746.5134638898166,16.36650869768549,31.521789603884574,3393.9424905954133
2026-01-06 08:00:00,1126.1832409509377,2.09386884285471,18.134195872160575,1875.8812591529747
2026-01-06 09:00:00,230.86509401044268,53.835079570766126,2.2798552179148714,2251.092730923908
2026-01-06 10:00:00,228.49214355191387,79.91936088318549,41.96280822668515,1306.1615213856207
2026-01-06 11:00:00,1717.419475437462,60.68903512418686,42.761617960321885,2033.3878109091875
2026-01-06 12:00:00,605.3943435224671,88.4015677955974,,1450.0246312785303
2026-01-06 13:00:00,256.51387634020824,6.609995072478779,42.52223181245553,2862.0320178087777
2026-01-06 14:00:00,1118.3757981556487,81.36709657848317,36.870645407060685,2478.1303513628577
2026-01-06 15:00:00,1160.2029230934525,73.45207757741458,,2501.5609423040787
2026-01-06 16:00:00,1202.4581942017699,28.96749532445594,38.15843640376057,1901.6737003893763
2026-01-06 17:00:00,554.5834473578202,87.64386311351541,27.424034516045595,3011.282209531245
2026-01-06 18:00:00,125.68816316460756,26.62645958725594,,1306.8689431956254
2026-01-06 19:00:00,1740.5261280726022,80.14812042071144,18.213599261822527,2000.5624762448033
2026-01-06 20:00:00,526.5181776748742,79.38662335960285,43.73697612680925,2684.944729963622
2026-01-06 21:00:00,,68.43152787766455,16.45006379820888,3206.637328575534
2026-01-06 22:00:00,1301.2707787938064,51.14887216934382,39.18442820418026,1792.6935095429894
2026-01-06 23:00:00,1137.0126090351257,11.680244715903036,5.101304714094262,2436.310108627578
2026-01-07 00:00:00,631.9425701632019,48.345484370188345,15.704089064520662,2429.781983119974
2026-01-07 01:00:00,560.8636313989118,32.75486675328918,16.4419462880047,3135.7661749917697
2026-01-07 02:00:00,1116.0360805945952,71.50731595082631,3.270511896795127,1406.0854680756688
2026-01-07 03:00:00,1572.3625771398756,68.4734993782192,6.240150528217219,2191.3986782484853
2026-01-07 04:00:00,1709.4473391697725,82.04451315616187,9.499269289357922,1683.1779170630562
2026-01-07 05:00:00,280.03986748638795,2.3198844564220007,37.86388599564497,1345.218460627056
2026-01-07 06:00:00,363.2086414161237,73.0101862972511,3.789687557351481,1608.7649750930138
2026-01-07 07:00:00,1706.0516399312355,84.52312272809553,14.142839659153037,3350.588412981218
2026-01-07 08:00:00,1352.1098881691473,71.24773997062536,1.4477001139277705,1751.1818699925625
2026-01-07 09:00:00,1601.0895022106142,12.587306928462636,31.607620797733087,3263.56462400518
2026-01-07 10:00:00,444.47547803008337,8.233840330839008,28.29333596190871,1731.0341195249775
2026-01-07 11:00:00,1098.8959808859831,2.855226342885372,29.37921953033824,
2026-01-07 12:00:00,1291.9373105097052,56.95832509869832,17.472842527443223,2674.7039639206605
2026-01-07 13:00:00,1256.1902052598534,57.04086601552997,10.163784135773039,1537.7590127540461
2026-01-07 14:00:00,793.8578744733868,88.83532056542089,32.69408938458547,2522.0218257658134
2026-01-07 15:00:00,126.17131587522441,36.42584249526452,36.689186400590586,1968.8794788345851
2026-01-07 16:00:00,1090.9742965672472,30.53965935587721,7.098465916320878,2104.6216275539473
2026-01-07 17:00:00,530.2726166053349,56.57381851941093,22.42049482924654,2224.3590114534436
2026-01-07 18:00:00,865.4322184429136,74.47917185317586,11.94349000706995,
2026-01-07 19:00:00,1727.8877256424894,,8.396701893069883,2694.628670014361
2026-01-07 20:00:00,778.360039992139,72.47805078993443,33.31031379377996,2913.5729440406026
2026-01-07 21:00:00,1527.6627313295255,38.973984274806625,24.676265160804828,1991.2731473223548
2026-01-07 22:00:00,420.5190297737269,57.50736694277371,10.512154624661381,3241.1643195399483
2026-01-07 23:00:00,1243.182846642549,77.21064007773441,14.640000493307983,3270.7792594396406
2026-01-08 00:00:00,1760.911822546204,44.66426225974481,43.532761538420665,1385.4499180174012
2026-01-08 01:00:00,273.21827148399257,20.28511128977995,38.34190084717649,1331.308456654339
2026-01-08 02:00:00,114.14390178622642,16.105386137560693,39.71765668641765,2192.6392933172283
2026-01-08 03:00:00,837.0907474754443,1.0140392674470489,21.240532271551153,
2026-01-08 04:00:00,257.46332118732425,64.9231815533343,28.4475196125185,1883.5999696493295
2026-01-08 05:00:00,1372.2533944495933,10.887651587293155,17.57778056899411,1844.7688772801262
2026-01-08 06:00:00,1654.7327285425501,22.701679872938698,4.419326930311184,2724.5010423893004
2026-01-08 07:00:00,837.83565360489,27.51099350552861,18.647049668898433,2563.5789977766963
2026-01-08 08:00:00,539.8097916642496,50.87380755217238,27.13515314111437,1651.0084374855303
2026-01-08 09:00:00,838.4856423112366,36.41819767932346,13.634347913797782,3157.4520228568335
2026-01-08 10:00:00,1329.8612903450016,61.0459852900614,38.309825288006294,2727.9497473382467
2026-01-08 11:00:00,115.39207468663066,5.951840680254541,7.6484070036823395,2061.4101232549174
2026-01-08 12:00:00,1102.0717821239853,12.03058828953511,,2735.6118489814153
2026-01-08 13:00:00,1142.5958643085444,45.42982381446074,6.495771834264929,1536.5714822124135
2026-01-08 14:00:00,1184.0700197230904,30.989866118367853,18.812613895349916,2283.337861605518
2026-01-08 15:00:00,511.43753596749127,27.327389284871014,2.7450974188679,1654.8672600750745
2026-01-08 16:00:00,1313.8896297428155,6.965499034339523,12.9921733827124,1387.005616869717
2026-01-08 17:00:00,255.36552676401988,80.71900655257213,18.632351225002083,2010.4851676054295
2026-01-08 18:00:00,438.7595719935614,62.571854165129515,22.03927598417443,1616.5445153096448
2026-01-08 19:00:00,1591.6990793126192,11.824015956948795,24.92263977290624,2630.387709603032
2026-01-08 20:00:00,1355.8293562351628,6.789090238605515,13.099609710756432,2715.5425774371915
2026-01-08 21:00:00,123.36744181928692,87.76365547538063,24.013818723054385,1612.253843075867
2026-01-08 22:00:00,522.2396426286604,61.62435698911593,23.396203348730634,1351.687311767195
2026-01-08 23:00:00,464.49102108837974,38.153590327343,14.91183423855317,2964.902179433837
2026-01-09 00:00:00,560.3707576628534,63.454062627264854,37.528814548885045,1304.3197435299808
2026-01-09 01:00:00,520.8516094758069,68.31352899673416,25.008209570116865,2022.2174872859564
2026-01-09 02:00:00,206.29470276283774,70.41663601260136,15.619867624847979,2338.624925895907
2026-01-09 03:00:00,880.1988782145945,43.53108020312213,42.68289453155416,3019.1485959307092
2026-01-09 04:00:00,1345.6469071364806,39.25956547311147,,3060.9731497668954
2026-01-09 05:00:00,1131.4439320196418,1.9814994999321303,44.23386370827924,2822.3728252819565
2026-01-09 06:00:00,1243.8818366167357,83.46358324762359,31.458290484398514,1819.1150073337853
2026-01-09 07:00:00,237.95360351160656,54.69440117661593,17.64180784226606,2812.3925620702585
2026-01-09 08:00:00,1717.5342073005384,19.080700409907163,13.357869333876543,1817.7323155415775
2026-01-09 09:00:00,1525.4361175331421,82.84470432850786,30.185985121677163,1750.6772026365734
2026-01-09 10:00:00,1468.6535414426266,82.42893925755638,44.15592962979336,2448.968703884118
2026-01-09 11:00:00,1499.0724685710047,89.03739062858254,28.575463524569347,2725.5943320515316
2026-01-09 12:00:00,1685.6078638256943,78.79103411936912,39.79105740355288,1411.4087084145292
2026-01-09 13:00:00,1025.231742393286,89.80281051598575,15.48055096610182,1426.0474623616778
2026-01-09 14:00:00,440.479430374964,22.77707074297126,18.90596642886725,2946.7584423152584
2026-01-09 15:00:00,1148.53213334932,75.96021308273184,40.876110541931546,3104.9442270275076
2026-01-09 16:00:00,1362.8985392354962,74.24951948282305,34.302134886144025,2569.3259243179773
2026-01-09 17:00:00,1354.4595687018432,21.553691970645303,44.182054096187855,2200.5388203844605
2026-01-09 18:00:00,986.4633410836962,9.76094186108818,35.089625228218644,3075.1646071582904
2026-01-09 19:00:00,216.37982286708268,88.16842571730636,20.734691117602196,2830.5157688281934
2026-01-09 20:00:00,730.8919953312173,27.346185085334323,24.366992872183975,2517.147816705664
2026-01-09 21:00:00,1665.3032343877076,78.50936935163475,40.622681668378014,1971.4899560924032
2026-01-09 22:00:00,1093.5631465876243,1.3673167660397465,25.272456388314108,1715.789629479314
2026-01-09 23:00:00,1015.1643035347129,2.871207842544596,12.237484463235589,2179.2133824701828
2026-01-10 00:00:00,557.050974449729,42.462546473976786,20.167271761877775,1902.3274095164443
2026-01-10 01:00:00,726.3631638581842,22.24560687022066,23.717903509361186,
2026-01-10 02:00:00,1622.0883515603878,62.395874225800824,5.2556726762497,2382.825216155268
2026-01-10 03:00:00,1232.9871807956208,51.33522497554794,33.72555766712717,1655.0973095983804
2026-01-10 04:00:00,1438.5579454789658,7.896235973093739,,2992.9710281550333
2026-01-10 05:00:00,872.3872192150137,15.473918372098819,18.81637938822745,1605.6118696010117
2026-01-10 06:00:00,1171.4202730754685,,36.4033874277778,2310.086642784
2026-01-10 07:00:00,522.2521348634527,17.51876169203355,21.573095910985064,2866.539809968917
2026-01-10 08:00:00,1299.2834114819266,71.50778890470964,38.04868286761435,2318.543486148152
2026-01-10 09:00:00,826.9222672956735,38.03025096424192,16.04277817046906,2058.1463335361414
2026-01-10 10:00:00,852.3273751850675,9.315436148982435,43.13599693593116,2297.271742227777
2026-01-10 11:00:00,1203.8479517806988,44.10651830221911,10.216610999430365,3082.2084676356953
2026-01-10 12:00:00,1691.6770564971753,9.08459811446586,2.6836223795292575,3379.906566396311
2026-01-10 13:00:00,208.81078923465557,12.47542018236373,39.386767891578415,2625.4009075078147
2026-01-10 14:00:00,1502.0635034899128,22.32527505051027,34.096919501817965,2966.2324895622714
2026-01-10 15:00:00,597.0512877007283,77.49796576702659,11.207288830964403,1330.4262409345063
2026-01-10 16:00:00,854.6630726608423,83.2905153776345,44.328630714013656,3148.7652600016027
2026-01-10 17:00:00,137.25265891751522,74.53693791055414,23.100325687815225,3303.5044958486283
2026-01-10 18:00:00,611.7783323183321,30.732872350188405,42.846879366343195,2507.855617690898
2026-01-10 19:00:00,954.4731124712218,25.24773325868602,23.22126594102797,2882.9902103264612
2026-01-10 20:00:00,195.49933149064634,49.87485648033129,21.762481817936806,2376.763960216157
2026-01-10 21:00:00,934.8627399513807,65.244931287447,20.762095634356463,1901.0278549567383
2026-01-10 22:00:00,1676.0880690593265,89.41017814625556,15.73451214984981,3089.7207411643267
2026-01-10 23:00:00,279.16847078326884,12.709793357224433,24.482865875768276,2553.357095191478
2026-01-11 00:00:00,1399.5492377283574,5.3869879131185945,20.912405125736985,2516.704475961955
2026-01-11 01:00:00,796.4407907391875,62.79767412057912,2.616862571436382,2684.1776280665335
2026-01-11 02:00:00,1213.7953146913746,75.0680947318476,12.45915027063411,3097.6066482405813
2026-01-11 03:00:00,542.40221657489,76.32504140811166,10.377403204644569,2837.002864119025
2026-01-11 04:00:00,371.1368463203091,61.3832558678673,39.167166502126925,1743.3608078530651
2026-01-11 05:00:00,372.7864442610849,85.90740656660765,27.35027899798102,2280.329443255371
2026-01-11 06:00:00,219.8363075933459,46.479423955468235,34.602056419788006,3358.626497171033
2026-01-11 07:00:00,415.59939833211314,82.3295170519229,43.100345660968344,2464.5774989018264
2026-01-11 08:00:00,1229.172954481246,87.13528019224555,29.33772799116204,3270.315242288677
2026-01-11 09:00:00,1598.8740401339637,76.39701367327659,44.23483962180875,3008.0759212574176
2026-01-11 10:00:00,1484.013665504975,28.568512130017233,14.717618272693702,2698.6492277983934
2026-01-11 11:00:00,1264.728326786623,18.46319295415628,9.19575602176733,2033.6669255854858
2026-01-11 12:00:00,287.7341677988745,49.78268578338184,18.745635071688103,1939.070629803422
2026-01-11 13:00:00,591.6186587031148,41.318312783836774,21.71517425717555,2651.184237124935
2026-01-11 14:00:00,,79.12049245515324,40.39590788551374,2208.378605777463
2026-01-11 15:00:00,524.9268088759561,9.902818724976681,25.63737931761376,2977.3826079151268
2026-01-11 16:00:00,975.5096215065294,23.938865456725157,13.855963974392749,2896.9591530344114
2026-01-11 17:00:00,1010.4414852954434,67.91010606216506,33.675908446170915,1955.47402215088
2026-01-11 18:00:00,706.7061577908873,,23.25660523411912,2775.7304444297
2026-01-11 19:00:00,701.4415698519413,29.548032847931317,8.133805592107487,2338.5553992040864
2026-01-11 20:00:00,1508.5445164403384,35.4568300708045,26.380070654015096,1978.9134117093938
2026-01-11 21:00:00,1441.7978421434655,56.41084789407941,41.101359619520494,2167.229844805744
2026-01-11 22:00:00,623.2529138572676,,38.07539516893608,3180.2389211457503
2026-01-11 23:00:00,1653.4403545845407,77.59379964112415,26.819638795954567,2054.987153457335
2026-01-12 00:00:00,1719.7855289042602,40.83125895649841,17.591659650939476,1903.538473970862
2026-01-12 01:00:00,655.4623214510694,82.61493235736953,4.827065046825291,2038.7951634912893
2026-01-12 02:00:00,702.5224129481933,42.64042231341991,21.664552626591448,1750.6987160382525
2026-01-12 03:00:00,959.57806081733,25.47858304572527,34.09149525130148,2443.73347353229
2026-01-12 04:00:00,1699.905381307245,13.622765753203064,16.852043668252467,1609.6165162773177
2026-01-12 05:00:00,1589.7430363419296,1.3333134293043485,11.359660324273234,3016.6319515175246
2026-01-12 06:00:00,274.3655363921026,48.36201616365037,41.98070764792195,1773.718519215815
2026-01-12 07:00:00,767.6422635614076,10.536946026496185,37.148450820151666,2555.9155578332557
2026-01-12 08:00:00,1040.731022574612,35.863770963174865,29.084127254486365,1562.5535477317765
2026-01-12 09:00:00,955.3252033376181,53.44518675010072,7.0184671325028525,3354.7516112500853
2026-01-12 10:00:00,429.56721549271754,25.536044824340326,7.375988977871613,2254.608463676659
2026-01-12 11:00:00,1559.988510985863,16.594962020584255,5.541662024054275,3026.5598155935104
2026-01-12 12:00:00,1250.7993310946235,69.9502244122314,28.117053343280702,2914.1604548649657
2026-01-12 13:00:00,1524.4442372480662,85.26441433306424,6.084763044826785,2798.7553990059255
2026-01-12 14:00:00,1559.8992748941027,9.939197189714974,38.07559674995586,3037.4662295296803
2026-01-12 15:00:00,1372.2049512317576,14.8475388702657,44.69046008005017,
2026-01-12 16:00:00,846.6580221245194,86.44112649549196,17.119320127181272,2724.8441146911205
2026-01-12 17:00:00,1137.9294835262217,4.3627957412899185,20.96147326655229,1858.2371940749404
2026-01-12 18:00:00,372.62119040356333,88.00927795299202,32.313355787369865,2950.3304945398386
2026-01-12 19:00:00,1245.197209707343,1.4133589945640006,42.234732278333695,3309.4243956805667
2026-01-12 20:00:00,404.7305347567773,78.75651035296849,40.340126036480946,3193.128012669661
2026-01-12 21:00:00,1279.7143038672666,,3.5340404649933377,1541.3996671946988
2026-01-12 22:00:00,490.3168732817467,84.53440837777939,8.439159312497662,2076.060083412924
2026-01-12 23:00:00,299.837210255374,29.208130688567106,34.20227673654286,2065.0777901149595
2026-01-13 00:00:00,380.9836332430276,59.233262616530986,31.31129675342768,1556.8221593550143
2026-01-13 01:00:00,103.38662987241946,8.12289870916836,6.861618137765424,1506.0647120283377
2026-01-13 02:00:00,1321.8573503510015,22.56735321938277,23.090841608068978,2108.2692834352815
2026-01-13 03:00:00,1345.0817833992444,69.85746183665331,35.35584376775301,3383.3502560426737
2026-01-13 04:00:00,975.386694852541,48.05304097741495,10.62635001955852,2494.7795672391776
2026-01-13 05:00:00,374.3167617941523,83.58924649904698,39.33665597232532,2605.741420068938
2026-01-13 06:00:00,242.04237376817258,39.15887534238053,3.3307580920961906,2289.1397110392327
2026-01-13 07:00:00,132.51924294338792,78.41330055743916,35.41658374299525,2690.894159838448
2026-01-13 08:00:00,381.7719008408752,40.95703393556314,28.09603159075429,3308.990369564016
2026-01-13 09:00:00,1614.4544094713494,88.15309680447669,14.868771252791362,2536.2657025902226
2026-01-13 10:00:00,510.612630892859,86.42525994450003,32.7210321270441,1436.5807654145058
2026-01-13 11:00:00,702.2612562692666,30.29316679449115,35.42409498665103,2335.070195253217
2026-01-13 12:00:00,279.0873236182664,79.84720666709549,42.09155473737465,3384.7776738290977
2026-01-13 13:00:00,478.0142180718895,76.43741230519278,17.1820855747876,2113.545713247953
2026-01-13 14:00:00,982.6817703263487,19.750555362153094,31.184736383118018,2547.1505981503915
2026-01-13 15:00:00,1133.1795612626092,56.561845669711005,,1523.9372032005158
2026-01-13 16:00:00,517.0989340825588,7.468726087493523,24.109067056111893,1596.4790473467906
2026-01-13 17:00:00,198.14467068269926,75.46725413192809,40.17832486282167,3136.8310516233214
2026-01-13 18:00:00,764.7558775165777,16.53458363181119,1.1393618220896142,1930.723719328384
2026-01-13 19:00:00,498.14573057476804,,13.412910668558297,1941.4476740446453
2026-01-13 20:00:00,473.2416694906633,36.6194995029542,24.684198539972524,2113.1472916048892
2026-01-13 21:00:00,1731.7667646128739,52.34607033536827,8.844903512008303,3329.605213099497
2026-01-13 22:00:00,1147.710826073731,77.08760931181962,40.946127484241366,1477.2200416774406
2026-01-13 23:00:00,1046.693353392563,87.70758477143455,29.494185174972674,
2026-01-14 00:00:00,806.8176759896472,40.11483361871787,22.026851763807556,2017.2715405785716
2026-01-14 01:00:00,829.2053668312452,6.379776145689049,36.8468773989328,3083.8828545694973
2026-01-14 02:00:00,1019.5385065247374,67.67128653330249,20.838992424464568,3382.686863959539
2026-01-14 03:00:00,1283.9306719613824,51.30041980393043,25.580732524920418,2032.2015614446705
2026-01-14 04:00:00,1293.6483635091101,40.86232969115722,1.121043804372524,1571.648369045946
2026-01-14 05:00:00,391.8796430992643,28.52493021250488,17.090823328583234,1603.1885457641492
2026-01-14 06:00:00,950.1916785302659,45.71346897807467,7.1067807834426695,2893.3558709932904
2026-01-14 07:00:00,800.3287615579734,31.142484796675753,31.346301949140805,1604.3352599100867
2026-01-14 08:00:00,1579.8958426579532,68.37405622951506,22.077186194932285,1846.8852939227368
2026-01-14 09:00:00,1173.4121660712399,49.40653898784505,14.277332519010155,1729.2365216903675
2026-01-14 10:00:00,,79.03945189971597,21.584622932356666,2046.9249844650633
2026-01-14 11:00:00,296.17089170415954,49.37540840380034,10.223715069859232,1456.1698078143436
2026-01-14 12:00:00,1129.5844118497994,22.205354787253775,41.70381182939018,3099.1592130552417
2026-01-14 13:00:00,,76.74717751866086,3.374795832240172,3106.3072547820866
2026-01-14 14:00:00,,50.59249499877391,39.0783495530293,2167.1590868136486
2026-01-14 15:00:00,342.8313401843642,19.40885239477695,23.499786704267443,2585.3838949492983
2026-01-14 16:00:00,,56.49219508610377,28.23364583010796,2648.09829889904
2026-01-14 17:00:00,450.62859352145944,32.83679207987605,14.314647319982967,2873.44204222645
2026-01-14 18:00:00,766.1609344196441,76.15209949399386,43.53469513895014,2393.4491838425074
2026-01-14 19:00:00,1622.6471219519237,41.34367673954231,13.401442174857552,2371.7056954275404
2026-01-14 20:00:00,447.3378517782495,65.65328087156009,,2625.737932389243
2026-01-14 21:00:00,963.2686087299245,9.502722479625106,44.71033502471367,2776.401630906743
2026-01-14 22:00:00,812.7618239822374,36.24616682090881,39.768153440871615,2028.0497917614287
2026-01-14 23:00:00,130.81086977774055,88.50848784604348,24.598512312588667,1993.7779938645117
2026-01-15 00:00:00,1447.6887930737817,72.9529657634662,44.57647901055733,1866.4086486014094
2026-01-15 01:00:00,217.37804073481954,15.23473141065665,31.860273916235045,2452.5777661567718
2026-01-15 02:00:00,906.2335356608211,25.721000403475703,10.182818310239611,2056.326948067122
2026-01-15 03:00:00,1053.1531013962149,30.353606988216136,18.84623325917548,2434.657862186027
2026-01-15 04:00:00,1168.324976244798,58.88253488409467,15.717706696508245,2152.568008236535
2026-01-15 05:00:00,1270.6737698233885,68.37253359457934,16.13660316393232,3057.141783360588
2026-01-15 06:00:00,530.5630519886156,67.70786818390397,34.46008333183411,1453.5735034654676
2026-01-15 07:00:00,116.96392031936394,46.37879101126985,26.707568800002917,2501.642246569817
2026-01-15 08:00:00,1329.8542260033503,73.16302786759546,2.6760793099392557,2508.809876233115
2026-01-15 09:00:00,1010.6162188908836,39.89994936541528,39.60773328064295,2105.8063521312697
2026-01-15 10:00:00,1521.4000954523228,12.025370311305009,14.059030181127241,2184.143878582601
2026-01-15 11:00:00,,51.23532390718938,44.87129458417832,2980.2758578541498
2026-01-15 12:00:00,1533.6544852394013,85.7548232294985,42.98439213473057,1889.414791546703
2026-01-15 13:00:00,924.6609219652182,71.5764349739335,42.383351534006465,3129.947961994942
2026-01-15 14:00:00,,52.50435764460957,36.68961457881484,3182.3209386828557
2026-01-15 15:00:00,1445.648944405329,58.56570377106963,10.706986594075873,2666.300539244611
2026-01-15 16:00:00,867.1999921497334,83.82002040616597,24.43584073726641,2923.0011987870066
2026-01-15 17:00:00,411.85173388583866,39.122508704711485,10.869315580298881,2587.1898095444258
2026-01-15 18:00:00,1553.4558332545064,,12.425720045913765,2403.0441388678423
2026-01-15 19:00:00,1600.3517905129904,87.97449928503997,27.881877855196205,3330.0232839254822
2026-01-15 20:00:00,892.7265854382892,77.84643888241968,2.796675995534789,1893.5754248776748
2026-01-15 21:00:00,228.68953642663868,29.75087903105561,43.65617694011114,1623.7169879505354
2026-01-15 22:00:00,759.3043528587831,42.27647316512213,41.421619593430435,1903.719262599282
2026-01-15 23:00:00,1466.0140210864256,37.941953481694114,17.753773174939674,2590.713777596835
2026-01-16 00:00:00,1633.0158485285888,14.26951540175762,23.678587712304175,1688.8852200124018
2026-01-16 01:00:00,445.9036622459129,86.24591981938006,21.509254447781398,3208.5094907752596
2026-01-16 02:00:00,213.85514044296158,36.98380637855853,39.81679025916867,2163.1512413973246
2026-01-16 03:00:00,1591.4957703258258,78.90428835477381,31.298482557908883,3084.9220444128714
2026-01-16 04:00:00,761.988396264088,17.85270426357919,13.236894886671683,1823.396743510515
2026-01-16 05:00:00,1020.9936392548575,49.76050214671256,20.661015196473063,1957.6535456737697
2026-01-16 06:00:00,1745.71188048629,3.1325632760600137,19.874502930217606,1424.369134062243
2026-01-16 07:00:00,213.16003745417885,69.01562306196546,43.21074740449242,1841.3121535897053
2026-01-16 08:00:00,1202.1406126685624,52.701336943918776,8.713680062644144,2329.6590198229333
2026-01-16 09:00:00,225.97921837727404,56.67747292880799,4.941358840954878,3286.887527218809
2026-01-16 10:00:00,738.2971783930507,5.603158547364158,39.74722861511437,2116.696245172146
2026-01-16 11:00:00,1466.4847268288595,19.78241138856677,40.45418353825832,2643.462146915026
2026-01-16 12:00:00,836.9027956845785,7.615447639468634,39.356519868135244,2198.1912466844547
2026-01-16 13:00:00,1795.2100016350157,26.71337410653925,23.48298428752448,1398.2628866126765
2026-01-16 14:00:00,1050.4007844092237,56.84207168371144,30.02875484385626,2357.4185143830755
2026-01-16 15:00:00,645.9756594811209,51.390552604246395,25.787974092683292,1438.4186580782339
2026-01-16 16:00:00,474.1892540380803,55.481334123591736,4.05570434639364,3155.7698416548255
2026-01-16 17:00:00,695.884908286475,49.8833631526326,27.21673546363179,2881.3776200969196
2026-01-16 18:00:00,733.3065653912364,25.299562815151482,1.5990224792684389,2095.168089629969
2026-01-16 19:00:00,216.81325213073364,,15.299446020511791,2644.4591990017084
2026-01-16 20:00:00,728.2761390255143,13.198311834755733,42.02087333841935,1535.2591261579973
2026-01-16 21:00:00,889.2054835566823,76.5673078664108,14.377991863975534,2775.365472621567
2026-01-16 22:00:00,1328.6541788059678,55.86666291017076,42.352372276346905,3027.738058882086
2026-01-16 23:00:00,1216.4401240267337,,12.005894114566747,3025.6658619302925
2026-01-17 00:00:00,1304.9016138895622,16.77163480409032,14.840738580307429,1896.982850150377
2026-01-17 01:00:00,114.21825919065707,78.70016853582617,28.649929843296356,1853.867010081336
2026-01-17 02:00:00,470.03457928691125,67.10304687493542,34.51158680272897,2394.935144595625
2026-01-17 03:00:00,1224.863290279756,59.68651811157805,23.061061792214897,3332.3215400526815
2026-01-17 04:00:00,922.7819259055701,37.21090557099768,39.81309023654284,3233.098252972779
2026-01-17 05:00:00,109.03290863618811,24.31582522078806,2.770578550867247,
2026-01-17 06:00:00,1467.640892134098,88.17111791704131,41.57657289991231,2937.6419629843926
2026-01-17 07:00:00,1413.7762745935736,71.95432217702921,9.637543195397953,3234.7673045920606
2026-01-17 08:00:00,1032.3125770890565,,39.90650478372486,1847.9455780069707
2026-01-17 09:00:00,212.9876538196626,76.43326686878602,18.637979897400744,3043.6208641661733
2026-01-17 10:00:00,1403.0755842053939,68.54494342670665,37.641310458325655,1862.5808165092708
2026-01-17 11:00:00,1092.3130991433186,27.440168939141856,30.553284191362582,2020.8924643631424
2026-01-17 12:00:00,1429.3319611685306,38.96320402750593,8.741431829043533,1717.5234507865837
2026-01-17 13:00:00,1377.9698870729287,17.549856639801373,41.39409307478373,2364.8675780526983
2026-01-17 14:00:00,1465.1035223283232,10.883667549651733,11.802765181492225,3070.9528779486063
2026-01-17 15:00:00,980.6137128878622,65.32582092273302,11.74216522257996,2408.909488614576
2026-01-17 16:00:00,338.5516809289755,24.808555304494128,36.82387145204474,1559.2240203555048
2026-01-17 17:00:00,1240.9677047454707,73.98528355141657,5.658423245190925,1828.7294576770569
2026-01-17 18:00:00,1154.80543458835,89.60917532478392,10.769579880300254,
2026-01-17 19:00:00,1361.8304182384481,7.819163439738732,23.161813230526743,2524.6936566981767
2026-01-17 20:00:00,388.79771028625004,43.100126132449326,37.54098926221147,2511.5023974442265
2026-01-17 21:00:00,431.45783983049165,72.38356777866147,7.489294888439769,1461.7073342630536
2026-01-17 22:00:00,1613.6961792728584,71.21662979216978,25.09740231854324,2882.7613745329836
2026-01-17 23:00:00,1374.9622573685203,68.6397470914562,32.29458603932934,3209.7992178769136
2026-01-18 00:00:00,1643.988430790549,32.06054924187008,38.866189887501854,2372.0897902327897
2026-01-18 01:00:00,1389.8160459786652,41.39293975596966,42.16488464889766,2809.5415022209118
2026-01-18 02:00:00,1115.164020183513,53.95218380339085,35.524156236633026,3219.4325332767576
2026-01-18 03:00:00,1212.0256529473852,87.6807119380199,29.724449521768083,2649.5077853908333
2026-01-18 04:00:00,1611.517470698017,30.151707113525866,20.079283753761697,2716.084021305207
2026-01-18 05:00:00,1083.9714826702989,83.15980600680034,5.932846784290463,2814.9492681063048
2026-01-18 06:00:00,1175.0652513582586,24.972765718063975,32.22843647112293,1847.0551480535369
2026-01-18 07:00:00,366.01041720612096,89.02762742715971,44.680441396921424,2523.6235369053375
2026-01-18 08:00:00,905.6660741973747,60.653468127655664,33.41746616821239,3068.567740543358
2026-01-18 09:00:00,1317.8750903287682,42.25252175191103,1.7352881244599563,1921.9417335475764
2026-01-18 10:00:00,560.6025871378213,,22.835439033840906,3184.0580491534065
2026-01-18 11:00:00,443.8321068917094,25.255274044578407,28.04445182924777,2602.802094507827
2026-01-18 12:00:00,633.5055739815065,25.40147331852053,31.345664848525093,2188.667188009418
2026-01-18 13:00:00,510.5510675878169,11.106354402070952,32.667936766431175,2608.684218940615
2026-01-18 14:00:00,465.35148296187293,11.15047649578049,25.55677141352706,2143.9058019470604
2026-01-18 15:00:00,822.2464328757478,31.94278499073311,10.827854640306573,3059.8747638811665
2026-01-18 16:00:00,1643.325473602008,68.89413753277708,42.45682910496805,2312.869018141954
2026-01-18 17:00:00,962.0013994558211,55.10943391623646,31.653324577201126,3192.548055484107
2026-01-18 18:00:00,419.46464738604914,10.130025869460852,11.420961622254016,2370.5969697804358
2026-01-18 19:00:00,230.85183794748593,76.84905072285608,15.182160619892008,2686.7736182385133
2026-01-18 20:00:00,1283.4654467344728,54.52171880211591,41.564817507736265,
2026-01-18 21:00:00,750.7578995418593,86.5161463338454,40.04934821512278,1608.6282661179364
2026-01-18 22:00:00,1497.1126091951107,60.64650659959747,18.826443287755943,2847.131212340152
2026-01-18 23:00:00,1221.1683066893092,16.59056286967211,2.685517767623843,1591.6316786234606
2026-01-19 00:00:00,1453.6104659203265,43.16671924539618,3.13388423133328,3061.619368105232
2026-01-19 01:00:00,562.3082670113629,58.71628618170117,13.492404800409119,2552.5521004402244
2026-01-19 02:00:00,1277.010168183799,3.5155583934480146,28.681377650915977,3270.135077273564
2026-01-19 03:00:00,548.9053739793219,2.3270135097779026,26.704563954720722,3118.508864084223
2026-01-19 04:00:00,1696.4164150654958,12.516867053272543,28.88842262553348,1457.2312786845291
2026-01-19 05:00:00,1181.8362786067364,23.398134719046897,32.56045076501269,
2026-01-19 06:00:00,651.6700602980816,39.229871993340126,1.8374191580804902,2562.458950074333
2026-01-19 07:00:00,558.1701658968634,44.38220216462117,,2388.460743878357
2026-01-19 08:00:00,424.57519462179397,13.284457195472815,16.817271880397357,1653.9867742882336
2026-01-19 09:00:00,1280.8896301193372,60.93185054130894,7.8138398909495965,1571.6543793704645
2026-01-19 10:00:00,471.8165420964764,54.0562874909916,4.314081871960383,2484.3806452273875
2026-01-19 11:00:00,1112.0155520767314,27.20730479686326,,1402.7352507474989
2026-01-19 12:00:00,549.8795457731076,2.215729625740989,36.87480500960836,3134.844136202222
2026-01-19 13:00:00,1225.3472061495766,7.910664466442876,34.11557292710843,2994.874131585503
2026-01-19 14:00:00,1485.3975385189167,35.860835020464705,36.94975025880389,2949.2769405932877
2026-01-19 15:00:00,1422.6429133459103,14.703717253745868,30.297687938546595,1333.5940087855563
2026-01-19 16:00:00,1393.447262582329,34.5369449471694,33.3551941598249,1400.0459811667497
2026-01-19 17:00:00,419.1280896768285,56.908251801421606,12.958266065165258,2454.66215441653
2026-01-19 18:00:00,250.2544098736818,49.704131081256236,44.69235359650323,3388.293946677773
2026-01-19 19:00:00,1288.2130084285554,21.574653599228085,9.059288797731032,2018.8640220398388
2026-01-19 20:00:00,726.1902634503972,31.600201722028967,10.43773047313283,2023.1871144512224
2026-01-19 21:00:00,834.9885848856904,55.64877666192991,13.712560599897262,1581.983730410165
2026-01-19 22:00:00,152.9534577487648,77.61609749586694,43.91462692468947,
2026-01-19 23:00:00,541.2799637675837,68.03599604776008,44.484697931571866,2658.021046887412
2026-01-20 00:00:00,157.24988658658884,50.252602388173926,35.97532498708589,1512.777074396234
2026-01-20 01:00:00,1594.615813422121,33.244076850167275,28.678534336623883,2281.5658028435373
2026-01-20 02:00:00,513.7743614715018,33.48956370122068,23.88275330812299,2700.857308526146
2026-01-20 03:00:00,1047.4731882741137,79.26814061353124,43.70731721022121,2336.3838862760467
2026-01-20 04:00:00,166.2648451239217,4.49267826760863,31.607403325762892,2716.1635219159866
2026-01-20 05:00:00,1233.6405652196188,88.93045535340323,42.56812564634533,3014.1678346061285
2026-01-20 06:00:00,649.1464877819595,,14.92823517701545,2740.212409555712
2026-01-20 07:00:00,1626.4626178280319,61.62125521744276,15.686090859860888,2593.8398952441003
2026-01-20 08:00:00,1609.800921187861,4.381807520122052,38.607882141211164,3092.5395395834357
2026-01-20 09:00:00,652.9940512149713,,7.593616505752952,3191.235992526555
2026-01-20 10:00:00,1631.6335226737954,44.145247348049786,42.62082589702733,2116.661518069189
2026-01-20 11:00:00,1793.468044947924,10.414322713571963,23.32887160518993,1663.8247642201604
2026-01-20 12:00:00,1503.2066290107118,25.73505895847296,41.7622106576827,3017.506848416906
2026-01-20 13:00:00,1536.2812911838894,80.23798660301496,15.818882703935776,1748.8815253289147
2026-01-20 14:00:00,523.3148513854528,49.94896901206981,32.502191782133465,3250.79640647308
2026-01-20 15:00:00,1080.3940780581856,37.794075190477876,22.246505366798345,1348.0436849659973
2026-01-20 16:00:00,214.33505374452534,7.468711869832174,28.579359730800814,3234.6694835005374
2026-01-20 17:00:00,261.3604925968385,64.5568159388052,23.192389698122696,2537.2842844853317
2026-01-20 18:00:00,1798.117440456594,63.5537232822469,43.5530871643399,2926.958444677051
2026-01-20 19:00:00,655.2867240240486,55.649881020558155,31.45263750381236,2136.8344328352496
2026-01-20 20:00:00,1371.9126504830388,46.41337551363778,12.058034619557878,3382.6042130086485
2026-01-20 21:00:00,1471.330590145588,39.60681179645617,41.02578456382372,1777.8579978892099
2026-01-20 22:00:00,1558.6395607122897,53.801127275931314,13.937308478824592,1855.121691540167
2026-01-20 23:00:00,1795.968105583666,21.772195203828197,17.350624369237675,1408.0081324786931
2026-01-21 00:00:00,510.5440249366753,84.77205671181065,5.493442712889388,3274.9940624290202
2026-01-21 01:00:00,168.59640566148948,53.40271309704043,40.5985268710324,2257.66153755722
2026-01-21 02:00:00,799.0255805907962,28.69612754753951,13.588929022025972,2717.190070910633
2026-01-21 03:00:00,321.1371387092098,41.021506728778995,12.392375188980823,2743.6255276719658
2026-01-21 04:00:00,138.1240115754937,72.70594621004342,41.491554311777975,3136.4543937936232
2026-01-21 05:00:00,712.7256061405263,15.383829404996472,36.443181945821465,2696.343026357459
2026-01-21 06:00:00,1432.3550268279018,27.062370398963175,7.207472546852474,2480.2444828387934
2026-01-21 07:00:00,1062.5071750826205,61.47621402355343,34.85027817176195,2791.6689008011917
2026-01-21 08:00:00,631.7225816576018,29.078539376917927,41.173456314366796,2877.0386779065657
2026-01-21 09:00:00,1212.3814093376234,71.53264968567048,4.454493601272732,1690.448687121812
2026-01-21 10:00:00,494.43090652497824,12.610360358785114,37.309459775801216,1530.3007818511812
2026-01-21 11:00:00,,,25.08648228241446,1457.1825860196825
2026-01-21 12:00:00,1399.4007569419266,7.083302621700395,30.44468777266723,
2026-01-21 13:00:00,1160.3632442688154,2.1207425274070357,22.685590911817222,2345.800503659265
2026-01-21 14:00:00,1395.9144616516319,80.94189317606242,31.703335735832262,2592.864786408708
2026-01-21 15:00:00,166.19462836903153,52.73919030697458,2.5003059133371415,3311.872491348181
2026-01-21 16:00:00,1523.1033673121087,32.31259384072622,34.559095821824485,1994.654422434713
2026-01-21 17:00:00,1153.1945400617155,21.700922689782686,2.46712270579417,2897.8355093622763
2026-01-21 18:00:00,1057.7720962114881,55.90283471021263,21.033193300883113,2415.851001149258
2026-01-21 19:00:00,1161.8438817947037,46.3011943347697,7.642459697732974,1762.1888573825254
2026-01-21 20:00:00,1569.5365196762189,89.25220202216867,37.23726820345752,2592.141401170394
2026-01-21 21:00:00,1097.792061150142,88.50622281218337,14.801080003729417,3331.0699744083777
2026-01-21 22:00:00,1087.615645809905,57.51718638660326,20.98011596259063,1561.047428427672
2026-01-21 23:00:00,,40.41547504342426,19.86503261712571,2365.287505553381
2026-01-22 00:00:00,1386.4412840165655,44.711546252984924,34.990086490127084,1408.3775437161094
2026-01-22 01:00:00,851.8994692669299,61.74063689508071,22.17035183102292,1974.5542276823608
2026-01-22 02:00:00,1302.5749000559772,10.040134436948941,35.71416674045523,2603.2656229473814
2026-01-22 03:00:00,761.6918018760405,30.22333456915392,4.23436417931771,3066.2195656645845
2026-01-22 04:00:00,489.0882862219483,7.699229449320743,9.430134587731784,2833.6896856247495
2026-01-22 05:00:00,1114.648190709191,7.529107597005841,25.26750698443987,2271.999234252495
2026-01-22 06:00:00,1677.9095667937174,18.429692528586802,42.67188628911858,3209.367789918708
2026-01-22 07:00:00,1679.5371840262867,44.18753965879719,4.2893452557583345,1935.7007965499183
2026-01-22 08:00:00,681.2389727793335,70.84491458348825,2.8957055109020295,2883.3651614728496
2026-01-22 09:00:00,997.0516925768815,44.209134313762654,7.8882296968256504,2295.418945670091
2026-01-22 10:00:00,459.78102756876405,30.85741833991741,29.210737669846885,3187.1350848128286
2026-01-22 11:00:00,1792.5728861481018,8.329416139971475,18.555688333490874,2974.6089254728963
2026-01-22 12:00:00,1767.9004433754908,49.976301563298534,37.32430469437819,3193.0862887449
2026-01-22 13:00:00,1204.1651805026604,25.142904197002732,4.165058665180096,1749.9204827783542
2026-01-22 14:00:00,1467.5039014517047,55.72914183462612,9.642219819846847,2703.1159074440366
2026-01-22 15:00:00,1315.67027418229,87.96970878278523,14.20116184045541,2850.773156971444
2026-01-22 16:00:00,1108.368972367096,10.906974611501964,28.576123814306552,2859.0699570934466
2026-01-22 17:00:00,190.6915948811261,19.87916048625265,31.147598373268078,2358.4009459814088
2026-01-22 18:00:00,873.0993823395238,43.10541389084435,6.464944934406049,1323.6260969307004
2026-01-22 19:00:00,1247.136713684598,87.20662956578772,,1849.0046461250572
2026-01-22 20:00:00,1251.803743602264,69.6910700880296,16.005941948369202,1978.9318375092002
2026-01-22 21:00:00,,80.94239819149188,32.37942557201245,3089.276896291699
2026-01-22 22:00:00,1700.876377318652,30.70062151434557,,3065.8602159188627
2026-01-22 23:00:00,384.5069548025277,89.29142416629492,10.801356996072691,1519.828218479345
2026-01-23 00:00:00,950.611058566453,10.152120629710009,38.23404621707809,3294.6553517196407
2026-01-23 01:00:00,1274.5027601363988,5.714588638102974,37.002473240444914,1683.160721968131
2026-01-23 02:00:00,,77.14863380780851,18.427161572334363,2170.1548477319343
2026-01-23 03:00:00,1202.6862265069865,83.52657344842177,26.89873377052964,1751.8296288325864
2026-01-23 04:00:00,567.9899628681623,9.062096821603056,12.34433062118135,3106.6981845416503
2026-01-23 05:00:00,365.55116676725737,11.095040980379894,31.353471664837265,2873.744266904555
2026-01-23 06:00:00,1181.0985556054084,3.9525000402638693,14.597179755298981,2042.4104944643882
2026-01-23 07:00:00,1118.813597437044,10.301173075202444,38.13946431281833,2731.9451146547162
2026-01-23 08:00:00,404.90521749170966,19.638363695225,10.56494458820007,1687.170456760239
2026-01-23 09:00:00,1298.7365474699577,87.33681908299009,1.6513506040124222,2102.8238939896037
2026-01-23 10:00:00,873.7923859472158,60.43955977933156,12.81435384658841,
2026-01-23 11:00:00,1235.19300572536,70.29121927115025,9.406309404217414,1799.6670316149355
2026-01-23 12:00:00,1523.524035609256,70.07640692854547,23.36460334789667,3140.2553041240535
2026-01-23 13:00:00,388.53832858076936,48.621563730350104,9.962944832889358,2725.576044506165
2026-01-23 14:00:00,132.54627559462236,71.97651901645852,34.58035431165777,1887.8725521839785
2026-01-23 15:00:00,1424.4743968728376,54.0268703827073,11.620308072176172,1808.4535973209784
2026-01-23 16:00:00,1136.485622759447,28.994602686698826,32.10659991615685,1337.702289098402
2026-01-23 17:00:00,1289.387268357607,50.93879968038767,26.45272061260386,2027.8227329639449
2026-01-23 18:00:00,1524.8634574806924,48.4822641659717,44.39499368476291,2406.2196949621684
2026-01-23 19:00:00,1464.778589201651,74.28732178457953,44.99564298840619,1883.1929780075905
2026-01-23 20:00:00,1733.564249779002,88.37372234696765,39.259147665962516,2770.9623805025167
2026-01-23 21:00:00,1011.0896340486009,37.58278832246282,34.43926824914505,2164.674010923659
2026-01-23 22:00:00,930.4425755218391,68.941770381281,18.004082216025246,1964.2674577224025
2026-01-23 23:00:00,783.2082398142411,9.878907359393885,34.14417599377736,3272.0210834596955
2026-01-24 00:00:00,361.2747728351477,70.13799188089769,43.09372363149759,1851.881842305092
2026-01-24 01:00:00,1073.432295899438,34.05610516739766,2.028613317399543,2136.3410022029784
2026-01-24 02:00:00,570.9212913541639,4.505724497182113,24.668246808700506,2102.810655893621
2026-01-24 03:00:00,1666.2227707620582,33.32890989203377,10.591925393091122,1806.5165259096216
2026-01-24 04:00:00,1091.4243672710659,55.347204832026385,25.54655789822942,1756.7011536018751
2026-01-24 05:00:00,,11.613264923650524,21.52367194939121,1934.9980395081475
2026-01-24 06:00:00,703.3719234909171,83.23906982629266,26.333817588300512,3114.89595685548
2026-01-24 07:00:00,188.38189836210273,,25.242337742423864,2910.87406318151
2026-01-24 08:00:00,153.96440113408065,83.77059806515179,43.244709723416726,2730.09897973611
2026-01-24 09:00:00,819.6697450604357,63.93523909627609,25.296188793128387,2259.9162845492365
2026-01-24 10:00:00,243.76114276530436,30.34438361186412,38.23421187749416,2366.283367728467
2026-01-24 11:00:00,1131.6398244182365,35.7767809461093,15.072092619237246,1860.9915755362667
2026-01-24 12:00:00,1597.6541095874177,66.93203346121423,20.27643030680615,1456.063419055427
2026-01-24 13:00:00,1600.9551880818276,54.53092797842746,21.698192945971634,1995.1851691130128
2026-01-24 14:00:00,,60.776220009490125,13.264033906756707,2340.725887583969
2026-01-24 15:00:00,459.0941135039827,35.63565086969972,17.71077150503003,1420.3573976905982
2026-01-24 16:00:00,1567.0946133100824,44.41539988087631,27.33457549653811,1485.2899343199235
2026-01-24 17:00:00,1606.3588400324538,89.09820607937252,26.528261585399424,1852.3529890575912
2026-01-24 18:00:00,434.3110944200298,20.039135474474875,29.003155161233142,2070.8687845447994
2026-01-24 19:00:00,1353.6243458101512,38.1892006004697,16.479988278486207,2125.965303349281
2026-01-24 20:00:00,587.0832331761089,26.97226369408309,14.896585786734512,1547.5607392048107
2026-01-24 21:00:00,1464.4885309999804,69.09492442914663,27.911186841183174,1774.2248445230566
2026-01-24 22:00:00,1795.3044298361247,68.99712368424915,6.845916930811098,1849.4592293335784
2026-01-24 23:00:00,151.04420905996778,27.027646028768235,12.133387915414158,1442.033240022617
2026-01-25 00:00:00,1625.5219718445842,8.243738180335479,2.853620425931789,1984.8093712383643
2026-01-25 01:00:00,1158.4719071177187,2.01750822382616,4.194877514227526,1451.6653027865652
2026-01-25 02:00:00,1754.750452580196,39.04309745858121,,2777.261470530307
2026-01-25 03:00:00,890.516179794927,37.520045895883605,1.8592883330644372,2110.700309770352
2026-01-25 04:00:00,1540.5594819713353,88.96669919894781,11.798066051848307,1986.1800176945867
2026-01-25 05:00:00,206.06991661707127,42.81238473709349,29.818958214729143,1565.6965601575744
2026-01-25 06:00:00,669.9743851331027,23.821234892212438,3.6887114526330538,1775.6576764342813
2026-01-25 07:00:00,213.92811417705695,80.3194202518006,20.216413822964203,1788.6809387721596
2026-01-25 08:00:00,1758.08332691442,44.70504751916848,41.17678662446018,3368.9288512339363
2026-01-25 09:00:00,1488.8556423621224,54.32663153374143,35.81653247271764,3054.233696967836
2026-01-25 10:00:00,1549.33061611815,9.514515228110929,14.439250100973718,1332.0508124302064
2026-01-25 11:00:00,1694.54089343762,35.07956025234989,41.69144108443247,2595.3568406138074
2026-01-25 12:00:00,244.6759264036351,85.03590702816702,15.504445856899892,1837.4112024860399
2026-01-25 13:00:00,755.5159072726667,53.46597919161286,4.19068183885275,1519.191550521127
2026-01-25 14:00:00,220.75931137480362,31.66066510767909,44.738462097797,2781.7595025514847
2026-01-25 15:00:00,458.34827263504866,56.68437907621178,39.280991196323555,1576.3716538835333
2026-01-25 16:00:00,489.92182096404304,82.02658697245234,21.501042465248062,2231.855637012445
2026-01-25 17:00:00,897.4822587808837,25.385163442060513,30.32056706446577,2627.546846163841
2026-01-25 18:00:00,556.5556846711925,45.955387943890024,30.53403542569349,2464.438987925476
2026-01-25 19:00:00,271.66278159019384,86.32346819814623,9.557218152140255,3353.02110643576
2026-01-25 20:00:00,384.7348514599831,16.343256753562287,9.802139858759821,2950.0594875572974
2026-01-25 21:00:00,350.36845803855454,65.05008937810733,21.661550947480336,2925.8060898677286
2026-01-25 22:00:00,1754.230556450907,55.68880973006543,41.10921816605871,2046.7503275701656
2026-01-25 23:00:00,1390.797261761405,61.4910866715165,1.4397260937771144,1317.6305333766975
2026-01-26 00:00:00,1745.1944909582553,32.2585471294137,35.43024798177181,2842.262952308445
2026-01-26 01:00:00,847.5588270634445,28.93526424005508,3.531178483444782,3399.437377020912
2026-01-26 02:00:00,573.2264188265162,61.89466068236497,22.041773054857185,2152.346126261593
2026-01-26 03:00:00,1457.0984352556175,20.183352374304537,29.06640465523296,3369.5888478099464
2026-01-26 04:00:00,654.6316606699495,38.34927229245145,31.217407751628453,1597.5870300221275
2026-01-26 05:00:00,608.9517352990921,17.747543498709703,3.5730875991001008,1922.6759384371067
2026-01-26 06:00:00,495.260186753313,1.739130859976347,19.418559164894603,1658.5265566591884
2026-01-26 07:00:00,320.4542629812001,87.33510504338818,26.688839462102283,2297.869543146313
2026-01-26 08:00:00,535.9872037285022,39.4215651004213,3.906003641464305,2973.660943165163
2026-01-26 09:00:00,704.0435724056091,87.27211568336445,6.94416049019363,2015.3895522297032
2026-01-26 10:00:00,1245.7901538477417,13.488793259336521,30.200555538177696,3203.08076801893
2026-01-26 11:00:00,206.36023177306768,53.27564337171626,23.952080649988673,2444.1438679925486
2026-01-26 12:00:00,457.861797431083,18.886688918420326,8.120461095804783,2277.391268857942
2026-01-26 13:00:00,,71.31659729973146,24.550530824248273,2952.7752686100803
2026-01-26 14:00:00,349.7672700924103,70.7495659997268,41.15846443155429,1513.0313437877476
2026-01-26 15:00:00,682.4967490882866,11.02203626449875,1.6858537301160128,2924.8801895424167
2026-01-26 16:00:00,1569.9201671588382,,29.275886033377603,1810.1992003629362
2026-01-26 17:00:00,363.3730289438525,18.32203860108699,4.240619122635045,
2026-01-26 18:00:00,240.65262055092282,55.55498340145307,1.2837754904468373,2558.8529239721674
2026-01-26 19:00:00,923.7145916360184,88.72139218780566,7.628797501067887,3194.062292597031
2026-01-26 20:00:00,614.1131691735119,79.53329159420637,19.60789180157245,2514.6545945188163
2026-01-26 21:00:00,1057.794219622552,86.13418964194405,36.30313595520593,2662.7936324684224
2026-01-26 22:00:00,1466.4683138219077,31.49129063841263,13.398561850600581,2930.8486381710754
2026-01-26 23:00:00,333.15242985966336,10.39623215753224,28.52962134510538,1844.5819938842221
2026-01-27 00:00:00,1087.1884437422846,17.76287172276106,19.090892070033494,3037.190712888699
2026-01-27 01:00:00,959.3648926627686,45.54404566181863,11.31059884650435,2177.7163130410145
2026-01-27 02:00:00,344.93393622243923,71.59744136632567,23.62687302844578,1668.8769563314413
2026-01-27 03:00:00,1160.7974253992702,14.363674332364894,36.08843757639542,2035.2479668683623
2026-01-27 04:00:00,565.1887103633118,59.71610637120738,37.629664282470344,1816.875334608273
2026-01-27 05:00:00,929.3183415248212,29.798406759516556,38.24685940259842,1780.2985707848563
2026-01-27 06:00:00,239.8629512710052,31.36698444290166,15.896543752419094,1893.3827173102488
2026-01-27 07:00:00,881.2928972631591,59.91067798405544,35.912066847493136,1679.954710958388
2026-01-27 08:00:00,620.9878956727946,42.5629483384566,10.335852024791947,2702.17368987355
2026-01-27 09:00:00,1498.0480590151024,73.27096307931346,33.49070445468686,2517.982689773746
2026-01-27 10:00:00,196.86383589552608,14.876747359991608,42.728914755995135,2661.7279752652
2026-01-27 11:00:00,811.6323673611608,71.30539600926642,1.6047287264021164,2021.8219200391368
2026-01-27 12:00:00,879.3334210234447,6.716937077110457,20.376012971867112,2916.4401454054932
2026-01-27 13:00:00,1332.5103297085018,18.270795341858843,29.501923490216203,1572.178356003746
2026-01-27 14:00:00,1076.2888776533587,59.39732459078172,31.878133901452333,2499.3870898688565
2026-01-27 15:00:00,1234.2609732301078,77.08838342948533,8.747861363844898,1878.4512417175952
2026-01-27 16:00:00,1420.9837856079855,23.488486868802063,,2407.9807914649837
2026-01-27 17:00:00,1565.745055218921,30.12005291877325,28.071676190722812,1979.6380680045022
2026-01-27 18:00:00,633.5883444281999,,8.230986454043782,2960.07470669172
2026-01-27 19:00:00,1014.638599118635,19.829979777547905,1.9029905153506728,3171.6708615599987
2026-01-27 20:00:00,1528.1837333466399,73.192907281288,35.46362474675014,2859.4205690804256
2026-01-27 21:00:00,1782.066922640596,69.85366140551271,4.5070085356002,1668.7257969834181
2026-01-27 22:00:00,1612.1828287743974,13.930962364954564,7.206240527090408,1877.2204866155607
2026-01-27 23:00:00,731.4943464614405,42.280846131680256,26.292521181650386,3230.6519375886733
2026-01-28 00:00:00,431.78307927170573,69.9596712322613,27.554242151783267,2218.162268082223
2026-01-28 01:00:00,931.9673135912009,31.022328268203918,31.223033218065535,3276.47885963346
2026-01-28 02:00:00,1360.7904681212717,57.34650722187812,,2124.14854661076
2026-01-28 03:00:00,937.3674202806059,,35.051541434540205,3298.7267872403936
2026-01-28 04:00:00,921.4074676332365,55.1732996871093,43.8717783830991,3244.051874239995
2026-01-28 05:00:00,1524.991715839061,14.586115220054024,12.928177495514852,2687.106468971894
2026-01-28 06:00:00,714.3864244142168,74.92191593518616,31.93325912766962,1318.536801769156
2026-01-28 07:00:00,1561.6509471797976,32.63500225866258,41.852620705386904,2140.7028321494677
2026-01-28 08:00:00,791.5681616179301,26.058293782809418,31.196617555149878,3213.5937723607512
2026-01-28 09:00:00,657.996279653177,75.83911892732216,30.968817940347417,3158.7316071270407
2026-01-28 10:00:00,871.7828490394883,5.462818053391109,10.84599303974909,1693.5143802018388
2026-01-28 11:00:00,1396.1598297472763,36.298183140756684,24.54572881406649,2138.2832415351154
2026-01-28 12:00:00,314.2034473687903,33.93031511117779,25.751005118601526,3054.5708485468904
2026-01-28 13:00:00,433.9126669824295,26.347233308210026,31.805700748061923,2513.543491825114
2026-01-28 14:00:00,1717.4562036272564,82.14613554813145,44.86014379543204,3079.3283902370213
2026-01-28 15:00:00,398.33576654830756,67.83262702298828,2.4803281919255316,3035.7915073419827
2026-01-28 16:00:00,1065.1364404827928,6.689161613082551,3.8702370957694208,3205.7122146002143
2026-01-28 17:00:00,1084.8345933252945,64.60718299971091,4.429803054960425,1546.1632352086215
2026-01-28 18:00:00,932.3615854854162,47.929622848462664,33.6910819175141,1604.951797052383
2026-01-28 19:00:00,1196.0669225805916,81.17724260174055,6.999566984873331,1473.8989608350103
2026-01-28 20:00:00,490.7054338559513,28.852159944003905,28.38788247757519,3264.064566300406
2026-01-28 21:00:00,1039.5258552204718,52.10041796525288,15.285430627312172,2297.8410071935755
2026-01-28 22:00:00,732.6945339197251,45.56721945194776,21.122078073271283,1435.083095313141
2026-01-28 23:00:00,1224.8343413696214,44.57092065425691,10.489179031966213,1975.2127952794867
2026-01-29 00:00:00,340.0800237343541,41.59338055703192,39.108688697399856,2037.9665463729302
2026-01-29 01:00:00,1070.4916086271096,19.301023322373034,26.79061426317316,3000.07562930119
2026-01-29 02:00:00,414.9596041516503,68.25818310182295,42.560783597619114,2844.5014735589384
2026-01-29 03:00:00,573.6932072955619,41.16890691379669,26.2822349869905,2747.712804081395
2026-01-29 04:00:00,471.80666055009146,86.30794847523191,6.451953346265653,1345.9134604418953
2026-01-29 05:00:00,410.82422577698907,24.21195002015709,8.51829908889292,3212.4611724953957
2026-01-29 06:00:00,1503.7086176531338,61.76420172680666,44.51925496018528,1752.6660605230572
2026-01-29 07:00:00,585.7028650235136,84.72382008788065,32.924868682558184,2621.0289498546235
2026-01-29 08:00:00,1676.1104291695638,60.047790748432234,3.168265001279945,1429.8199903239802
2026-01-29 09:00:00,1748.8750930868246,78.54328877794812,31.96636422152525,1471.2047929313144
2026-01-29 10:00:00,1071.1427988930654,74.64580541837354,19.135614059622913,1320.1123218732564
2026-01-29 11:00:00,343.10190853173486,33.05047667852134,14.517169020220383,2488.4480535451944
2026-01-29 12:00:00,736.7320137452881,54.41103065461519,7.778674924143508,
2026-01-29 13:00:00,1456.1448476919638,14.907259243210648,37.95577400048889,1405.9708367897804
2026-01-29 14:00:00,724.5642387850198,48.66180355990836,3.8090206755204306,1910.0182580044816
2026-01-29 15:00:00,247.92927111474086,21.507555491476012,13.752760344704173,3088.054269773835
2026-01-29 16:00:00,1046.5343485779194,67.19257653076765,14.480847328330993,1512.7475703281195
2026-01-29 17:00:00,1536.7054475432592,47.99719954839909,8.079832494394015,1754.7490455619954
2026-01-29 18:00:00,1453.074858143954,37.59923527421778,23.360134864622292,2191.2215377920966
2026-01-29 19:00:00,397.7093382216005,24.922941558861,1.5149155796792755,3068.7756155295438
2026-01-29 20:00:00,1243.6998445011934,89.88416488387453,14.242922678058001,1835.183014397929
2026-01-29 21:00:00,474.8572478406001,7.382236358759009,42.07969553745482,3393.987732263018
2026-01-29 22:00:00,470.9528087386928,4.876900570945382,14.66330105104825,2046.0498075909095
2026-01-29 23:00:00,1585.9220146188147,20.335908643953946,16.86021303269707,2111.5421828156086
2026-01-30 00:00:00,524.4372196583913,87.42544881787595,21.81926212229915,1556.4230288846682
2026-01-30 01:00:00,547.520489080619,88.15219698047862,25.71450849346489,2728.4155917987146
2026-01-30 02:00:00,101.11076429420925,59.2885683947201,36.583180372112736,1811.2768838474112
2026-01-30 03:00:00,1580.13735801338,79.32949338137003,9.374133818864776,2620.6219501195974
2026-01-30 04:00:00,1447.4111824555291,20.04259404483079,39.356840596472516,1768.6312296461458
2026-01-30 05:00:00,1166.4591896541526,87.5117463817195,34.33217171433113,2114.5317611755827
2026-01-30 06:00:00,1375.4517986960318,13.707851662421254,32.79661472510843,3099.011393104277
2026-01-30 07:00:00,358.4825646216361,10.000141748167586,4.81940124344395,2851.7024140955473
2026-01-30 08:00:00,879.1501107988782,10.986826993007288,1.952190358881726,1624.6408898818192
2026-01-30 09:00:00,697.0729584929275,52.008385171258254,27.136558839955697,2576.187151485613
2026-01-30 10:00:00,259.42009463692807,70.50672166390666,38.977894351019096,2620.1453685149995
2026-01-30 11:00:00,926.4218248653709,33.63337883084235,26.71542442218798,1490.1937943539083
2026-01-30 12:00:00,1665.2574055824803,88.03274291296526,10.382334079603357,2278.191874105465
2026-01-30 13:00:00,168.1005023861806,39.66339229253132,4.982875509765382,1847.4036309019766
2026-01-30 14:00:00,595.4835529394496,14.38992101881625,31.78224392398034,2280.973299803314
2026-01-30 15:00:00,452.8195915496959,42.47104058856617,,2931.8490817780375
2026-01-30 16:00:00,504.8493112316837,61.43430772259715,8.591394830232781,1632.3450756016714
2026-01-30 17:00:00,1644.338738194938,75.0680944648897,2.2403738818475962,1558.938831734892
2026-01-30 18:00:00,895.7173921982932,41.83037780613677,18.964474581820667,
2026-01-30 19:00:00,892.709001997692,53.831007518375905,26.639622893852973,3299.778445727825
2026-01-30 20:00:00,1392.97859217398,24.79367938213795,32.064106020956416,2870.430843488429
2026-01-30 21:00:00,362.63674680837386,58.48657085009074,36.63758040272772,
2026-01-30 22:00:00,928.3511019700863,88.7515030115806,27.863646801496223,2142.110169215091
2026-01-30 23:00:00,830.9748640058016,5.365767960313653,5.878746778333341,1840.535756068809
2026-01-31 00:00:00,1114.7481739293153,79.90122969275993,31.033593574266252,2640.1035935815653
2026-01-31 01:00:00,1799.2480955257456,51.04314274630953,44.30377228737481,2264.5141524218056
2026-01-31 02:00:00,1408.06311993948,23.436780701044693,40.845721722285774,3325.4469022142757
2026-01-31 03:00:00,776.3716951296262,85.98518419082396,39.35343200785856,1759.8547470669002
2026-01-31 04:00:00,1506.8401888658798,44.01853297224201,14.295486747766997,2534.4984735977755
2026-01-31 05:00:00,390.2042176312163,30.52043239893132,34.03467976397603,2770.4410314794677
2026-01-31 06:00:00,151.7882667252322,17.153288916104863,38.448551622466404,3033.6854276253016
2026-01-31 07:00:00,447.5622331892642,22.756246712842927,30.84635300377558,2154.639163898815
2026-01-31 08:00:00,678.6996453942414,75.12356470163839,12.024717288991143,2742.536006080711
2026-01-31 09:00:00,967.9872876812518,55.68249082922776,42.96869476249817,1936.7230899069937
2026-01-31 10:00:00,1145.7195389200397,82.27886013446013,20.836054104181738,2214.4997939598225
2026-01-31 11:00:00,1648.0297192645169,21.64519224204294,6.711444581298693,3180.8169755271383
2026-01-31 12:00:00,966.751816235778,11.781333072552231,5.830227382525248,3294.805979595004
2026-01-31 13:00:00,952.1685958637399,1.5417902568275106,29.490835441158016,2809.5164285472556
2026-01-31 14:00:00,185.41311669906963,46.19972134782345,20.259224442336524,2086.1389706299888
2026-01-31 15:00:00,159.34963951558046,89.84931680399694,5.157290507874399,3022.1213589467943
2026-01-31 16:00:00,1036.9719352578325,62.85190892485887,33.576041174868166,1354.3208716233823
2026-01-31 17:00:00,844.9036425221857,28.447118684898,36.170307359379265,1515.7664121327841
2026-01-31 18:00:00,1526.6066714665076,79.04041388932929,32.91828775460386,2688.8848463882587
2026-01-31 19:00:00,373.1552940101368,70.57328167292842,9.899478618096568,
2026-01-31 20:00:00,142.45182559898433,,31.350120063827053,3297.9110586410034
2026-01-31 21:00:00,863.365905481214,73.700582768151,1.4718033273529443,2215.72728539384
2026-01-31 22:00:00,503.7135464788377,27.746881394226143,14.424934145850006,2201.6661228172716
2026-01-31 23:00:00,184.34443467602367,14.320938347940498,18.548147381931923,2723.9669714009556
2026-02-01 00:00:00,1331.8170876409692,21.143444736599637,37.75086575096207,2911.893980842998
2026-02-01 01:00:00,289.70809992732075,42.70360258938737,18.17735241505379,2298.6733500627865
2026-02-01 02:00:00,1134.1431500132119,38.81324550905298,1.4958556323335248,1749.4018935946208
2026-02-01 03:00:00,577.7845752837115,26.710969644306182,16.503242120432414,2923.9481497238053
2026-02-01 04:00:00,394.94328560353745,16.327430676425912,22.952660327808637,1972.7376772346179
2026-02-01 05:00:00,745.5775889628397,68.83854027815306,42.75621061360203,1667.7326155171008
2026-02-01 06:00:00,1462.4578195790211,89.11977075240762,42.40550936673997,2626.444398842528
2026-02-01 07:00:00,766.5590807377736,70.22345065735244,8.958457681742109,1489.952700679736
2026-02-01 08:00:00,1376.3084036587948,27.338390122767166,9.146447836535868,3339.8406176807157
2026-02-01 09:00:00,313.3267045585562,22.78799756567987,8.188784084440222,2628.0342552654874
2026-02-01 10:00:00,1413.7114134306346,20.3722629698685,35.712565026220545,3370.380593935687
2026-02-01 11:00:00,502.78665234130267,13.16586162952423,1.2649697762098802,2011.6761893051357
2026-02-01 12:00:00,1251.5683208110838,50.06841892261481,6.595796720442603,3339.5308384998357
2026-02-01 13:00:00,1061.8286432296936,54.88063310384763,24.670223792340355,1605.6807202301095
2026-02-01 14:00:00,1679.5460192598684,63.78973679901922,11.892730943017682,1385.4590219287597
2026-02-01 15:00:00,,61.53899001309645,5.063684162527531,1369.2665269546653
2026-02-01 16:00:00,212.48082101854877,27.01766470422104,16.83463254268871,2276.227778258377
2026-02-01 17:00:00,132.56432543712992,30.397679480319344,13.06513462265077,
2026-02-01 18:00:00,1505.6595536536804,61.65479365436807,23.48858948662852,2375.5525567519635
2026-02-01 19:00:00,992.0505840244347,32.100840029742926,44.08627812852862,1987.751057368691
2026-02-01 20:00:00,1417.9148881194137,19.92346387611886,6.469404019856411,2004.8208841956427
2026-02-01 21:00:00,498.52352001957496,,17.39997501270015,
2026-02-01 22:00:00,686.6423673724973,25.21549002444001,42.00734078638889,1642.5058129184024
2026-02-01 23:00:00,151.1765827592422,8.859832188453424,,2909.7620777134352
2026-02-02 00:00:00,1734.5369517759907,74.88236230262217,18.34792553050835,2522.2649315351327
2026-02-02 01:00:00,1235.3754413913828,76.92691363497623,31.753943638868407,3221.3837205797727
2026-02-02 02:00:00,1686.4486491908206,20.557776714852274,4.865708597579205,2066.1653729117993
2026-02-02 03:00:00,551.343892629423,6.764725757742955,32.35180644391907,3363.7014833409635
2026-02-02 04:00:00,1139.4881390836235,66.75564192425497,43.80574009732862,2509.2380580994486
2026-02-02 05:00:00,1253.4499460974844,19.82604770184382,24.64947872470443,3344.144107993821
2026-02-02 06:00:00,639.8344904379004,36.01575855988056,22.933569989514226,1356.8273734989423
2026-02-02 07:00:00,1541.785699526571,6.70803744912711,9.242019266884054,2828.750277066015
2026-02-02 08:00:00,1710.1744869304214,21.13799304350073,28.886680751920842,3014.905201014746
2026-02-02 09:00:00,1604.2537000832074,71.56830277133758,26.979240354272257,1411.663902020624
2026-02-02 10:00:00,1356.4138590969333,72.59128377545296,29.685054616933023,2515.836294434116
2026-02-02 11:00:00,571.6899555324219,19.430549415006226,2.14766461412776,2984.0788165378417
2026-02-02 12:00:00,578.747271579574,,25.143833487359238,2478.181322968453
2026-02-02 13:00:00,1737.7125447582644,12.947219299343178,27.177133113884413,1434.00853985148
2026-02-02 14:00:00,117.48364309067645,7.601364095358091,10.131325958163297,2756.2392058864543
2026-02-02 15:00:00,1317.2849545116455,89.30328258590845,10.166645729495585,1427.2535208139482
2026-02-02 16:00:00,1300.6184763439458,59.34786166079069,13.153599414481793,3016.684679534521
2026-02-02 17:00:00,1158.5722196146558,49.24658931865037,32.315750035998455,1390.3717849440582
2026-02-02 18:00:00,1783.185038347672,69.12936653607166,27.675706795424354,1588.5345001217788
2026-02-02 19:00:00,630.1950407983329,75.76686721220744,38.213556429183406,1877.7259400988637
2026-02-02 20:00:00,677.9521684485219,72.79761435598076,14.00897716109632,2630.0660637476803
2026-02-02 21:00:00,234.19698500914444,2.472010986799018,,3350.3541092257424
2026-02-02 22:00:00,852.7568321243537,17.625902938954365,33.723071127267765,1547.4279905018623
2026-02-02 23:00:00,543.7824945992418,59.28657188848696,18.380513480602666,1599.6861053492287
2026-02-03 00:00:00,683.7573937019952,34.4425819545527,5.19153088752006,2074.627833072059
2026-02-03 01:00:00,1518.772043434567,88.44095594443853,,3056.0601892861723
2026-02-03 02:00:00,1690.3236729967427,60.22102654480461,43.097801557453415,2281.18500077671
2026-02-03 03:00:00,415.7462224088156,86.13285287689938,14.655988538899493,1975.3822605372256
2026-02-03 04:00:00,733.265183640892,18.92873686647565,15.515642246558835,2478.5280476386088
2026-02-03 05:00:00,1678.67195559617,77.89217550223705,9.34191296829955,1847.098714636075
2026-02-03 06:00:00,205.07438317167848,29.600355217555055,36.501426450105676,2142.435805219794
2026-02-03 07:00:00,257.01289778934347,89.0712679331648,13.128346130660203,1998.470813387288
2026-02-03 08:00:00,376.74468165058994,15.034291814510109,15.531362928229647,2988.6961470707565
2026-02-03 09:00:00,1111.861818015687,46.954243876611066,19.231316770991572,3240.937025519802
2026-02-03 10:00:00,355.80286071019566,71.56316351150386,20.084044310082827,2895.101603529515
2026-02-03 11:00:00,1745.729848466247,39.50518077375919,19.098994778260955,2222.0755096629655
2026-02-03 12:00:00,859.4146963394846,42.65948135670055,23.16472259648806,2359.103452742994
2026-02-03 13:00:00,952.5805325952829,88.78566580001095,36.83856670312174,1562.654757251815
2026-02-03 14:00:00,519.319646869191,38.85242537680264,37.04854179264897,2868.4158933825292
2026-02-03 15:00:00,900.632429139047,54.76241695331666,36.12577788558726,2552.5989267295927
2026-02-03 16:00:00,1225.2531754829197,5.854029800088412,5.449492921125451,3195.1239918886167
2026-02-03 17:00:00,1377.0011328218727,75.95669713871314,36.18586734409182,1721.2834015078217
2026-02-03 18:00:00,1381.5757406068522,58.68695635917937,6.291078033409379,2895.4248560584856
2026-02-03 19:00:00,1082.41489157995,36.957789154790404,6.487845882299352,2737.8104896102986
2026-02-03 20:00:00,1637.4116174895573,2.439089055952258,42.70596195193828,1858.2756210004795
2026-02-03 21:00:00,1489.5933404203859,53.65852503282185,37.05350516704382,2701.495143035733
2026-02-03 22:00:00,1386.9817949876633,2.126546735090435,,3241.1840992109637
2026-02-03 23:00:00,194.52938685678305,1.1071216379025939,39.49868899702593,3228.7155741009497
2026-02-04 00:00:00,111.69253577340383,55.83277203129256,44.532044272281965,2811.215806483897
2026-02-04 01:00:00,461.16037123230404,17.82251899277533,27.86825093179821,1400.9535363215261
2026-02-04 02:00:00,1227.9901096528688,,27.967531227186793,3131.7551083723392
2026-02-04 03:00:00,799.0357311003279,59.14116935911419,34.19478928303683,2681.3350747095337
2026-02-04 04:00:00,,5.779049726604311,11.214113904074642,1951.9119316837423
2026-02-04 05:00:00,1603.7977099903433,28.893094971235513,8.353493906827172,1693.2257595819685
2026-02-04 06:00:00,1622.4568418241258,14.299439290639697,34.42155300066319,1544.0281122943659
2026-02-04 07:00:00,1645.5979488910957,52.635696911891515,16.175810979740504,1405.4974884412982
2026-02-04 08:00:00,633.5927300755465,59.89709877073823,6.943095677461097,2883.6168206965885
2026-02-04 09:00:00,1274.794881656745,65.18109097031487,14.854619940380989,1795.270297780878
2026-02-04 10:00:00,561.7764081664284,23.715578305752324,16.780022186481318,1350.9311656908355
2026-02-04 11:00:00,424.03671622656464,8.943227895655976,43.47001701825039,2134.2683688681773
2026-02-04 12:00:00,413.8751774905277,8.002845467828907,31.71022728786862,2313.4748692439116
2026-02-04 13:00:00,681.5829554681098,38.927487812114414,24.357677965588294,1655.3834848902666
2026-02-04 14:00:00,830.9279536256969,85.18015240658164,43.63041810203462,1392.5015059413545
2026-02-04 15:00:00,1512.6135907936161,20.37788404798519,40.73814858086395,1697.1635145059447
2026-02-04 16:00:00,303.81485890361057,23.85000251939789,23.528037691023027,2726.115799856806
2026-02-04 17:00:00,1349.3739405713202,9.979103387421445,40.84990395658715,1472.7117222275335
2026-02-04 18:00:00,1003.473354121819,54.89575437655979,18.78940495475689,2465.577764169687
2026-02-04 19:00:00,589.5070825491872,61.50868578129857,11.138509275691485,1607.46517460715
2026-02-04 20:00:00,937.7932937058018,58.22087752630764,11.237839780171747,1710.9472645188807
2026-02-04 21:00:00,609.9015186209385,77.64059163098553,30.141883075453574,2125.4635548600672
2026-02-04 22:00:00,1113.3393239051202,44.291899317320386,23.04709411112019,1511.7332057128358
2026-02-04 23:00:00,837.5346688539152,12.966676628268734,29.993837268239655,1663.727355842647
2026-02-05 00:00:00,379.48939943409385,26.757056632692727,31.187342427535476,2032.8000640478435
2026-02-05 01:00:00,298.1912267446844,59.95626763450031,1.982206407499575,1992.3049115465706
2026-02-05 02:00:00,1029.3826595226212,55.567855662998824,3.377742063307703,2873.4701199190367
2026-02-05 03:00:00,1634.102156586376,48.259278547123664,24.437819970014996,1457.0428407654913
2026-02-05 04:00:00,684.7280671480654,61.78383326329316,9.405561021443383,3106.9465448993215
2026-02-05 05:00:00,1346.1001822784594,57.727785683223644,28.831485827395348,3014.087558552855
2026-02-05 06:00:00,1219.7243033976038,79.4379151623807,25.296172523508513,2908.5824433530706
2026-02-05 07:00:00,1683.6433543261178,53.1554575955684,26.773455768319216,1949.6819611725782
2026-02-05 08:00:00,1495.6677294085396,70.29552092434953,14.30803671256447,3028.051749635654
2026-02-05 09:00:00,1063.228940139287,23.13493688101564,29.153114276227452,1683.8843686074897
2026-02-05 10:00:00,,61.35825002842705,37.49767600534101,1561.2593322955593
2026-02-05 11:00:00,1627.2569931928592,81.29527653605814,44.91513515805843,1394.4083003279234
2026-02-05 12:00:00,779.1819337977892,35.33017718308516,37.89155299157743,3272.5517623117094
2026-02-05 13:00:00,655.5509999582215,70.34027267313955,25.52994542591769,1946.8228851810748
2026-02-05 14:00:00,118.37884217983378,65.50624780639374,9.510902033918088,3226.9975483736025
2026-02-05 15:00:00,1505.1368261254893,6.297831521592201,30.98361854927212,1872.4884791905924
2026-02-05 16:00:00,1461.6671906857202,52.75423955654244,42.25676656455104,3205.888514606334
2026-02-05 17:00:00,277.57268077025736,12.586852078871413,10.322127748221305,3198.2510109767854
2026-02-05 18:00:00,1080.6575479255903,87.09140632852261,12.263807303169392,3239.719694522497
2026-02-05 19:00:00,888.7688868837085,73.2152677403584,7.556375910112651,2341.922222496807
2026-02-05 20:00:00,301.80546236548946,10.76541831099369,33.415752319561676,3118.487202277673
2026-02-05 21:00:00,1766.96598600323,11.835927790643378,18.888706150641006,3296.6083819513724
2026-02-05 22:00:00,464.9830086877042,53.90817308722308,3.7586081110008993,1981.6955779840769
2026-02-05 23:00:00,214.29810615395394,31.695136501413316,39.49779962557233,2179.6362519333657
2026-02-06 00:00:00,1111.2405451532463,4.106621457506726,25.537563806912935,2810.4043934050624
2026-02-06 01:00:00,1356.0733511261556,49.206094197141724,15.568148848015655,1930.7556256189318
2026-02-06 02:00:00,155.15385828021783,35.51821387204038,16.135250946688267,2882.999548716584
2026-02-06 03:00:00,1219.8199858359376,9.995807821085096,13.771053688399897,1455.1735049484212
2026-02-06 04:00:00,1004.8961891174725,72.37091491078246,21.04112758527624,2399.3466070059385
2026-02-06 05:00:00,275.5505150875823,82.44183210981373,15.82983429347838,1556.858316575865
2026-02-06 06:00:00,393.2905908088155,68.33686012725757,25.109637379106815,1915.9793005170204
2026-02-06 07:00:00,1065.556305437337,74.19558559144868,35.03475909993694,1843.113324221591
2026-02-06 08:00:00,603.8079429725902,20.267660486684445,30.676296471552433,3061.7573544815987
2026-02-06 09:00:00,1695.1367387072373,24.457992631755488,13.956103281181154,1706.3862363530147
2026-02-06 10:00:00,1491.8583901228862,19.558951086627708,24.26460450775029,2997.7406323341497
2026-02-06 11:00:00,1772.064251073227,69.09064539153519,37.96555103613903,2967.316726406636
2026-02-06 12:00:00,541.4404262157038,85.36462002517024,4.001074328679921,2347.654416670183
2026-02-06 13:00:00,1748.530175756561,64.79851139931733,4.44507974742381,1791.0708367518723
2026-02-06 14:00:00,833.0975786456484,79.45054207428048,25.471482994189152,1776.4823139080677
2026-02-06 15:00:00,690.7819520333828,57.84421944460236,29.12106564915134,2276.34175894328
2026-02-06 16:00:00,185.5941958479005,35.50173114973312,10.30217269413978,1318.4989155263843
2026-02-06 17:00:00,189.70093836132446,38.89278372879716,33.78968557442679,2415.8365846838688
2026-02-06 18:00:00,1276.419135109313,7.70360746289903,29.435588589792008,3300.8370041108165
2026-02-06 19:00:00,878.4792905378474,3.7996903768963213,41.624727802396606,
2026-02-06 20:00:00,485.0867642613797,62.89732877282789,8.433984881775615,2504.0258050987673
2026-02-06 21:00:00,1143.7495207528955,,34.06046767575247,3319.735246153359
2026-02-06 22:00:00,529.858801025189,50.147141056862026,4.680295985663749,3107.0964929323604
2026-02-06 23:00:00,1081.9739823855184,50.631851038395055,25.87286601878749,3085.798244400815
2026-02-07 00:00:00,710.6548698705736,25.686447386663826,25.283386137962417,3025.884853831997
2026-02-07 01:00:00,1500.0387852400925,43.35443346382467,18.088941964456588,1948.9495727179897
2026-02-07 02:00:00,1495.1834733035248,42.8976597284255,,3170.2953456603054
2026-02-07 03:00:00,911.4956768080823,35.57002268927927,1.1923083705845383,3276.814737589659
2026-02-07 04:00:00,696.3924858695265,74.04010912269527,23.887893683534912,2341.1640889279824
2026-02-07 05:00:00,716.3516541504607,41.15359632819604,10.554756192748247,2044.5991992448635
2026-02-07 06:00:00,1469.7146936359704,54.724362681032915,33.71393924112305,2169.880932772298
2026-02-07 07:00:00,657.9051207559404,80.70129071389351,2.8949667574682754,2001.8335278456577
2026-02-07 08:00:00,455.40093530163824,78.0947924344441,37.588406279989414,1746.0787282515341
2026-02-07 09:00:00,243.9701811880216,80.2475761363457,37.876057975105866,2598.7417875310675
2026-02-07 10:00:00,893.3783055034943,25.030444685386243,37.64610454575413,2481.453461115178
2026-02-07 11:00:00,919.6245681637312,4.113441459417592,7.713015176237473,2271.4286491824787
2026-02-07 12:00:00,1529.5448076849423,24.2349451906843,28.737886816685975,1501.2753120381467
2026-02-07 13:00:00,476.10578395830873,25.80495376024307,1.6321638040691426,2973.4752258825993
2026-02-07 14:00:00,747.6851652362799,81.93306907852215,38.310354016724794,1667.3604817766573
2026-02-07 15:00:00,1474.2897561192747,58.78260322257938,32.81090851437931,1540.5802911317012
2026-02-07 16:00:00,,8.27165240459836,24.370764159567116,2608.44993051419
2026-02-07 17:00:00,753.838829163906,13.048695044988001,33.14602305625115,2137.153158599219
2026-02-07 18:00:00,880.5108395873575,14.85517517323581,5.1502602526779775,1425.597798239892
2026-02-07 19:00:00,615.586014443781,57.107535587034164,24.260856615781677,2046.6935454182221
2026-02-07 20:00:00,1685.3432933128306,66.45184827012328,13.8161656399236,2920.738739798422
2026-02-07 21:00:00,301.69440176068656,77.50830804032026,43.79525638181081,2592.023330955905
2026-02-07 22:00:00,1687.374019102499,84.71665302175563,38.71318982745168,2061.8506482726934
2026-02-07 23:00:00,1262.5729681200835,18.95170560739332,33.264130616694985,1702.7900624326348
2026-02-08 00:00:00,1003.672659567443,28.569751140440367,42.084895950988205,2626.770803690024
2026-02-08 01:00:00,155.520403333643,22.388736386289928,,3163.8661319873463
2026-02-08 02:00:00,908.5135260974141,32.92977950448626,40.638715555479976,2657.172707833419
2026-02-08 03:00:00,793.1717785046449,82.4051945607137,15.310482212695254,
2026-02-08 04:00:00,374.07198035770836,52.18501845760318,33.24305566641073,2395.208460964179
2026-02-08 05:00:00,1215.8963259511168,66.69907886188042,33.40234411816376,2807.7393241561604
2026-02-08 06:00:00,1750.956542526086,44.6206120152836,1.8073945639801128,3182.07622493454
2026-02-08 07:00:00,1055.7209788096927,3.568354286915083,16.886626724240585,2923.675854343176
2026-02-08 08:00:00,1315.080569954708,6.713398253805475,1.855037585973907,3210.693302136106
2026-02-08 09:00:00,216.36576936222855,48.87514978284183,44.87204877485094,2205.3931644437257
2026-02-08 10:00:00,,64.97222409898228,6.3766575204864715,3198.862535766819
2026-02-08 11:00:00,297.809424779643,20.164416950057102,24.883679408516812,2605.291192411586
2026-02-08 12:00:00,1141.7529204120676,65.24995208531506,35.78447450555604,3127.102408771557
2026-02-08 13:00:00,1695.4196689640628,73.1492538400326,9.855598499479267,1382.6907139194543
2026-02-08 14:00:00,1225.0221452017854,37.6588755742279,22.342317396200798,2681.490002018426
2026-02-08 15:00:00,230.5651821345166,67.43131172312533,27.726865480530638,3080.7476656435874
2026-02-08 16:00:00,702.9325484746408,36.95866557923293,8.049009193403997,1665.8242706507194
2026-02-08 17:00:00,1036.1277450494476,61.37320602149678,35.25644023610769,2689.7525602763385
2026-02-08 18:00:00,785.4531854265288,68.99573738943933,14.170804116332073,3032.404899854926
2026-02-08 19:00:00,1517.194817807793,89.28146902942186,10.285015358908975,1904.6936762285377
2026-02-08 20:00:00,1484.9407080069816,31.740302923660053,25.564704843246343,2151.0172886034234
2026-02-08 21:00:00,1140.1127341754764,37.58262947114042,19.053799616289268,2495.9872088483608
2026-02-08 22:00:00,734.8785067255989,15.740185287505248,41.49258156400238,2390.2521466575804
2026-02-08 23:00:00,534.0718353975151,19.162502197760812,39.72275872071877,1382.2977253779848
2026-02-09 00:00:00,279.98634096231984,62.712155231255615,22.26742918911086,1507.2114059793682
2026-02-09 01:00:00,703.3260619271418,82.61705752374837,16.807606087926292,1510.9798165391587
2026-02-09 02:00:00,802.3932792531232,36.11984069785041,15.32279119177567,1850.7626015482674
2026-02-09 03:00:00,1248.898972676925,17.006155768363172,12.772799415586325,1816.3146368851435
2026-02-09 04:00:00,,26.37385544508647,24.960105563349,2858.6670059522794
2026-02-09 05:00:00,219.18383739013683,41.499601727924336,36.419058608319915,2502.7632106339033
2026-02-09 06:00:00,771.9408362329682,26.867879313517786,14.673290760956542,2904.3497777550065
2026-02-09 07:00:00,409.02407426951527,21.788538397846096,9.364139946275586,1446.7817205628273
2026-02-09 08:00:00,366.58159903856966,66.50261949938007,21.92128747206462,2318.9498986903614
2026-02-09 09:00:00,1506.413654553318,1.6981979904154643,4.037514339097328,1979.928716457066
2026-02-09 10:00:00,171.2558684176378,48.991516932947,31.856276269707102,3084.8725525870673
2026-02-09 11:00:00,812.6108890336062,71.64524582564809,23.807763717285077,2786.357229510797
2026-02-09 12:00:00,385.9462148030809,24.694317482254668,22.840491550805584,3125.442788736272
2026-02-09 13:00:00,1594.8613666534059,54.692944444469546,14.21959670020099,1397.4969570527262
2026-02-09 14:00:00,1046.9688725675596,60.53210940005698,40.80563125139641,2813.729328089861
2026-02-09 15:00:00,493.34708184064164,59.29719798005301,4.9813968413803185,2434.017539535114
2026-02-09 16:00:00,954.12638818284,40.680617443685875,39.27225639102938,3032.500060932688
2026-02-09 17:00:00,1343.526811495297,31.84544092094435,17.575028906300595,2365.0372409442243
2026-02-09 18:00:00,1728.8006151630375,75.3972424994754,39.74743470290098,2434.439063594009
2026-02-09 19:00:00,474.7582072172122,68.50169017298792,33.065504166624876,1408.7114999783369
2026-02-09 20:00:00,1606.5090126198868,29.591710433838216,5.583511973129685,2703.89801657553
2026-02-09 21:00:00,1688.3169940847336,10.168708305356342,37.58759660641156,1873.5937387706051
2026-02-09 22:00:00,1657.9149257045126,,,1341.357236575523
2026-02-09 23:00:00,1180.2044066652468,9.390562033005308,2.421284168275332,1439.518041262663
2026-02-10 00:00:00,1170.695112539003,52.87537314609181,6.882918012825478,3310.299778828654
2026-02-10 01:00:00,785.4580764124987,5.597933648780082,28.967634456770586,2026.7623081176785
2026-02-10 02:00:00,1379.0763999164394,30.986491871799416,30.154422126732538,3122.9588201044335
2026-02-10 03:00:00,1003.1998311965842,68.03477347036642,33.85266304485418,3315.3221915454374
2026-02-10 04:00:00,1251.6447210881006,27.196986819868652,32.690797634099205,3280.8610965583775
2026-02-10 05:00:00,828.3784365429523,68.93441886903156,30.01887800547802,3151.623005468782
2026-02-10 06:00:00,1343.5439888733365,67.34656640042792,34.71451167684259,3179.172216168732
2026-02-10 07:00:00,1501.6015799277334,22.878614804356253,26.303771059264406,1906.9168931159982
2026-02-10 08:00:00,348.94163622478743,65.86517402825434,12.474820963076017,1618.0867695467523
2026-02-10 09:00:00,1515.9805164761876,67.55212080621696,41.1445710041516,2642.4513803846394
2026-02-10 10:00:00,1018.5041040435223,36.37339938436539,1.801417361007029,2325.0217429245304
2026-02-10 11:00:00,1535.9320454533813,19.72742305299512,17.12871567434557,1507.3681092598592
2026-02-10 12:00:00,833.2129007797248,47.39310181337635,33.070292896275184,2722.836763647063
2026-02-10 13:00:00,744.3688251511595,83.00438533201748,19.79486581058567,2482.006015718024
2026-02-10 14:00:00,1655.603245279278,57.92588918645352,2.0927139291206296,3112.441541701922
2026-02-10 15:00:00,526.9877548322822,16.39010228882625,3.90315973711338,2579.285970945637
2026-02-10 16:00:00,1535.1609529864434,61.76536630128327,29.5400442420847,2505.2869774156825
2026-02-10 17:00:00,922.834973265987,39.02106942808328,43.45404237383318,2225.578618998519
2026-02-10 18:00:00,973.9622523371415,53.6460629646282,25.28199997671795,2271.8528467666274
2026-02-10 19:00:00,624.3960785321228,66.3316991170566,23.29734399304584,3304.2005766561438
2026-02-10 20:00:00,1074.1717410523265,46.83031428478559,15.006309374475759,1590.7366197405026
2026-02-10 21:00:00,652.8590336695593,73.44457373702447,12.294389650106778,2237.059519022593
2026-02-10 22:00:00,166.75800421080893,65.27184655917988,1.9233391972765275,2677.23719124637
2026-02-10 23:00:00,,55.74152726164745,13.010014176180732,2209.322355739839
2026-02-11 00:00:00,110.84437379120415,14.420560609079283,20.760859398071105,1894.7528167855912
2026-02-11 01:00:00,1763.2031379966563,75.39947087112958,9.709790454153808,
2026-02-11 02:00:00,1741.7702566935707,84.29559709346363,,1790.677697141203
2026-02-11 03:00:00,771.7640057029186,13.18989601902724,32.58002615920252,2022.196721224488
2026-02-11 04:00:00,1338.2304523773983,44.45346051957532,40.363291838994954,3130.5170287254905
2026-02-11 05:00:00,687.8703672977225,24.0410980353749,42.21797106623177,2360.97155567829
2026-02-11 06:00:00,,,28.19194405386753,1804.5013289634187
2026-02-11 07:00:00,1469.2310731781645,65.2250376044183,3.3220816343683994,2107.506105755718
2026-02-11 08:00:00,1709.4856159768092,13.538775730765485,33.59795571831803,1522.2438653649929
2026-02-11 09:00:00,780.3608689444424,79.05542714228571,5.844193431523001,3198.4750534513496
2026-02-11 10:00:00,1431.606571025281,17.106602694042202,30.468917178264252,2157.2154473920073
2026-02-11 11:00:00,552.078366074602,71.95605328268157,35.29209677290653,3358.821529645459
2026-02-11 12:00:00,1783.5649164492022,41.67125200689243,32.9380472763648,
2026-02-11 13:00:00,143.80831789939694,30.21623412667546,42.88288745348975,3056.3476991769544
2026-02-11 14:00:00,1125.9989710519055,,33.47843651656515,1838.4091579120518
2026-02-11 15:00:00,1221.160168807256,15.917668797050016,31.501230231199575,1459.9210760929648
2026-02-11 16:00:00,1269.677447026019,59.90825936838013,12.516699576056505,1366.6400595149814
2026-02-11 17:00:00,304.65888394145134,49.98830452729373,41.68982220317967,2572.9536959540455
2026-02-11 18:00:00,1695.5006319043218,11.86560252695971,8.899930314943344,1954.3047105145379
2026-02-11 19:00:00,408.01157438514076,11.030109579010942,40.81545090481756,2231.3917489992396
2026-02-11 20:00:00,1158.6807855077298,7.435641154778439,14.757151907220056,3019.1587747616704
2026-02-11 21:00:00,478.54933450924443,67.19529391624542,6.727198130617424,1821.0269799590847
2026-02-11 22:00:00,622.2679089361606,64.35750558540674,37.37405319993151,1948.1702011433179
2026-02-11 23:00:00,1028.9795209378115,6.200358186057188,1.1097999584364824,
2026-02-12 00:00:00,809.2288115597801,50.86403672813059,37.61188597795655,2334.800774021359
2026-02-12 01:00:00,372.3835216600607,8.536177816599402,12.54172105002294,3038.096850810224
2026-02-12 02:00:00,390.5918841154421,81.4333735841958,39.92773600124734,2086.3996072792643
2026-02-12 03:00:00,810.8461398767594,81.73345030703179,31.42508401862948,2136.576959736928
2026-02-12 04:00:00,1387.3810630683513,63.142736093368576,30.31206664542596,1650.9905597343381
2026-02-12 05:00:00,1626.5398996412405,83.43081400811104,,3224.326292549429
2026-02-12 06:00:00,243.01702584095082,73.21931970681845,3.6137308511939232,3183.24575742648
2026-02-12 07:00:00,768.2766428509818,74.73993325750739,37.5232163210454,3366.8557305860245
2026-02-12 08:00:00,270.41745832889023,,8.51976698776723,2145.138967056394
2026-02-12 09:00:00,128.2072170754164,28.239268641239654,17.3793802433691,3019.0913776931484
2026-02-12 10:00:00,1224.9217604947262,20.38412124536152,27.415606162399598,2171.402836511449
2026-02-12 11:00:00,1124.1640513431992,30.120801961464696,22.219164496667354,2254.027456734043
2026-02-12 12:00:00,377.13249348530655,56.936093277926524,9.741067947537994,3042.998726549132
2026-02-12 13:00:00,497.481816258209,16.366431689083505,7.1871197028204925,1672.4702188614394
2026-02-12 14:00:00,140.30318119568125,24.01898106072162,6.4228359790127865,1762.65296236968
2026-02-12 15:00:00,1519.4102496804862,42.65741678879633,38.97234678596484,1960.9293048312115
2026-02-12 16:00:00,1756.9740132825375,21.741458768690784,2.3886201586986795,2955.1759682501206
2026-02-12 17:00:00,330.2812125509744,53.389286604729485,43.988627422395346,2082.5682536729737
2026-02-12 18:00:00,493.5078634010068,83.16266653261336,9.73526237695822,2052.1532373895993
2026-02-12 19:00:00,1576.2961907097879,67.57995354757826,5.854181062679437,3397.514325036008
2026-02-12 20:00:00,1674.9884565255143,60.31196865925326,26.386752810178987,2105.992900508907
2026-02-12 21:00:00,813.3665507715775,52.86221136255631,4.519382149390651,1820.3181262627327
2026-02-12 22:00:00,186.058202857426,44.42736392387877,27.507943579198177,2608.748724221981
2026-02-12 23:00:00,166.966117277793,17.604183507484713,38.42757237179898,2983.947899105502
2026-02-13 00:00:00,1075.7147723173177,80.62923053299103,3.1075129445666927,1446.1764508186345
2026-02-13 01:00:00,767.9216851184043,23.11970417914243,36.19421859925594,2599.673685390798
2026-02-13 02:00:00,148.70912688201267,9.126490104456307,18.35700740321322,1375.044457348472
2026-02-13 03:00:00,1091.5290669313465,67.75135095135387,8.017587888573239,2405.2979370569874
2026-02-13 04:00:00,119.2143122013382,16.62978255547381,8.748245131768199,1839.6822838913993
2026-02-13 05:00:00,1438.532328853764,34.098743959164665,41.425639922545955,1943.94756511369
2026-02-13 06:00:00,620.9357985957316,,5.8666530853892365,2280.901524363004
2026-02-13 07:00:00,168.43860511569457,13.199046886099879,39.13844263308891,3246.9256675657325
2026-02-13 08:00:00,1100.1987756713606,16.415123137632175,24.946763323279043,2792.4013438345405
2026-02-13 09:00:00,776.063504536193,5.842501369765838,2.7184718679233195,3267.375752197442
2026-02-13 10:00:00,1755.4607027071543,59.44246913943322,21.436950411562886,2685.939109573223
2026-02-13 11:00:00,1025.1377262562937,75.49369382647744,36.96777863695723,1314.9262688845054
2026-02-13 12:00:00,567.9066077629141,34.225071166568746,32.95292265612042,1857.728914430123
2026-02-13 13:00:00,1306.0460698777572,78.83730642791987,22.506426378127586,3202.1224132127854
2026-02-13 14:00:00,561.5364043226093,19.98784513585126,38.84219470663355,2651.235594032264
2026-02-13 15:00:00,1637.2135953928607,29.959747696950313,6.296049518330107,3361.459196797577
2026-02-13 16:00:00,737.02734986254,14.415592379773987,,1627.5244403584209
2026-02-13 17:00:00,1034.7765567195488,56.22976839229088,38.24341317326735,1923.1704495236909
2026-02-13 18:00:00,185.97427650118908,38.36839358745731,32.164180328918384,2060.9720849857763
2026-02-13 19:00:00,824.4061045187923,55.58221786892898,36.98706065366497,1985.771418151352
2026-02-13 20:00:00,1515.0180174236914,68.78906658008233,24.927882301077304,1829.1822133147493
2026-02-13 21:00:00,1469.6029691176814,49.56756842693241,30.707146880297344,
2026-02-13 22:00:00,481.3415500509946,56.85910158625912,25.66631511114227,2648.8260590756795
2026-02-13 23:00:00,484.33442071795656,84.23727798109563,16.63885534234977,1953.6395380620615
2026-02-14 00:00:00,1489.4190307625024,27.616723555187036,26.029875083891813,1467.369838959937
2026-02-14 01:00:00,1681.6773142878533,32.96559053842183,12.328474631404731,2787.918306475643
2026-02-14 02:00:00,262.11356616410603,64.87559919213098,20.372283516994553,2263.934767140664
2026-02-14 03:00:00,865.099687024583,55.406191017929416,13.354117919450701,2468.6128427891326
2026-02-14 04:00:00,673.6722742391893,16.88942850403462,6.407062736301116,2256.3413800442218
2026-02-14 05:00:00,,34.47711059093363,15.16192168115587,3169.7507572553113
2026-02-14 06:00:00,241.9923549560319,42.63758316809963,38.48743760012991,2473.3644940493978
2026-02-14 07:00:00,458.91410234866356,38.32569557918665,17.76755390826145,3238.8813636886744
2026-02-14 08:00:00,1379.1961738970404,16.866457940661633,33.91216055463024,2372.2082172676005
2026-02-14 09:00:00,187.1995432680665,83.27427816879934,8.708705586479095,1914.435140704592
2026-02-14 10:00:00,937.3101472142918,68.84636979076384,19.674443003376233,2046.4294330700127
2026-02-14 11:00:00,851.581958955524,43.84066905759885,6.053667050747769,2396.4715165280495
2026-02-14 12:00:00,668.4820042808727,61.525431519308455,7.099326788169547,2412.977819390518
2026-02-14 13:00:00,770.7729360421704,80.85815782006144,28.167200715163045,2743.4091732527922
2026-02-14 14:00:00,1000.898997781396,13.119498670179839,27.729199967756486,1771.4392315919247
2026-02-14 15:00:00,374.3245092602513,23.283201512921014,10.388363923613937,2683.5700899275535
2026-02-14 16:00:00,1072.3929930821078,49.30041100584141,21.874620548707142,2935.0348175995796
2026-02-14 17:00:00,1469.2349598099768,72.11192305035992,38.98547134702971,2720.843177880679
2026-02-14 18:00:00,1392.2735806432704,4.226685694295937,8.664866381765247,2311.839030616941
2026-02-14 19:00:00,361.62983797941524,88.57761536747608,1.8452634552346527,3382.5293673453516
2026-02-14 20:00:00,353.72409856050564,41.48668765653335,29.687786189197183,2150.107634171354
2026-02-14 21:00:00,555.8964251663526,32.97157151533335,3.35392115590214,1523.8402906176414
2026-02-14 22:00:00,713.8270347797633,27.052474967739695,44.11737049718762,3025.15885235542
2026-02-14 23:00:00,794.3744883944204,16.517746980927576,27.823292487150763,1745.6225596488782
2026-02-15 00:00:00,1255.4852686166869,71.45007789477248,,2797.8997030951286
2026-02-15 01:00:00,196.3567346819202,86.0318606624026,19.919671761069498,1675.8501937017643
2026-02-15 02:00:00,158.94359718431286,37.81438318124044,26.215108974744982,1335.4425208016728
2026-02-15 03:00:00,766.2479570046453,85.76544183305761,4.987475215689456,1635.577067956954
2026-02-15 04:00:00,1285.1782766345668,74.31798777371804,41.92083858805781,2091.676262809226
2026-02-15 05:00:00,428.84008302602035,43.81355034539233,28.52825101628262,1523.8983189725764
2026-02-15 06:00:00,,60.98832994222581,9.095053894879987,1715.1260768949323
2026-02-15 07:00:00,541.7078344985091,39.7135919461712,25.753566365645163,2905.7151831372253
2026-02-15 08:00:00,1606.3463849829777,50.726383330917166,6.863286256652511,2916.7555767519743
2026-02-15 09:00:00,1622.672905253248,6.166123994646839,1.772319572565733,3016.725277101051
2026-02-15 10:00:00,605.388247278255,62.96744930174745,28.742747349415914,3066.4259967499443
2026-02-15 11:00:00,490.9893817375089,5.701393359088167,29.533267042285622,2182.9153786888864
2026-02-15 12:00:00,,73.72056027584881,26.68264964335028,3121.85428745641
2026-02-15 13:00:00,508.9036948062528,74.42027672198961,9.073260991841016,2404.467437529491
2026-02-15 14:00:00,1243.0525335958962,22.0998785925031,27.55091377376975,2288.253945565617
2026-02-15 15:00:00,1504.3099637320854,29.805987512186224,3.4864814006788714,2808.926290891129
2026-02-15 16:00:00,1244.2566225490689,43.836623691688104,27.80648764516458,1749.0186638558052
2026-02-15 17:00:00,1501.3957603238941,54.102998716990854,25.376748840735228,2957.944491337691
2026-02-15 18:00:00,774.886675752706,26.574475895037708,29.831212556920377,2201.878235789027
2026-02-15 19:00:00,365.73885020506344,53.73129001224133,40.40092665310533,
2026-02-15 20:00:00,1354.5166105759067,27.5030495174076,38.41575663053961,1550.555018385632
2026-02-15 21:00:00,712.8066587406416,5.9386741753244,44.1487844287517,1646.3041620780702
2026-02-15 22:00:00,1241.1604028895254,1.2249519350398965,43.9546054492093,3170.202741911943
2026-02-15 23:00:00,560.0947013690017,10.002444154740145,34.982066508445115,
2026-02-16 00:00:00,238.09037917134353,71.51031231459763,43.08246337582003,2049.6449783226954
2026-02-16 01:00:00,1787.3890523291977,86.567386802117,39.16049097912093,1913.5020896311248
2026-02-16 02:00:00,365.5425634820188,38.99999173602851,33.01362779537881,1759.4190424481085
2026-02-16 03:00:00,1780.3156897379179,46.628871857044906,4.316907204325229,3030.0146020512157
2026-02-16 04:00:00,1761.3758853629604,14.069487047534926,3.1581950838750616,1739.3357130796398
2026-02-16 05:00:00,1449.4907766436675,50.041790388533975,37.85438097025389,3240.5892728535664
2026-02-16 06:00:00,1221.0190355393959,13.87428627862094,22.544857746354726,2701.4357958396936
2026-02-16 07:00:00,1082.271985426844,55.39807547669587,36.84269411249652,3183.9683625053085
2026-02-16 08:00:00,1572.372627142319,84.060021414696,14.768403908829653,2463.420694227707
2026-02-16 09:00:00,592.0471867531295,18.417169997970525,18.496593766212563,2750.4277105832434
2026-02-16 10:00:00,895.058061224291,69.04617090708207,31.808215724525006,2600.862011381186
2026-02-16 11:00:00,1152.9629479230532,3.09171563083084,41.2743764250121,3045.510458279973
2026-02-16 12:00:00,799.0238089781349,34.41925447762427,4.861504877070981,3055.30770349035
2026-02-16 13:00:00,,10.856617196915305,38.90503836392268,2538.565299674763
2026-02-16 14:00:00,661.4839347535435,32.37031430201725,35.89255989469207,2628.266063592522
2026-02-16 15:00:00,1059.1940883637112,,14.883727912113605,3235.939433045443
2026-02-16 16:00:00,1545.9766976256972,,16.629531021788623,3252.7196163264357
2026-02-16 17:00:00,442.59824261073186,38.159529743570204,3.0443049977640237,2694.9245461798814
2026-02-16 18:00:00,1688.5361658808504,27.752609927501734,1.6925868891355913,1316.2839841636435
2026-02-16 19:00:00,1271.4490113719905,59.43935350310849,21.98826955974008,1519.263550983276
2026-02-16 20:00:00,1499.5644615560514,82.77783256204296,5.203744401881663,3101.679316726274
2026-02-16 21:00:00,1045.5241774710198,36.65298829536924,9.536079834269373,1477.8996443786832
2026-02-16 22:00:00,1425.1783924209078,18.118540926276907,38.2577567791732,1748.3902797956393
2026-02-16 23:00:00,127.54067547709425,25.094325479442517,26.12524921501991,1784.1480284654688
2026-02-17 00:00:00,1491.2467221252098,77.00607329117683,28.87982723970899,2560.4930165378
2026-02-17 01:00:00,168.2360604451231,51.87593537104316,9.249090556604482,2510.9288755559046
2026-02-17 02:00:00,1612.8527398168662,41.495981875319195,37.46111939599446,1907.7767991828405
2026-02-17 03:00:00,1786.3366703056936,14.317668214294477,39.191109987348895,1735.98386769373
2026-02-17 04:00:00,599.9146857005223,41.025730440816595,24.026414123373907,2905.517262700699
2026-02-17 05:00:00,457.5415456858492,25.785788298807415,41.15254196266103,3264.45792677255
2026-02-17 06:00:00,1401.1177185586691,84.94151837894807,38.172459498001594,1410.8919278245212
2026-02-17 07:00:00,530.1447795644306,79.68223973800008,33.178263773675276,1579.6789716802118
2026-02-17 08:00:00,1571.4560513927458,8.467326222709623,33.29934029051966,2648.544376281986
2026-02-17 09:00:00,274.8324066677104,46.98216054425062,5.637312853837985,2989.327048509994
2026-02-17 10:00:00,314.12383384490903,21.030192750805814,12.916785658609294,2961.4962044304393
2026-02-17 11:00:00,1764.5576436710464,37.55916096766186,3.9412776719777463,2811.3346214736475
2026-02-17 12:00:00,1245.5261270590079,79.03947184437962,1.381973205957581,3163.5987044459935
2026-02-17 13:00:00,1539.7082815292197,47.94879227008049,,1756.432647098707
2026-02-17 14:00:00,651.3599414975806,30.745161109997625,39.74143603646536,1525.310987633089
2026-02-17 15:00:00,1250.0223741850275,19.502063515344737,11.554458597586267,2592.2622371918733
2026-02-17 16:00:00,1110.211106424615,72.22891248717754,43.686774354035755,3026.779372199208
2026-02-17 17:00:00,1125.3552042090098,56.582103367426896,27.28080398069307,2522.291514809204
2026-02-17 18:00:00,1260.3051812141266,42.65782597793458,11.439373455926376,3322.294723663703
2026-02-17 19:00:00,1078.1105943194675,20.356107493805045,22.873755353305363,2970.685368922758
2026-02-17 20:00:00,829.4060278145321,30.74792729998469,10.640172198805077,2771.662781909448
2026-02-17 21:00:00,569.0685804469297,86.42606497972815,44.29483656002445,1426.5403108306405
2026-02-17 22:00:00,1406.5882625524434,47.28800444691925,38.27965929181841,1526.2587013365323
2026-02-17 23:00:00,484.6631310054165,36.66223603064951,2.1545067064224805,2948.159028441508
2026-02-18 00:00:00,1277.002320462504,47.406561769000824,42.70214538456873,1716.2996437117617
2026-02-18 01:00:00,496.6657985038553,70.32997702506518,32.72686472132704,1360.55386976588
2026-02-18 02:00:00,1163.0612889225715,31.26969534875532,4.6247750889362464,3212.5974400686264
2026-02-18 03:00:00,1370.0330541193491,16.90484476300219,30.508060838363605,3170.6912847725916
2026-02-18 04:00:00,471.81361114111667,53.05931453217525,29.46477471049016,1758.816037186133
2026-02-18 05:00:00,201.90361146422407,60.203165209814976,10.626704815533671,2938.4331419532045
2026-02-18 06:00:00,322.65536309009593,64.43190226331092,34.37165480033333,1400.7572885444756
2026-02-18 07:00:00,1130.1948443607432,79.49689557818554,4.830846945770553,1898.6218080288525
2026-02-18 08:00:00,1544.0588905837503,34.03449674133106,22.535587974174902,2609.7005073389123
2026-02-18 09:00:00,176.49459610022143,7.70658576437137,1.4366211151758685,2902.6758919326094
2026-02-18 10:00:00,,86.29302394315386,43.624449511368844,1321.8382964551981
2026-02-18 11:00:00,680.2416981150886,39.71606154193529,34.06879979818401,1985.0380878748624
2026-02-18 12:00:00,913.4982288631883,56.469918360908686,7.989491351024865,1750.1256761337154
2026-02-18 13:00:00,1679.0612347374615,60.30117375841801,16.033657757856453,3397.4388520723196
2026-02-18 14:00:00,664.3515580509373,49.639720074407116,8.064744623559756,2709.0626880089935
2026-02-18 15:00:00,891.0727876971263,19.267920146528038,34.731168421689844,2151.910051047462
2026-02-18 16:00:00,123.26010509315788,68.20773146033659,3.5914383188194674,1458.8704641594386
2026-02-18 17:00:00,238.71782400822522,72.53392571306327,37.97789284480342,2557.207540764624
2026-02-18 18:00:00,539.6057049291328,50.21482715555214,42.45663890877211,2647.5730889657348
2026-02-18 19:00:00,147.3488093958265,44.4819432920509,30.771629483477195,
2026-02-18 20:00:00,1173.3380542820266,11.140498298390693,10.370479800063105,1906.0113911306635
2026-02-18 21:00:00,824.8772065627583,8.47169787348076,16.843964215796234,3360.9989690082025
2026-02-18 22:00:00,1031.8468446376373,31.221271255154058,21.998554491592976,2222.878052559294
2026-02-18 23:00:00,396.9002160237602,28.665307841047998,27.603489976899166,1921.4818847849365
2026-02-19 00:00:00,603.0844500422475,85.87542413573114,30.421175951714247,2031.7436014030613
2026-02-19 01:00:00,1228.5016072496328,70.74242407746524,25.38544747403084,2391.13071123096
2026-02-19 02:00:00,1741.0146301716798,59.73326227805634,16.457812516161653,3267.0732854649673
2026-02-19 03:00:00,185.70851512375563,47.07067992256685,40.20036034485573,2843.8334756307413
2026-02-19 04:00:00,1613.6533454539524,15.895710234671968,4.581250552790163,2511.9302638739427
2026-02-19 05:00:00,1080.6980422290544,88.08264382440127,21.515266386713783,1641.9018147577099
2026-02-19 06:00:00,1058.6632634845603,34.37862214337869,,1613.6419528708304
2026-02-19 07:00:00,950.4735098531926,10.516378617804788,3.6783972728216394,2354.613519008484
2026-02-19 08:00:00,217.96994603711175,44.9481017187014,32.03474953969725,2830.288279663463
2026-02-19 09:00:00,252.79064795147315,78.78582303356441,37.0673114011463,2877.1255627857313
2026-02-19 10:00:00,1121.5504096204463,79.96889915818232,30.0765771351903,1774.4202061401427
2026-02-19 11:00:00,679.6295714404491,1.9759665290238058,1.5692232601156637,1510.208976979232
2026-02-19 12:00:00,1659.3557131820571,79.88032128287458,8.926029193817076,2107.3680774329578
2026-02-19 13:00:00,791.2039135111029,25.16209535748741,16.052975471245833,3228.162340812556
2026-02-19 14:00:00,343.57847979448985,4.468540393189654,11.28236156807402,2445.271230605703
2026-02-19 15:00:00,1315.0220169534612,76.45333406229582,43.356694170006804,1972.2095103467261
2026-02-19 16:00:00,598.7008164497167,77.88414128295054,29.67013222100692,1979.6391035121555
2026-02-19 17:00:00,993.2995225050184,54.06456610596915,14.066722123469093,1577.3827949665883
2026-02-19 18:00:00,1286.315735358789,52.1246043993759,41.90668994127961,2293.7698458229315
2026-02-19 19:00:00,1630.4489890435198,73.36770426330632,33.586144776952224,2961.8616248811604
2026-02-19 20:00:00,1446.7250311628493,70.98155019121491,13.522717320389846,3333.9732522074164
2026-02-19 21:00:00,1249.813815383631,80.21938713640067,17.670789053686036,2353.3494999117484
2026-02-19 22:00:00,1255.3764100717442,50.19452283610661,9.774869765374095,1651.1513232696457
2026-02-19 23:00:00,1708.071894854547,87.12059125321997,43.72725592369616,2734.1958395860156
2026-02-20 00:00:00,602.9009657441113,89.65706795306713,23.761045819163222,2889.26181976512
2026-02-20 01:00:00,101.89056013351859,11.3724702898783,40.42649424991132,1450.5694737885146
2026-02-20 02:00:00,562.3227509769378,76.60939460031686,16.2459899247413,3085.2921722255805
2026-02-20 03:00:00,470.41534536546476,45.48418093962442,38.87703053628893,3041.5770189913005
2026-02-20 04:00:00,1225.1187946937969,35.493404108685056,,2292.3362134821477
2026-02-20 05:00:00,1177.3097196013994,55.563435579561634,44.21197397106867,2476.8872890933235
2026-02-20 06:00:00,1108.8843505980303,5.980934596318625,41.12951214946531,2798.1569337929304
2026-02-20 07:00:00,127.6138534560713,46.07503957027011,16.98092957017282,2721.1710626320046
2026-02-20 08:00:00,1338.9226925661007,78.50926073237333,35.0877752738414,1334.725554205739
2026-02-20 09:00:00,650.0017012253356,19.998074936368223,34.099348764848344,1557.11413808182
2026-02-20 10:00:00,1230.5951813112729,38.94870063447884,40.65521107252899,1641.440167140616
2026-02-20 11:00:00,1046.1833284536606,84.61379900662392,14.51921916966769,2886.919367051408
2026-02-20 12:00:00,682.6425732274422,39.14218156470706,21.482880233822577,2224.175482073998
2026-02-20 13:00:00,328.7796540769832,32.89471927758345,39.05998295466634,2445.555515412333
2026-02-20 14:00:00,260.5121260228176,40.20776168298066,35.2574959819495,2922.6436174805167
2026-02-20 15:00:00,1513.58116629078,47.23129622006252,18.312535624572284,2016.0627650345907
2026-02-20 16:00:00,1661.2758215386486,57.247229627700726,38.21191024813337,2872.6694773694235
2026-02-20 17:00:00,1204.6396794993093,72.26165928158908,3.0659777262256656,2228.8284767220753
2026-02-20 18:00:00,275.8379952628217,41.23709631302397,35.410037330371566,2092.078394325834
2026-02-20 19:00:00,783.4462687100092,73.75580322302248,10.097697815082828,1999.3782545149543
2026-02-20 20:00:00,1339.1966401787672,48.501138860335175,13.589319944246636,3326.384112534004
2026-02-20 21:00:00,1425.6955028171158,31.124765422750013,22.70145311820612,2921.1441624888557
2026-02-20 22:00:00,300.97165789485064,59.557623702627865,20.788318047078853,1342.4114756244117
2026-02-20 23:00:00,100.0522220371501,64.87728067217074,23.90508470227476,3310.572521688224
2026-02-21 00:00:00,1310.6329779970285,50.66635883102439,24.97012620956905,2928.423222426014
2026-02-21 01:00:00,706.2134991765496,6.038732608990384,15.587218405385865,1613.2669003539368
2026-02-21 02:00:00,532.6182637510424,16.119575889313417,8.710010572749319,1460.310063363766
2026-02-21 03:00:00,121.92569864219325,26.39149715923031,34.81317408864146,1947.207596684852
2026-02-21 04:00:00,1018.5089914945495,26.153678929682886,18.59895055983425,2610.7812116267296
2026-02-21 05:00:00,1546.956250224169,60.93445122197148,23.256997948198595,2594.7480472138814
2026-02-21 06:00:00,1727.9737986633995,2.6330308889533,29.366655607449196,1879.285262813363
2026-02-21 07:00:00,1061.7664160425916,68.25567815740727,41.02406858149286,2235.9174551805772
2026-02-21 08:00:00,974.58425715782,24.615480257817055,32.13232457016968,1744.9693269988445
2026-02-21 09:00:00,244.59585533170988,28.591944313233114,3.0002059259769185,1406.2152388501486
2026-02-21 10:00:00,1033.0837626224197,47.98397468700926,37.89665598951278,2385.6379815964456
2026-02-21 11:00:00,745.9644342411708,20.21737848356722,44.53162066561084,2028.68138192928
2026-02-21 12:00:00,1132.1299775020807,79.71794690822195,,2440.0531078256527
2026-02-21 13:00:00,760.8347913901293,8.597821360064309,43.66197480400243,3287.6653771879483
2026-02-21 14:00:00,508.50850986562347,40.550030244794776,25.082464663098577,1601.0776545601743
2026-02-21 15:00:00,261.44096788824004,76.59858198148521,21.22310381836579,1304.120238453006
2026-02-21 16:00:00,635.3613558011227,55.810106603489984,15.581809648008022,
2026-02-21 17:00:00,264.2962182891789,27.017326909994377,29.932414536666908,2271.6874218134208
2026-02-21 18:00:00,400.7248164007727,38.447658492105006,11.112098503101961,2784.557262584879
2026-02-21 19:00:00,1778.471469585228,63.895799850483805,5.61710561463379,2519.603566966097
2026-02-21 20:00:00,854.9760467412517,87.62020615938704,2.1984325137054195,2339.2786754848685
2026-02-21 21:00:00,1004.1820030585282,80.48934593576958,13.864724959471605,2043.3225752940662
2026-02-21 22:00:00,1585.151498853266,31.476519946031534,18.41391661534968,1950.945760216152
2026-02-21 23:00:00,1792.4671308341692,89.83961125661932,25.291374636374904,2090.2009677204583
2026-02-22 00:00:00,1090.6145638859584,1.3119150542641862,13.880992308228283,2584.4334034190497
2026-02-22 01:00:00,1481.2054957750918,3.459048266948943,44.298621184958094,1652.2833073176262
2026-02-22 02:00:00,655.799741372348,74.32180585023625,13.836787402611375,2919.860374414714
2026-02-22 03:00:00,619.7647276603949,18.75217912814163,20.40291709164198,2508.0318041955315
2026-02-22 04:00:00,,6.408464887265437,5.544151283403615,1865.228392983998
2026-02-22 05:00:00,1243.2623465452036,22.106178518048697,,2352.421221903696
2026-02-22 06:00:00,1259.7258717336679,38.92291370429656,3.126614150715608,3321.8352441388497
2026-02-22 07:00:00,635.9070389040663,66.02039806857303,25.618379871242432,1343.0322112049075
2026-02-22 08:00:00,326.45687103226874,56.565861863057286,34.046846057827,1718.9975458925812
2026-02-22 09:00:00,1175.0736359913647,22.14828836287742,9.61123183078699,2241.598503796884
2026-02-22 10:00:00,318.1539657208997,45.791069880952016,,2640.723415737639
2026-02-22 11:00:00,1083.437263989861,83.43305538047262,1.731113975995065,1745.6793591995188
2026-02-22 12:00:00,1278.8176176957252,73.53569215155443,37.93897045177733,3255.948291590012
2026-02-22 13:00:00,1291.0395438705677,29.76389085002961,35.31839509699346,2649.4012260917484
2026-02-22 14:00:00,1380.9025881213145,88.42154596065697,3.7831773584688646,3142.607092808504
2026-02-22 15:00:00,1583.8610166616297,,17.054174810098097,1991.567653525669
2026-02-22 16:00:00,949.9302863401404,6.557992654343579,43.032611009377796,3040.803262043922
2026-02-22 17:00:00,1341.423622200271,4.129303482688842,18.24919046747499,
2026-02-22 18:00:00,1152.5936501219223,15.988307461892669,24.153181775856705,1830.7787221685303
2026-02-22 19:00:00,417.28789765606035,65.77917225646307,16.63068588445563,3214.476212243965
2026-02-22 20:00:00,143.67239627799387,17.352764399976085,27.22978107764352,1493.6587989255945
2026-02-22 21:00:00,583.7203556507874,46.522322459586185,44.038902528020174,3280.066471718449
2026-02-22 22:00:00,853.157300773953,9.300150696094025,44.89011015317267,2262.8819323219714
2026-02-22 23:00:00,1149.0801055287156,82.95886804688736,35.08745903249241,3384.5134943203097
2026-02-23 00:00:00,1544.9308618554492,31.612494608937514,18.78968831289933,2433.1487728435604
2026-02-23 01:00:00,433.6177184004816,81.82375303389614,22.755016836475484,2890.7251613728367
2026-02-23 02:00:00,313.43464282741104,85.09393213003844,16.69617843694144,1314.8491343098085
2026-02-23 03:00:00,1737.9159107063567,1.5454496109175904,,2343.000321916347
2026-02-23 04:00:00,,42.30803166068715,32.14145345631776,2848.652290398042
2026-02-23 05:00:00,913.4348191822215,3.1943889579134668,20.752983599074497,2943.936741912743
2026-02-23 06:00:00,1095.4583389486133,81.87365620095862,1.533071884822503,1631.9020234633558
2026-02-23 07:00:00,1020.3365155426451,47.13827148137725,23.90127023318413,2179.838995803835
2026-02-23 08:00:00,246.25466695600343,7.670017130166217,44.29284087487119,2180.051112050611
2026-02-23 09:00:00,196.94575380615294,,24.014679994814284,1517.6456978480173
2026-02-23 10:00:00,279.3218266837606,35.13230317985378,9.026774161521,2230.39556615208
2026-02-23 11:00:00,1095.4990625834412,84.68084316568716,1.9721248726100935,
2026-02-23 12:00:00,1025.3863089783458,62.6689144895592,16.6069653574652,1930.3795489998727
2026-02-23 13:00:00,497.3593464624652,78.21807909083279,41.4020344506507,2208.4064959771545
2026-02-23 14:00:00,1184.2160411375057,33.61464152425819,44.84838075973876,3318.0132386304995
2026-02-23 15:00:00,1494.114753494604,,42.596190891728114,1366.5869593722807
2026-02-23 16:00:00,170.6842317392094,87.71426971119286,33.0944797031873,2542.195712580247
2026-02-23 17:00:00,946.8209040316721,2.5283961689508896,25.55828005138883,2861.2157927330213
2026-02-23 18:00:00,1271.8277005745736,85.34099712421693,26.990190440819088,2897.8531114654743
2026-02-23 19:00:00,528.930276018468,33.81229072257388,24.715648400046277,2803.469852256493
2026-02-23 20:00:00,623.2105389983535,1.8980460469474554,32.110169416611484,2825.548031283716
2026-02-23 21:00:00,1143.1844350819524,62.33499362348124,19.430421974595507,1423.9265979134047
2026-02-23 22:00:00,1626.4899988543527,88.26808705879053,30.444976218053682,2421.6869001862988
2026-02-23 23:00:00,1476.871514514929,,6.350933058116846,2944.235050480238
2026-02-24 00:00:00,1091.3213724692919,15.323393997015241,12.690593488705286,1497.5366029783922
2026-02-24 01:00:00,1341.3769201873235,17.131054739887794,37.7841337075797,1325.3048370124225
2026-02-24 02:00:00,720.1981993532578,51.33296340114975,40.76495295270921,3010.579846359282
2026-02-24 03:00:00,1189.641397767888,57.72012955212087,24.716362452653186,2795.8182138896273
2026-02-24 04:00:00,892.5087049168468,66.80819431626205,2.3919671573690255,2165.6334755203293
2026-02-24 05:00:00,422.89143197785353,17.11348208202113,41.786837114837795,3274.832508405761
2026-02-24 06:00:00,1292.9550655913372,86.35163072203467,31.890827353200603,2909.8559987680896
2026-02-24 07:00:00,1045.9898834929973,57.84779380974217,19.217228645235874,3332.5079773738125
2026-02-24 08:00:00,709.6566893211053,76.38717577947938,27.32867350077784,3251.5620450496813
2026-02-24 09:00:00,1649.2766231336723,49.06584866029129,19.91009271542011,2310.716566256545
2026-02-24 10:00:00,135.58800030544654,37.87063943549955,21.474925976210244,2884.8888551514883
2026-02-24 11:00:00,636.8143571241433,87.96927868695464,40.01963408901367,2705.3019164960415
2026-02-24 12:00:00,196.69837622199915,52.80880200296541,8.087706864352908,3004.034941194232
2026-02-24 13:00:00,1403.0964375767662,78.15174886912692,5.561441961218418,2954.145644727083
2026-02-24 14:00:00,1293.5826719934473,85.84302327659981,1.1200647585726928,1621.7871370697762
2026-02-24 15:00:00,663.2987718517389,,14.816016526933574,1790.8446167979473
2026-02-24 16:00:00,1248.6269337520241,49.85554238816207,7.4862057253148055,1858.0363120728914
2026-02-24 17:00:00,773.0932845331147,1.3124657310479053,10.67936178607689,3018.846974355722
2026-02-24 18:00:00,1385.6314454181384,4.561748025771533,1.4945152372765849,3002.557578251297
2026-02-24 19:00:00,872.1122266524003,18.875758228549355,10.996598246258941,2340.2042285728285
2026-02-24 20:00:00,800.8755373138314,,15.639309605024453,2519.7477444290344
2026-02-24 21:00:00,1689.0408563301116,23.673532772786235,2.3889698420347782,3036.53652123364
2026-02-24 22:00:00,526.4944698141903,28.139182755091813,27.747781469074496,1956.4465614232608
2026-02-24 23:00:00,304.7604779941612,33.04582892601481,26.02721535088535,1405.375431524363
2026-02-25 00:00:00,1093.723292541079,38.42785441613001,5.269574254436703,2313.4525203862513
2026-02-25 01:00:00,1747.8470808831041,9.799104122585305,27.180430210809643,3218.8060020822104
2026-02-25 02:00:00,742.3266633362173,4.770211943797602,44.940772418790615,2959.9833480161533
2026-02-25 03:00:00,205.4624981689286,60.98105596749908,42.556633923707786,2069.89633652782
2026-02-25 04:00:00,676.8189544262647,48.82279941103391,1.1175237081771852,1436.019857013957
2026-02-25 05:00:00,960.0838123432494,40.528833997590645,35.99664569853582,2637.530961303271
2026-02-25 06:00:00,375.2691112747633,57.46515476398336,,3052.430671328092
2026-02-25 07:00:00,1218.7737706960365,74.6634672411151,3.8006602947236066,2696.3919895547406
2026-02-25 08:00:00,1796.173961317341,39.06466891134221,14.023261403513155,2192.6567960023413
2026-02-25 09:00:00,867.9571091684545,58.05963238962617,15.156406717770341,1559.0425876760498
2026-02-25 10:00:00,703.0385464413615,85.86792792132913,24.0227465295985,3212.625912688445
2026-02-25 11:00:00,781.1970836185933,75.7265801316789,30.087685759829604,1879.5124840821043
2026-02-25 12:00:00,295.74850327184197,38.914072134714445,33.95844693716995,1771.0027766352146
2026-02-25 13:00:00,1601.5651224245805,58.379798565512125,,3013.5509977802735
2026-02-25 14:00:00,805.2036143862983,16.759312050518638,15.157905090933866,3360.5618713200997
2026-02-25 15:00:00,758.3664994222303,50.886474455663,14.56879510182835,2686.3365433639965
2026-02-25 16:00:00,1221.4734639818064,88.33821791132141,16.960422197318564,2612.1020269515566
2026-02-25 17:00:00,851.4568155829099,47.130045253024484,44.9848775940789,1970.8048253642314
2026-02-25 18:00:00,1201.9968969733384,83.5598086279231,35.22950532440674,1342.8682464387716
2026-02-25 19:00:00,204.45869322233875,37.252807924790204,,1702.77551822769
2026-02-25 20:00:00,1483.3296843277867,89.89718961943218,31.496886620070516,2527.303916768801
2026-02-25 21:00:00,,52.550583135252644,18.87591087248051,1617.7645698136955
2026-02-25 22:00:00,1202.901156470956,4.761940486998175,18.148744079586898,3156.0551945557872
2026-02-25 23:00:00,1722.7620790599783,53.22117690553354,22.497570378901987,1695.103844491059
2026-02-26 00:00:00,357.4349344289376,25.4369699154841,19.342270468035245,2396.4193513249934
2026-02-26 01:00:00,911.6075221166013,3.890837661194629,37.446354828080814,2375.2278161144695
2026-02-26 02:00:00,,74.05594411782504,21.460088573174485,2568.285823272266
2026-02-26 03:00:00,1088.9523006160175,,14.007031849277222,1987.611546407882
2026-02-26 04:00:00,782.4850244513735,71.89282131013836,35.09385182265268,3134.421822237162
2026-02-26 05:00:00,674.7434959226443,26.65136488307216,38.594498012781365,2233.033225547646
2026-02-26 06:00:00,315.60083833571196,18.295045494765912,19.498874070179863,2770.3225153468056
2026-02-26 07:00:00,765.9621659558729,87.68026609529404,30.38357716384341,2635.4128080300766
2026-02-26 08:00:00,376.52338567932475,33.18643417019674,3.5873994910854092,1546.0277745513768
2026-02-26 09:00:00,,54.52248281844128,24.296453486744532,2607.542640675484
2026-02-26 10:00:00,455.01259034080294,55.28835286048797,2.979170060802354,2456.4756237603015
2026-02-26 11:00:00,199.56101898370756,,2.2843969817565952,3187.0685328374025
2026-02-26 12:00:00,1039.0224342892984,82.4079211733881,27.968693423000516,3149.840936618297
2026-02-26 13:00:00,,61.025255351651296,14.346756825379433,
2026-02-26 14:00:00,1582.2522041768593,36.932237365338786,33.67163514804048,1471.538805731876
2026-02-26 15:00:00,1080.868741110059,77.75185422266038,40.427632667834054,1918.6436603428244
2026-02-26 16:00:00,687.3174513298577,17.11459802132083,7.1332116441354305,3371.8869990370486
2026-02-26 17:00:00,1465.1201985947448,49.437071427327155,32.879004897472655,1345.3049304532651
2026-02-26 18:00:00,1018.4741184186158,85.59898310299431,23.638879924687103,2713.073703103041
2026-02-26 19:00:00,234.77648387302597,56.66038905935673,5.93324700715875,2577.878841066052
2026-02-26 20:00:00,1061.9459525325192,73.71019209226398,29.67007468515189,2657.8143889614153
2026-02-26 21:00:00,1643.631527216826,59.16690457352216,27.816539336684805,1758.4003685185571
2026-02-26 22:00:00,773.7314633469749,75.70400685487225,23.68824216563443,1776.1064261796848
2026-02-26 23:00:00,,85.05942130622668,41.76473300062495,2204.3483725650317
2026-02-27 00:00:00,343.8980769306341,25.290033750413574,23.927506628576726,1501.3013948406083
2026-02-27 01:00:00,357.4573872901074,16.09983623184798,44.58266507980935,1456.6877389397744
2026-02-27 02:00:00,835.7115233810921,44.07517677959605,23.406067809316884,1485.554852320804
2026-02-27 03:00:00,,63.46575598735521,6.097489685260173,2503.2562597431415
2026-02-27 04:00:00,237.04618878832298,21.220021533217235,21.700735047301336,
2026-02-27 05:00:00,1697.2666013427818,1.3650290882848697,9.022465552423135,1916.5952393802745
2026-02-27 06:00:00,1383.727149656833,31.521225309466775,27.2738733495668,1963.2206972677418
2026-02-27 07:00:00,1097.2606610822265,87.22848085663317,31.497815708518452,1735.2949422830548
2026-02-27 08:00:00,1508.3457405962845,62.85210399392035,21.61115226311212,2164.161204176063
2026-02-27 09:00:00,236.3174865805926,36.71796451076893,5.298930578058522,1726.4219453199316
2026-02-27 10:00:00,910.6260921463114,18.13927266386879,21.62022153767633,2765.8966888285986
2026-02-27 11:00:00,1171.1583156648278,32.69198096417248,4.5839854483136175,1560.258276573266
2026-02-27 12:00:00,1508.7099404010917,16.115709563811066,,3291.3083776197773
2026-02-27 13:00:00,1431.898252083755,10.461218096852676,35.77620189406385,1488.6197742672925
2026-02-27 14:00:00,571.0177245127793,81.7000711589573,43.34473439798972,3281.2674999877395
2026-02-27 15:00:00,1699.4962882506472,89.79088011541715,7.547292713652083,3049.919440192854
2026-02-27 16:00:00,311.3879304324796,15.606185124025338,24.42649476346538,2729.495453288099
2026-02-27 17:00:00,1587.7271516559586,5.852507740166896,25.97164417155842,3215.8334766875155
2026-02-27 18:00:00,1750.5984243278515,30.346068536012897,41.58896748636311,1592.3594663864915
2026-02-27 19:00:00,401.1609894784635,42.087667087765965,28.600172186246624,1670.261025792522
2026-02-27 20:00:00,1327.512309146435,19.229090989751047,7.402424408394128,1829.520443323513
2026-02-27 21:00:00,168.48538192259738,27.826817150071705,20.199458254380325,1814.104206208371
2026-02-27 22:00:00,789.2188027365635,18.877495476557534,29.80955125427502,1952.7813689470363
2026-02-27 23:00:00,977.6816086360458,69.90919059048817,31.812515011049083,2508.824886373496
2026-02-28 00:00:00,1087.096884046378,64.41943694900621,38.97525593798524,1359.1624837407196
2026-02-28 01:00:00,1691.093322022551,57.51068490272738,8.942313273153475,2102.7724495839493
2026-02-28 02:00:00,1242.8261684001309,35.46238928004922,42.86785445724193,1817.4087685744526
2026-02-28 03:00:00,918.1725170727029,81.904643776967,3.602134128686059,2573.9226809107163
2026-02-28 04:00:00,1476.447561652012,87.28839619661677,44.28553392103169,3368.8555952082247
2026-02-28 05:00:00,1715.9057956224951,16.453898823661667,38.74175208612198,2387.0746855850825
2026-02-28 06:00:00,137.51245275989442,20.848125085657145,30.052002441535535,2193.939002148711
2026-02-28 07:00:00,1770.2861628352657,47.7811614920329,33.33980201163455,2073.311444804744
2026-02-28 08:00:00,246.42463640825656,9.121300666119831,4.1984482604270426,2948.393359647701
2026-02-28 09:00:00,1484.4575247568944,39.84390749525704,2.8251139673559047,1451.1599564665266
2026-02-28 10:00:00,576.5690793374013,52.7794225652162,5.477695048260083,3315.518080366255
2026-02-28 11:00:00,324.705418181582,47.464547831222646,4.843831845222063,2177.6275605748956
2026-02-28 12:00:00,,30.45086389394432,25.084774272655146,1958.7715242327372
2026-02-28 13:00:00,1194.726185060943,,10.479535432918722,3345.5430444393724
2026-02-28 14:00:00,747.6181365399075,86.33328492903746,38.84904803709597,3265.34561281072
2026-02-28 15:00:00,192.7611940805882,19.33554898193247,20.612939414995175,2648.0616935080143
2026-02-28 16:00:00,1119.083937419818,59.27999089706633,31.602460964164095,1338.8654871858428
2026-02-28 17:00:00,1634.085569388147,4.862305779888615,29.72641609068703,2871.9234500338007
2026-02-28 18:00:00,751.4661221103279,6.911059998847709,15.073533712907242,2004.6705400882029
2026-02-28 19:00:00,467.76572197240597,50.112711955899066,11.699373235132079,2115.3884847939485
2026-02-28 20:00:00,852.3814880857861,,16.06807655305195,1633.3584708525161
2026-02-28 21:00:00,182.2166087829275,2.9888641699903027,36.05296844939285,2399.2619761162887
2026-02-28 22:00:00,1494.8288936164672,16.264656790673975,26.796181330463213,2863.5604520279094
2026-02-28 23:00:00,1504.7793786153175,51.271576218962124,12.155701150843715,
2026-03-01 00:00:00,1099.6007878303683,63.59734495218498,36.98524349465893,3271.339106891088
2026-03-01 01:00:00,700.2749111952621,19.02059220858282,3.409412988853496,1708.947397606204
2026-03-01 02:00:00,1459.6317195578317,,31.764068499572996,1439.15091524831
2026-03-01 03:00:00,1042.9679421402243,17.24039346783141,20.32043545296968,2653.1641340347924
2026-03-01 04:00:00,1504.0849245350275,,33.176776986899085,3083.569336948098
2026-03-01 05:00:00,1173.479947391135,37.6644115107261,41.808296330710775,3301.5790045457757
2026-03-01 06:00:00,1433.4893044617554,59.18815633069189,34.00150030966377,2911.0591220846895
2026-03-01 07:00:00,1117.557088470192,89.55969497065301,20.446475633700825,1719.2650241627518
2026-03-01 08:00:00,804.0398159666325,84.46570990569802,7.642929986610753,3353.088488087834
2026-03-01 09:00:00,1728.507961874434,1.3810764474132229,36.47944293543908,3230.8153396605694
2026-03-01 10:00:00,1019.893502294036,79.80405002824521,21.27104318454035,1642.6515878011396
2026-03-01 11:00:00,1128.6521815189153,6.917680770554221,4.313742232113711,2473.4502365221815
2026-03-01 12:00:00,474.8289870050737,85.8211461682262,32.6384375021821,2466.5865944550555
2026-03-01 13:00:00,1163.60634202637,26.082485439871938,13.841486500329946,2229.3230340718887
2026-03-01 14:00:00,1071.7330041210046,35.001099906603116,3.15108209822815,3366.9907935453466
2026-03-01 15:00:00,414.22527650994243,9.15580026063978,40.72104465885942,1425.2066980784646
2026-03-01 16:00:00,201.2980655003443,10.992275491272954,22.256448052132043,2617.1387077315276
2026-03-01 17:00:00,1127.4108435151109,65.67991030540945,13.362286339612949,1731.1376076255012
2026-03-01 18:00:00,,85.04556898159795,32.52100854693611,2407.3955299350155
2026-03-01 19:00:00,989.782330567414,55.356616050933546,39.979704618032805,2937.4556207537894
2026-03-01 20:00:00,,64.71065138188618,1.0135113014852415,1818.1262866539473
2026-03-01 21:00:00,1233.0873603781595,68.81530726914666,31.265496141854765,2126.055047614612
2026-03-01 22:00:00,236.1797352363238,24.39047043521181,,3296.612955988838
2026-03-01 23:00:00,851.1172981633229,5.025437151899128,10.23680680029769,2899.10954921265
2026-03-02 00:00:00,377.72348927731434,1.166674208806004,22.543448582047674,2502.718687474855
2026-03-02 01:00:00,413.5803868018017,32.20778618290766,4.928579552389175,
2026-03-02 02:00:00,443.8997135689462,22.490316309730233,33.85699483067529,2193.1414187029245
2026-03-02 03:00:00,757.4019969747624,6.546277529377522,38.28806481678751,2925.5287700048375
2026-03-02 04:00:00,186.95534955467596,16.97801803193634,5.760212922285066,3023.14046403095
2026-03-02 05:00:00,776.2488495794669,12.080401945847354,36.92425115104473,
2026-03-02 06:00:00,969.9026600949915,82.42417587494596,34.949087501319475,2690.3264418757403
2026-03-02 07:00:00,921.6002844427528,13.483781997866034,16.26418609631948,1499.50628345914
2026-03-02 08:00:00,750.732970685169,48.85071329490345,31.372739317077663,1348.7458456459754
2026-03-02 09:00:00,1526.5492337202793,53.78643000498265,1.0021174513497169,2452.215239209345
2026-03-02 10:00:00,347.055377114857,49.3705617360684,41.99909679650394,
2026-03-02 11:00:00,959.6844644283358,9.81602264522293,25.216862353568406,1465.715265608479
2026-03-02 12:00:00,205.47040882614232,29.373054195799057,28.294910018727975,2832.639457079983
2026-03-02 13:00:00,220.96465409244655,5.563059589220641,30.24501419572034,2345.7466355657543
2026-03-02 14:00:00,1075.5719444510637,36.21462235457213,25.70023675760814,2972.1817230127463
2026-03-02 15:00:00,1062.2313223092956,17.785304883171687,38.697611051736374,2694.2829033291696
2026-03-02 16:00:00,1592.6569718355768,50.9852954623098,27.826880614667935,2832.590373822529
2026-03-02 17:00:00,1048.3852486221244,62.65994705256995,40.941439614580794,1945.4572207213896
2026-03-02 18:00:00,1731.6447346882453,48.358667558218876,26.62259137829639,1852.8792339347965
2026-03-02 19:00:00,182.7812422798806,39.64706599841422,8.52938656714493,2561.8372734000486
2026-03-02 20:00:00,266.6130641272598,35.47267445624563,41.196752456929325,1720.1724948359772
2026-03-02 21:00:00,,75.91056736063334,30.991609927830176,3012.3654428272444
2026-03-02 22:00:00,414.97064556701804,20.523757790809036,31.76651575516447,2398.132354845901
2026-03-02 23:00:00,1020.1591886008528,66.34543221806932,44.361197025150474,1776.6788579302981
2026-03-03 00:00:00,1197.4727084266276,68.41592690187059,4.308648385221483,2612.853287892808
2026-03-03 01:00:00,177.49476851273695,38.30880064709537,19.858074712187538,3284.575043675597
2026-03-03 02:00:00,1708.1505127375187,27.459753331081902,11.520197291411069,1472.3989258406257
2026-03-03 03:00:00,1531.681140305648,42.878192258091794,28.738764447400914,1529.6249353583562
2026-03-03 04:00:00,604.2412196670583,9.296039404450166,36.49971408491516,3072.0622084130136
2026-03-03 05:00:00,231.21880138499554,5.087772868389008,43.51767119126616,1530.1469265904345
2026-03-03 06:00:00,388.80802447239734,10.93268475121837,21.002228706007685,1382.6882756412745
2026-03-03 07:00:00,315.8055033834536,17.655907800138127,35.593602148274584,2030.654220197593
2026-03-03 08:00:00,309.5824248082097,45.87173701008583,41.350270049776704,2280.082358335355
2026-03-03 09:00:00,981.5548707317477,76.57316061833987,31.066319031578928,2495.8333170504484
2026-03-03 10:00:00,517.9406522387806,21.97216754797214,11.680232307789932,2365.3304883849246
2026-03-03 11:00:00,,84.22941895646325,27.745582648742822,3217.687581582038
2026-03-03 12:00:00,1782.1590667533483,85.9868038952153,43.67789010395621,2914.2030108224385
2026-03-03 13:00:00,1263.334223173086,86.34250983122327,44.452368469908876,3366.0015373095925
2026-03-03 14:00:00,1713.2671339799024,75.54308338619282,29.26383224353824,2300.556388773177
2026-03-03 15:00:00,342.3461435562965,33.38042863099713,40.027461346367524,1477.0921806622757
2026-03-03 16:00:00,749.6371072153678,7.468868079233452,9.815372009338523,3306.6143501800366
2026-03-03 17:00:00,1043.044065580002,51.624867127218046,11.827458617897538,1308.6376393371045
2026-03-03 18:00:00,230.48870521085462,50.722648510413805,42.927054966933824,2929.8016290620017
2026-03-03 19:00:00,,76.647843272754,6.950356521771548,1365.6922646205269
2026-03-03 20:00:00,1239.7383674547598,,9.408683276113074,2898.5498003684406
2026-03-03 21:00:00,1191.09317856244,46.22600028385313,19.504138361282276,3269.671773680914
2026-03-03 22:00:00,798.34097699934,31.7231587625408,26.941708661147416,2117.4466243951983
2026-03-03 23:00:00,932.3949292544555,17.545252328507765,27.567957634603953,1806.0261875614071
2026-03-04 00:00:00,806.2531010065524,1.4271844087459953,13.846944381284834,1775.1862202748448
2026-03-04 01:00:00,140.80857623631107,46.31111863151025,41.50701150981532,2332.607052715427
2026-03-04 02:00:00,670.1317305696862,50.441161336531025,41.26439593474596,1658.8627750892622
2026-03-04 03:00:00,401.03983417539274,74.41952470374837,18.250994334304387,2713.139624385395
2026-03-04 04:00:00,267.32112147232687,45.90735014245925,20.108837854933075,2073.5399507255875
2026-03-04 05:00:00,1726.4247376118947,82.56568303127904,31.90987314025212,1978.5299340468441
2026-03-04 06:00:00,1118.9115325716816,56.89942941485776,30.171819441551634,2268.6997101385596
2026-03-04 07:00:00,1338.7156832022245,75.7899252016764,17.821068658282343,2439.433755123479
2026-03-04 08:00:00,636.1183635523997,14.198854397889493,19.22674706692415,1598.053550743471
2026-03-04 09:00:00,768.3501201398259,77.124915596906,16.313713510547714,2786.303063973371
2026-03-04 10:00:00,502.7707896244299,61.087803045502504,11.356940305945546,3154.188909801185
2026-03-04 11:00:00,264.84164064122206,16.15073988701142,21.158087968662144,1883.7725240224818
2026-03-04 12:00:00,404.35378365069244,17.88895667499497,31.203101803711778,1678.8208938419182
2026-03-04 13:00:00,1455.773877004026,83.4585550949357,33.64653503382889,2897.0613898100337
2026-03-04 14:00:00,1251.827868812419,3.867167080083186,35.27044052326235,1685.4376199078638
2026-03-04 15:00:00,1029.7790891753107,42.16560995331784,17.488208591937344,1386.635836762209
2026-03-04 16:00:00,907.6527838735058,28.899300804135038,34.643983748538844,2600.4107628038355
2026-03-04 17:00:00,1668.1382822154117,60.191892159860096,1.286717890442512,1803.4779742412356
2026-03-04 18:00:00,223.64941122373628,75.72701549364028,21.990197259542818,1660.8018587499755
2026-03-04 19:00:00,577.0213825044572,33.07365281853469,35.93179360583839,3361.365757600463
2026-03-04 20:00:00,694.8943510702139,38.99428577173251,28.721967708219545,1912.916465139428
2026-03-04 21:00:00,1430.1238807617394,88.39068282062587,21.858777462798336,3197.230909452625
2026-03-04 22:00:00,1787.2748542753513,70.76856936144905,29.364248290679363,1674.259408366069
2026-03-04 23:00:00,509.1398750871602,80.85116765292943,40.905624138541214,3019.8519773311136
2026-03-05 00:00:00,1586.322468033037,,,2354.239633401812
2026-03-05 01:00:00,1512.0586927340453,21.832782154586255,36.19059242424467,1465.0490151435902
2026-03-05 02:00:00,,37.655848419394204,44.15267990990869,2840.571116651502
2026-03-05 03:00:00,778.8653863386784,64.7321806870047,32.04500089132493,3173.354080643038
2026-03-05 04:00:00,796.4438777972825,10.73930603040216,26.226333611118797,1642.3356797045953
2026-03-05 05:00:00,1762.9751364951492,25.071750399869288,2.6493816735149713,2823.7395089059683
2026-03-05 06:00:00,407.51623234412716,5.150595141081544,17.47702752320185,2234.6102900535598
2026-03-05 07:00:00,1458.5685508781294,39.47894871209371,25.879480274665205,2883.1279518391084
2026-03-05 08:00:00,668.1276140942869,74.64267050218558,,2799.248691189142
2026-03-05 09:00:00,1342.4795878194727,3.1950682585229613,20.276610744493354,1355.8604839723114
2026-03-05 10:00:00,814.0187073026268,,43.24256413365003,1675.3141755310257
2026-03-05 11:00:00,1083.211597298118,,12.958925115441694,2289.1572101577763
2026-03-05 12:00:00,1515.4400146544228,22.086579674495223,33.76095658925392,3260.5477610153685
2026-03-05 13:00:00,1467.081460472603,62.73350082476068,19.43738235170161,2018.3542591850833
2026-03-05 14:00:00,1572.9194120174902,87.78406919791783,22.38349376089986,2620.634287588382
2026-03-05 15:00:00,201.34945308592035,86.64274735356922,36.31008949007937,1325.3758655803006
2026-03-05 16:00:00,1276.4859401675662,21.908698179593753,14.033471512675042,2793.3665352485827
2026-03-05 17:00:00,337.9785404269969,9.929463735874114,5.259730490186298,2566.4433517808893
2026-03-05 18:00:00,806.8915656312987,14.197145872736519,23.891245722990796,2802.3289678931083
2026-03-05 19:00:00,1032.6003055929705,63.481174494910654,24.266962919364946,3199.7872873523843
2026-03-05 20:00:00,784.6571240696122,65.59253991534152,36.07538197791644,1607.6477595474012
2026-03-05 21:00:00,983.3398488651127,61.00705398490971,43.606045074212474,1849.3381516169409
2026-03-05 22:00:00,1794.0947249576525,30.91097650905919,3.4332301984473292,3391.1398735530984
2026-03-05 23:00:00,329.8694333118531,16.11014763847287,27.03433684469679,1628.1963128702166
2026-03-06 00:00:00,1248.2752770719235,52.68773718375053,30.976255333851196,2813.3167137046553
2026-03-06 01:00:00,773.2016428555459,44.04755967245012,44.37525943293495,2822.6594120728937
2026-03-06 02:00:00,326.11665814245896,65.866239093885,42.47396942818411,2734.2868670946955
2026-03-06 03:00:00,369.8524977363262,40.281047003020305,32.34783364732701,1777.6252375606132
2026-03-06 04:00:00,1713.7642806175488,31.138932827095687,23.958734094756498,
2026-03-06 05:00:00,1595.3225444099955,27.11959338495228,8.107052581167496,2699.3162428730548
2026-03-06 06:00:00,1641.9713327055372,19.82085848442744,17.903768428994365,1691.1253873643536
2026-03-06 07:00:00,1785.605718906557,24.651427480612867,26.74538230251479,2689.2829966551285
2026-03-06 08:00:00,454.13616301448053,9.439909057125021,32.908817450213164,
2026-03-06 09:00:00,704.246873518905,31.870273972671168,28.95758052908094,2111.9206220637066
2026-03-06 10:00:00,1237.6723508722735,4.25471330030328,32.42140328042061,1930.487933693686
2026-03-06 11:00:00,922.4643177631003,17.590832397803087,19.882710200283498,3289.911559978545
2026-03-06 12:00:00,811.262206743167,67.4625695711292,33.0156007851244,2366.996681259854
2026-03-06 13:00:00,708.2791238705082,29.966739992219416,7.324615264867646,2478.6291212730202
2026-03-06 14:00:00,1109.4270743038687,60.4730945109836,8.153797717576996,3293.4377778422495
2026-03-06 15:00:00,1078.5088286881394,,8.164614416496363,2673.1423680039807
2026-03-06 16:00:00,374.47831790920816,52.72549550315811,40.19805810957415,3311.4911482893376
2026-03-06 17:00:00,901.9577237813464,86.32409898152046,4.345498785579918,1523.3701550976668
2026-03-06 18:00:00,1040.9020195567448,2.90814812945708,36.26636840027294,3077.943226722048
2026-03-06 19:00:00,1069.4877958433638,66.74008590234465,11.277119514056434,2004.370718848491
2026-03-06 20:00:00,457.1822279509981,86.33201131069632,21.61091738179103,3002.0238026477164
2026-03-06 21:00:00,1361.8613668288874,77.74218391241159,41.30209020048983,3096.836910809455
2026-03-06 22:00:00,142.83846119581838,15.942449570646184,26.781238106250296,1870.1245608993672
2026-03-06 23:00:00,703.2141544233765,30.087007256404156,,2158.544294682506
2026-03-07 00:00:00,1426.361502510577,16.34821374900542,13.499962654027513,2824.630144061299
2026-03-07 01:00:00,1058.6179657941839,54.51644437950866,41.49965145141457,1508.0168248836385
2026-03-07 02:00:00,543.9761352684625,64.38473039617482,19.794332704839046,2886.620422112614
2026-03-07 03:00:00,1281.4203028831812,29.21956547331218,26.827361252298736,1531.9931447149625
2026-03-07 04:00:00,1064.5646050653247,49.016085084602295,21.237016651517106,3220.357037762922
2026-03-07 05:00:00,1453.6141360758581,62.49193073633636,17.65127587413178,1880.3125159223423
2026-03-07 06:00:00,1349.5428165226997,38.4992436783833,10.824281585025684,2508.758628421447
2026-03-07 07:00:00,1137.1834674615989,77.00738221053588,31.192426021322493,1546.022350160173
2026-03-07 08:00:00,929.9020480283839,,32.602649155973296,1865.935624791205
2026-03-07 09:00:00,326.4096136347898,6.755233402700789,13.094944030725578,2148.3055913229214
2026-03-07 10:00:00,544.2661304051524,56.28015161908378,35.71647709441254,
2026-03-07 11:00:00,812.469103959045,21.943974035417714,38.5995488132739,1300.1417450578062
2026-03-07 12:00:00,1118.8087879108607,50.6191255553875,41.50970423454374,3166.1771009989834
2026-03-07 13:00:00,973.3033538660181,86.163071394334,8.093346212408278,1316.117100073642
2026-03-07 14:00:00,589.9136941312001,79.23651840515026,14.37264207898372,2924.7375822882923
2026-03-07 15:00:00,110.98940824250793,37.00195987724672,38.855547290162605,2288.215715948379
2026-03-07 16:00:00,943.6066772313836,26.944733392647453,9.735768924427335,2400.1480522928905
2026-03-07 17:00:00,585.5641805558132,21.86211125233505,1.1526122067137963,1737.3575066025358
2026-03-07 18:00:00,1348.8341112079097,,39.31640165107192,2575.4735357259788
2026-03-07 19:00:00,140.70865095982194,11.168112339967013,15.363775437060252,2428.1870092558493
2026-03-07 20:00:00,1094.2072792198446,49.885475723414125,19.2378911061138,1644.8964539026204
2026-03-07 21:00:00,1700.506203760311,1.1186939146804895,20.63869713170807,1800.0499028333602
2026-03-07 22:00:00,396.49575408954917,29.822617136380188,38.32408242935805,1440.49762092616
2026-03-07 23:00:00,901.8041342760122,20.57415393092173,15.867254362112257,1439.1955013878505
2026-03-08 00:00:00,255.41738608913488,87.4384723065096,40.2603149776852,1328.9291505000958
2026-03-08 01:00:00,1163.6592508442995,65.72456644172813,28.145322074114112,1762.996083514476
2026-03-08 02:00:00,1035.9038570135835,32.119150861139154,,2727.2885775338173
2026-03-08 03:00:00,792.521391161815,9.263212701225225,15.327038313608346,
2026-03-08 04:00:00,986.3409365053601,46.995252927465536,11.723314636372177,2019.7419667214908
2026-03-08 05:00:00,1624.1769193973173,19.996861438017767,28.458571482203343,1577.0013258364338
2026-03-08 06:00:00,433.70031392881396,48.74222958495384,20.66334304248935,2508.488402078482
2026-03-08 07:00:00,138.3596698990903,75.34724952192143,41.06270443700828,2018.5016472481484
2026-03-08 08:00:00,1564.8303039884715,55.8055371370233,22.63210350901819,2720.265287203451
2026-03-08 09:00:00,1081.099040059441,57.407169339505195,23.51897633485241,2857.064884569362
2026-03-08 10:00:00,1614.1193742851322,49.15169572659022,19.335824369984035,
2026-03-08 11:00:00,1114.8068798023933,83.52664130419541,35.72757186761654,1879.7460273052761
2026-03-08 12:00:00,1477.2738529314943,83.9393389134337,19.692924716807898,2368.0763786082343
2026-03-08 13:00:00,830.4447177037515,46.63236489554615,12.851047988989217,1829.054689832837
2026-03-08 14:00:00,1374.761883190057,28.212594355771895,38.92935846891443,3196.116954243228
2026-03-08 15:00:00,1652.1704937127552,41.903243523270504,27.260441740070572,2909.4100751733704
2026-03-08 16:00:00,1072.6090383277506,17.603654185409795,27.026449669836076,2335.3124026116893
2026-03-08 17:00:00,407.3347559560452,57.63464406330995,27.87617711521277,3327.4600006741075
2026-03-08 18:00:00,556.9559455513369,45.50821788461876,32.628948921049336,2448.1864381333944
2026-03-08 19:00:00,437.6957807255898,10.19374252538191,14.774991529752942,1989.924501609591
2026-03-08 20:00:00,519.656946912746,18.590652519645765,2.489152316652125,1500.4813316674988
2026-03-08 21:00:00,620.9062638967619,43.687244101757884,36.666099078588424,2441.8658541081686
2026-03-08 22:00:00,1043.7274374804203,79.99542017397839,6.6718223707920465,3106.874884320826
2026-03-08 23:00:00,1099.5857700885158,51.40877413616767,,3120.1093291285424
2026-03-09 00:00:00,825.049570311164,61.6566150185539,4.621873124642465,2569.5908400337717
2026-03-09 01:00:00,1146.2153256954202,31.173540927207966,,2126.220562791847
2026-03-09 02:00:00,238.67737353932208,51.85561398093685,3.773147072587683,2665.622246990428
2026-03-09 03:00:00,249.24000299887194,40.816804214788,23.97740190361988,2900.4947445739826
2026-03-09 04:00:00,392.11008260801935,59.6625622234613,29.737974002389304,2164.412047227665
2026-03-09 05:00:00,980.7317466685861,5.501225381031923,8.543058211840286,2300.133755351343
2026-03-09 06:00:00,463.79095378713305,44.90371924526736,17.35161521128969,2729.29424549368
2026-03-09 07:00:00,581.5834859373815,27.34334363781306,41.93053760589436,3140.9704728157676
2026-03-09 08:00:00,780.53182149409,30.030470453733923,20.4651211527281,2961.121794098777
2026-03-09 09:00:00,1480.1724108176456,86.52165140866747,36.311917034968495,
2026-03-09 10:00:00,123.5656310518622,17.259838331313066,41.7961287826492,1561.1819219476345
2026-03-09 11:00:00,1203.943994402258,28.700827479495125,43.87121629900061,3090.834178599596
2026-03-09 12:00:00,1237.090102769165,46.380439240047586,40.52616886642025,3051.0279388945705
2026-03-09 13:00:00,1457.714826606282,77.80939838531651,14.96583448299464,2116.4942446122895
2026-03-09 14:00:00,1685.6799964025324,38.08363740536697,43.35320699109249,2526.9836369510977
2026-03-09 15:00:00,,67.20400999904723,36.745390636826066,3202.274463100157
2026-03-09 16:00:00,361.4322993724675,77.21729474111741,37.83572568013746,3214.2732301149026
2026-03-09 17:00:00,1606.4911998951882,28.591455668144555,1.6676113035607298,2944.4949760978707
2026-03-09 18:00:00,879.4815557179261,35.954766334945184,42.98650998600492,1740.1367705553257
2026-03-09 19:00:00,1059.804086186888,32.73350390826371,35.23596984934459,2833.593895443284
2026-03-09 20:00:00,1227.1462463293506,75.12416696699498,34.7905698463476,1512.306707928819
2026-03-09 21:00:00,1254.4132276425835,4.946870713870503,4.587088160857795,3177.2707648545947
2026-03-09 22:00:00,1683.958685638064,28.449476905752523,11.233015807226575,1613.2124875153004
2026-03-09 23:00:00,1794.8140095998383,61.46736162596656,43.33951326606756,2690.932144234047
2026-03-10 00:00:00,1324.2676835825985,51.3244714613155,23.029791291440958,2581.5108759299324
2026-03-10 01:00:00,588.2760556487564,39.82975297713879,18.505752802439268,2931.4892773471247
2026-03-10 02:00:00,1595.5790839003841,49.055392222703205,37.957395954464204,2458.312754952756
2026-03-10 03:00:00,183.67555471929472,18.585028138720325,4.842978221013551,1425.0898082890376
2026-03-10 04:00:00,492.8374498866435,39.33377932311292,19.345448715926608,2782.277133492713
2026-03-10 05:00:00,1625.5557196883153,45.65156559169507,17.53083407457168,2104.6245735540624
2026-03-10 06:00:00,535.5255745469035,81.20583185395955,16.39346102933728,1972.5985025601308
2026-03-10 07:00:00,475.10680135697237,24.214329489553894,14.538458720735218,3382.514454020843
2026-03-10 08:00:00,334.8129983384203,78.236736692679,10.243298098763434,2539.8395085154284
2026-03-10 09:00:00,1560.4899879997581,,8.608075331582977,2792.5100538657634
2026-03-10 10:00:00,950.0990406248474,2.8103339650164876,29.17786914446566,2405.2848875648615
2026-03-10 11:00:00,1247.318445192063,65.49218898404604,41.45337301318185,2916.9425564984704
2026-03-10 12:00:00,506.41285292755043,4.164117101865903,23.389472390994783,2879.352744549948
2026-03-10 13:00:00,1388.6687157190681,89.76692028642937,14.110880303252348,2680.006842928337
2026-03-10 14:00:00,1392.0094264355673,78.66466520451661,8.00304869977796,3395.2604290319314
2026-03-10 15:00:00,631.4166423441102,27.463593531064063,37.52630806231414,2265.566421574589
2026-03-10 16:00:00,798.1604761174808,23.90959948750678,43.745650484821404,2783.0039314261257
2026-03-10 17:00:00,456.47347163134145,34.94825630739919,16.36283766458548,2975.333721890328
2026-03-10 18:00:00,1760.1537396489373,32.69885991298543,13.801818724293671,2089.672890148543
2026-03-10 19:00:00,1197.5243809992999,34.138065836298914,27.46568993089742,2260.067557862599
2026-03-10 20:00:00,1688.7245972163764,29.32661260463376,35.11447516195073,3335.251259420229
2026-03-10 21:00:00,615.7554241695263,56.28087320950149,21.037723356185232,1367.811135965877
2026-03-10 22:00:00,1429.2145520947126,15.619466071135532,28.723218593881764,2004.12087331792
2026-03-10 23:00:00,1401.9596946040615,76.29233502769517,32.528158993024846,2321.0472209112068
2026-03-11 00:00:00,,73.30382107878707,43.26606066567189,1303.0764854452996
2026-03-11 01:00:00,1741.5862579535608,43.407005499119066,8.26164254288367,3188.166912113885
2026-03-11 02:00:00,769.0440713807365,76.89296690979074,44.884829728316255,1901.1132404455334
2026-03-11 03:00:00,322.2194501025874,22.995911232696102,18.254892830614068,1841.1801474298331
2026-03-11 04:00:00,1241.9050607149034,2.5633255576530583,32.820806279968366,3022.685010242858
2026-03-11 05:00:00,1339.8266608112506,56.10950532765425,26.186232630811876,1883.7647798551984
2026-03-11 06:00:00,1077.602974879985,41.75393721985967,22.413419148388964,2681.007447194247
2026-03-11 07:00:00,451.59041832677366,51.47764462033249,31.715316224189806,3025.1566021941144
2026-03-11 08:00:00,957.5751008379041,81.04120740263787,18.413169409838183,2964.201380191782
2026-03-11 09:00:00,630.72255216752,87.32337604736897,6.548839178819481,2942.0965485944507
2026-03-11 10:00:00,826.6930978833714,57.46632943824867,22.511308857334548,1486.1388967169933
2026-03-11 11:00:00,1196.8715789359287,69.00094749686701,23.964298310022016,1467.6786319019648
2026-03-11 12:00:00,1366.8650625744187,8.45895058035762,9.883694749597325,1944.2170750485138
2026-03-11 13:00:00,494.7819745322833,15.303687055344,42.167251678460914,1375.4905505116374
2026-03-11 14:00:00,789.0531130998207,66.25522764081491,11.008928452436816,2350.9024466904552
2026-03-11 15:00:00,557.5746706857697,39.39152561853217,19.006014139700298,2129.0423391674585
2026-03-11 16:00:00,437.6737435651775,40.69090906599211,7.816906221167825,2469.7544163406133
2026-03-11 17:00:00,1431.7582739929253,28.46608366555386,24.57505243222554,1927.45593120635
2026-03-11 18:00:00,1645.729580542887,55.054718129519195,14.536054756403946,2320.0834062798967
2026-03-11 19:00:00,729.3947156637804,17.479689042042033,22.527990878947698,2002.964008304013
2026-03-11 20:00:00,1377.1741714354037,56.795548858936705,10.883144324160885,1709.9369936689482
2026-03-11 21:00:00,1624.8919919194989,16.468098285036334,3.366105629743493,2663.6700303894113
2026-03-11 22:00:00,1538.4111579013936,6.6805170891645105,35.28597264761923,2714.215393148289
2026-03-11 23:00:00,410.78276051668405,30.40183429421643,29.20779649422497,3041.3865547744754
2026-03-12 00:00:00,1725.6961985727141,21.57149043887644,15.992531651284567,3136.978744622822
2026-03-12 01:00:00,740.3499487300862,80.12025583151357,3.089745886022178,2779.3699991726226
2026-03-12 02:00:00,676.7091239955217,5.890857394307767,39.08530275867332,2743.7459820647755
2026-03-12 03:00:00,206.13325637222658,16.71861863909693,8.470980217169892,1419.0188972065923
2026-03-12 04:00:00,926.4952119783011,49.8360448968914,41.952657604382836,1530.5364070621602
2026-03-12 05:00:00,285.3231465895788,43.814979985425154,22.058196658222172,3006.381691820834
2026-03-12 06:00:00,522.5176955766242,5.0808296353484375,15.977015235973285,1789.1976494096261
2026-03-12 07:00:00,638.8024570043783,1.6454660933478582,33.637416983202414,2046.6866264558744
2026-03-12 08:00:00,1475.004749935863,88.93804683454233,39.580933867308175,1605.1244427193412
2026-03-12 09:00:00,1588.330705673024,59.6362883319366,17.311396800411273,1709.81913400733
2026-03-12 10:00:00,614.1927396844984,33.52114565023856,18.92312509548824,2928.376194277433
2026-03-12 11:00:00,1559.7868061157756,42.86847004202848,20.058961651276682,1849.9052009826305
2026-03-12 12:00:00,1557.2925935286448,24.722960720431537,41.58221470506144,2242.9734291547993
2026-03-12 13:00:00,1399.906615654285,31.69376674869567,31.472815626630638,1618.5098834244025
2026-03-12 14:00:00,349.3816938258086,58.76495758687104,11.896429150008844,2723.652803263807
2026-03-12 15:00:00,1273.5488397312392,79.57025009919599,9.139986690087095,2829.3664416803
2026-03-12 16:00:00,,17.387572054225455,11.136177190691907,2059.553867587299
2026-03-12 17:00:00,1260.318813904167,75.79217397929337,12.596811124162766,2947.9679568577762
2026-03-12 18:00:00,663.7486434833178,11.818540027125946,11.128073618696067,1803.8039690364656
2026-03-12 19:00:00,950.9848396324131,20.134307899366817,29.97428367646543,2752.998110410328
2026-03-12 20:00:00,1197.7325736967912,4.308600636418492,6.101074468930279,2832.925620982953
2026-03-12 21:00:00,967.969694838456,13.53225572627695,18.043773547150273,3334.18049335643
2026-03-12 22:00:00,303.9200009426487,82.6399799463005,28.502357210696125,1787.8754968921041
2026-03-12 23:00:00,630.5088759084351,41.890048449035696,13.797838853488956,1496.7920080897807
2026-03-13 00:00:00,1464.0732519411752,,3.8720729268729532,1852.374386808552
2026-03-13 01:00:00,1564.4106783623797,86.41568858546755,4.600252605222605,1558.01061282245
2026-03-13 02:00:00,333.4100556164694,79.23031539051986,6.542538157406199,1656.3580478380504
2026-03-13 03:00:00,1719.0574790778319,,37.77709309419883,2001.6404748975463
2026-03-13 04:00:00,658.9984503426359,84.07907848333265,29.945994246618667,2169.380568116202
2026-03-13 05:00:00,1225.933355842224,20.59151845438301,3.8389860882963704,3197.8208740778973
2026-03-13 06:00:00,1378.102748126358,75.43686707789769,18.207030682662474,1710.7931201500442
2026-03-13 07:00:00,1480.3085988844018,62.40921647553325,13.257747605270888,3340.693849434554
2026-03-13 08:00:00,1707.7744937840812,78.40857321152426,26.433764911667208,3001.32174078196
2026-03-13 09:00:00,631.9632316489984,71.92512935109406,24.00346178558179,3151.089918776226
2026-03-13 10:00:00,1559.4609727376426,31.838060622737423,22.16945702826746,3251.832378454511
2026-03-13 11:00:00,323.86773584155196,69.92146979453575,14.838544296394979,2881.8065139963537
2026-03-13 12:00:00,1298.5695408011077,24.358610965655238,7.063189969935593,2956.4376463958283
2026-03-13 13:00:00,1361.362140173776,30.24470250949688,33.66456084639607,2219.418422871801
2026-03-13 14:00:00,1252.1295100422446,10.603608832844877,39.71369782907679,
2026-03-13 15:00:00,528.93505142976,84.22181882226172,42.542640006243964,3258.219396209932
2026-03-13 16:00:00,1584.1733499258457,26.899299342625056,3.57923470699754,2094.337414260564
2026-03-13 17:00:00,387.0593877296715,47.33539940025921,33.55598330991085,1388.088853434835
2026-03-13 18:00:00,191.1791455854124,35.82862244549115,32.96615221390635,2901.784209497023
2026-03-13 19:00:00,1319.6904840402506,86.43360273193163,42.67282302240593,2503.6307746067887
2026-03-13 20:00:00,908.3087158956473,30.819376213524933,12.12824215790168,3011.2395209209544
2026-03-13 21:00:00,1543.4666339297494,70.29057810661932,33.65587768498688,1458.6576598830204
2026-03-13 22:00:00,751.7751397990402,77.13203776217502,3.403556705725321,2604.5871799991587
2026-03-13 23:00:00,386.0736004631118,39.768978275805964,28.77481171351124,1820.1823647805918
2026-03-14 00:00:00,,34.65729148631088,16.43730425829591,3196.864048438417
2026-03-14 01:00:00,1033.1463737881218,67.54937806300389,34.83201534008891,1530.8108734576658
2026-03-14 02:00:00,421.6328470636033,82.24774224725483,38.98538860315731,3070.445472722632
2026-03-14 03:00:00,1324.6527975969577,68.1889242434292,,1485.9639291410117
2026-03-14 04:00:00,968.8931854321509,21.21424653767604,24.125788078769226,1352.704446543696
2026-03-14 05:00:00,1127.3320698085438,80.05938952195578,6.165778743998396,1793.624803088037
2026-03-14 06:00:00,883.5271749511892,35.49476840187815,19.34390646983297,1999.393535946036
2026-03-14 07:00:00,1508.8052724906108,52.28441764823615,16.875217303403446,2615.7104208049295
2026-03-14 08:00:00,1510.2566166611848,74.99777011705129,9.05743223051878,1576.621654458213
2026-03-14 09:00:00,1305.9609971014565,17.767134298643807,40.35705948973814,2218.3928605412575
2026-03-14 10:00:00,279.18234157398587,70.82140207530223,,1728.9535644160349
2026-03-14 11:00:00,1526.051565236917,54.058489014050295,28.972531731328235,3096.1369752488326
2026-03-14 12:00:00,1240.7220669059466,80.50740612265713,40.166276313115056,1394.4296666977405
2026-03-14 13:00:00,1284.9410822073091,16.305365764075322,41.12661751398193,2047.4692260458942
2026-03-14 14:00:00,717.0708286865818,38.44071909664263,35.90254679298501,2625.8855679351286
2026-03-14 15:00:00,1594.7752454669114,75.12303526514853,8.750209890463772,3217.485173909072
2026-03-14 16:00:00,1333.1317203992578,2.7116216076516553,36.966982005410266,3122.7861876571797
2026-03-14 17:00:00,291.4037930996306,10.985921642142214,13.168851746287482,3179.903198986043
2026-03-14 18:00:00,793.2226584904765,89.16030393534939,41.585513207030395,1431.9919167342623
2026-03-14 19:00:00,1606.8466153322408,25.9550818945412,32.19981398264938,3065.938849073265
2026-03-14 20:00:00,180.2343928855443,87.82334424143185,35.551772684391004,2937.81641494265
2026-03-14 21:00:00,1734.408253391484,17.245308039771977,4.741427954085237,3195.1064634788
2026-03-14 22:00:00,1254.5763661432568,33.13740542765287,26.641664991515956,1954.3101612418027
2026-03-14 23:00:00,1173.3391619937402,68.00538056081778,37.1302535835419,3214.7067231740702
2026-03-15 00:00:00,559.9507360295854,59.54227824419789,38.90997552198997,2145.5462786815406
2026-03-15 01:00:00,522.946040856601,52.719893593685946,2.2597950082802267,2631.6093396041797
2026-03-15 02:00:00,1701.4989731306123,48.161026646645674,42.32300623242524,2190.7758815346965
2026-03-15 03:00:00,607.0631721980087,76.06619948616188,2.906904265309108,2198.0617040828674
2026-03-15 04:00:00,1418.359004422299,21.910422092171952,28.038821905693393,2447.9377394692933
2026-03-15 05:00:00,768.3070569520346,40.37991250242314,31.509051215073733,2047.4460902037272
2026-03-15 06:00:00,336.73192033399675,14.835254001924698,5.7231928113880315,2964.747687965395
2026-03-15 07:00:00,118.21600608211021,54.03880202003269,3.112522086804478,2630.6413443720016
2026-03-15 08:00:00,,23.298453760147495,35.53613479583208,2748.487099231786
2026-03-15 09:00:00,1758.8239915331856,30.711943726561337,17.925507491087096,1785.1730804657036
2026-03-15 10:00:00,727.5315294756476,42.941313779494,5.712950673865441,3336.108105810924
2026-03-15 11:00:00,707.2269677881762,3.3825821275783783,34.55738392105625,2686.3698053232274
2026-03-15 12:00:00,684.9557503440516,9.182476296954551,38.3631750863193,1714.1113155138223
2026-03-15 13:00:00,984.9245234182594,62.04770064303155,26.844992393387525,2876.029511289171
2026-03-15 14:00:00,849.130301821299,39.17832828385814,8.094419571124407,1664.7996167360077
2026-03-15 15:00:00,1595.8548654359247,77.96632975799069,1.6697887456255955,1433.1082822289677
2026-03-15 16:00:00,959.3853459299335,62.82580832433375,31.83530917728553,2407.862131906252
2026-03-15 17:00:00,963.188324920567,1.7209838066116978,25.20614569231394,2462.4003037409293
2026-03-15 18:00:00,335.2317110249462,55.887397438275,29.635074235683497,1696.8277069363571
2026-03-15 19:00:00,1770.657219547656,9.341513079314762,36.78012548878221,2031.595783013534
2026-03-15 20:00:00,524.9539144770105,70.50305300135399,20.106022187690773,3286.115520925264
2026-03-15 21:00:00,224.71891468132452,89.24418425678668,6.478680628679298,1898.5067873837288
2026-03-15 22:00:00,1227.348623257855,48.276692687494524,42.35926455719636,1626.6929276072742
2026-03-15 23:00:00,1112.1228292666835,61.7673755172776,24.99153359886172,3384.3801131974533
2026-03-16 00:00:00,805.7476117876678,22.12096031963289,28.072941239895773,1934.8416263989802
2026-03-16 01:00:00,817.7267975971527,39.946199194087626,42.07010290027705,2728.5327136067654
2026-03-16 02:00:00,1434.608665778933,77.19248456903814,41.98968087765157,1786.2763810224594
2026-03-16 03:00:00,432.7114881694034,15.900642349416358,26.17216269603964,2455.254513671418
2026-03-16 04:00:00,,24.63266889962483,14.09490268774275,2111.1921718801927
2026-03-16 05:00:00,1202.870093621531,40.64359710045669,44.87299989656053,3319.316448434296
2026-03-16 06:00:00,812.2486154251915,64.39015137411724,30.955951957955584,2208.892336556024
2026-03-16 07:00:00,878.6486481925766,34.453671976814974,18.971213783250487,2526.7657867816206
2026-03-16 08:00:00,536.3002522163629,83.56817290068734,25.632819325557946,3284.009158390309
2026-03-16 09:00:00,1378.594365584857,9.406677562916006,19.296698211793306,3377.3920298697058
2026-03-16 10:00:00,971.8870619189552,34.00157358149143,40.085426701052484,1513.4825644104926
2026-03-16 11:00:00,645.4527226747341,64.09691698512955,22.22997249409283,3052.0734952890166
2026-03-16 12:00:00,1113.2851967936153,21.11282214387283,37.235248543174876,2102.4446377932227
2026-03-16 13:00:00,1792.7485684872493,59.420768946440894,37.967757104212176,2549.1402830317866
2026-03-16 14:00:00,839.9458754161416,15.615309282233788,37.270622860350926,2087.6009658060157
2026-03-16 15:00:00,1665.1753813236533,5.982245352690088,32.77629894892968,2142.344031875064
2026-03-16 16:00:00,686.5286278717624,11.770398790629748,38.6146195395336,1633.6008255687343
2026-03-16 17:00:00,193.045601772476,83.76864569893799,18.038101503410644,2502.8095626985187
2026-03-16 18:00:00,447.2115808263291,50.10582858162007,6.045181070246255,2448.103486483922
2026-03-16 19:00:00,811.7817436570632,71.87477401768876,38.067984992390635,1697.6471559306397
2026-03-16 20:00:00,473.37937861076733,30.60625058054956,22.919410290243192,
2026-03-16 21:00:00,100.38596497103441,53.74661966180475,6.604545431225445,3343.513953525281
2026-03-16 22:00:00,1655.5026141707963,45.05073989974425,6.073750976008349,2800.258051292958
2026-03-16 23:00:00,1534.5949990925794,85.17067838680417,8.00666533643528,2310.063375125039
2026-03-17 00:00:00,1361.8967935278101,67.53414260881583,34.04282342535266,3223.7763697208884
2026-03-17 01:00:00,385.28481259824866,,32.27769363251637,2508.1601486611426
2026-03-17 02:00:00,304.6180795569763,5.125440979650878,9.968021928134863,1583.6007973283872
2026-03-17 03:00:00,214.92807410305136,49.920600541328504,38.26463039683099,2449.7702604061583
2026-03-17 04:00:00,1330.849620913966,42.56223939726152,13.376971003242774,1680.0435422683224
2026-03-17 05:00:00,1678.973533169405,83.5779617279513,35.89136566585769,2911.7601613701163
2026-03-17 06:00:00,831.9108955521629,23.903436948868368,22.507459940337444,3331.0658500188874
2026-03-17 07:00:00,302.53914239328185,25.015177342907393,33.188142031696906,2057.7190275409935
2026-03-17 08:00:00,971.0677952445811,37.60981615045353,17.7810571752369,2213.3275482629083
2026-03-17 09:00:00,693.0142426796713,22.659904493167467,16.27418627217014,2185.1425803611232
2026-03-17 10:00:00,737.2023713949961,12.497368684978705,38.019822354210625,1899.129949169252
2026-03-17 11:00:00,1156.2620610647023,77.30992135192128,2.5532991986190647,2967.777926245125
2026-03-17 12:00:00,,50.68661067194851,43.888425679330325,2597.2294987686914
2026-03-17 13:00:00,288.0261180843735,77.66128198713444,29.51990056367643,1434.5082693987752
2026-03-17 14:00:00,160.50339237100985,74.97099412092894,20.029269080775453,3061.4933035485847
2026-03-17 15:00:00,1790.3615145657152,26.101769576280727,28.63439937061871,1692.8852854217353
2026-03-17 16:00:00,495.6381931564381,49.748632544860385,6.400601644195244,3356.2174395891543
2026-03-17 17:00:00,191.51189234438044,8.40637554386627,23.618308032916094,2090.992591905388
2026-03-17 18:00:00,422.788059463064,82.4574176787375,44.3442030269511,2594.54425901568
2026-03-17 19:00:00,166.2283387923892,36.97938164079863,11.3518552652551,1463.4295996816638
2026-03-17 20:00:00,766.0785208491918,36.037180366122904,32.78023635759938,2023.792876845549
2026-03-17 21:00:00,1464.0830335672513,27.945227984997835,20.138740536594828,2984.943310457641
2026-03-17 22:00:00,680.115564588125,41.99907327925264,29.70815853346996,2302.1378331018427
2026-03-17 23:00:00,855.1117916932232,23.406585402544877,10.01503806243812,3199.667315442448
2026-03-18 00:00:00,1248.497515064646,34.361852278915606,21.700459235174506,2507.7907262066947
2026-03-18 01:00:00,965.1199191187964,72.19528732405449,44.124079409808104,3250.00161033107
2026-03-18 02:00:00,1564.457666236251,75.2487398190803,9.592634644704422,3363.4808047263678
2026-03-18 03:00:00,,28.072240508937934,29.003581225345314,2253.1785749883793
2026-03-18 04:00:00,116.8481823349612,42.74228431919813,26.326300945738996,2486.828802413397
2026-03-18 05:00:00,1422.6787210214386,78.76996008892465,,3053.3333508276664
2026-03-18 06:00:00,883.2471204108456,5.687926532843045,28.06542474467115,1765.2193116252074
2026-03-18 07:00:00,1781.028920216227,80.1339016176249,23.098470842282037,3109.4221049403304
2026-03-18 08:00:00,921.4945289882397,20.50740676305752,1.744953011336952,2543.032294792266
2026-03-18 09:00:00,1777.7231071601057,61.38999273507945,40.604259704377185,2823.5502843075033
2026-03-18 10:00:00,1382.767914049752,52.84710097822942,37.387068409297356,1467.6934475932349
2026-03-18 11:00:00,522.6283038426208,50.21172658884343,8.663377960529338,2908.9941352521473
2026-03-18 12:00:00,1015.271464787828,77.4830600030011,19.18401980467024,1952.6524996046828
2026-03-18 13:00:00,1786.6305871135908,10.039920784374853,34.904155150516985,2990.987781384668
2026-03-18 14:00:00,1557.8020331782702,31.88549425398161,44.12274187704051,2369.2203304356844
2026-03-18 15:00:00,265.52371944507587,48.90449442468414,42.8500300434386,1876.6901031128295
2026-03-18 16:00:00,1300.8323945769932,73.20470800119755,40.57180478575167,3300.795363745474
2026-03-18 17:00:00,687.4852959803821,20.263434423638763,7.968451481162145,2906.6310351941484
2026-03-18 18:00:00,111.8698451965918,72.4607558823106,41.236904664396214,3369.9407551346585
2026-03-18 19:00:00,785.9176473458994,36.56782494196028,39.651576169847495,2065.386786665628
2026-03-18 20:00:00,499.0825169324512,17.813333222598892,17.58579609132114,2663.361230437441
2026-03-18 21:00:00,,68.54979319946996,,2584.336223513826
2026-03-18 22:00:00,673.4620350378013,9.090002231234756,21.235992566027072,2743.8691562444865
2026-03-18 23:00:00,1506.790279721489,46.814296292714424,29.871727762522347,1380.4647886867947
2026-03-19 00:00:00,101.01649601915203,6.684944763708069,12.476767103252692,1912.6105801424856
2026-03-19 01:00:00,623.2925550444025,32.721189109043095,2.009730895357566,3209.6089049606953
2026-03-19 02:00:00,509.9808643231953,54.495835111568944,7.2140990822786595,2190.0221152316763
2026-03-19 03:00:00,497.0645138166387,50.49428319236196,20.36509993337804,3317.3517260712492
2026-03-19 04:00:00,215.91725360128657,37.01433219351532,13.408113054752882,1748.356662554449
2026-03-19 05:00:00,418.1112596978529,39.1852714635183,34.638728685589804,3394.5903443102875
2026-03-19 06:00:00,1044.4342688055538,21.182490248218222,5.694363104167941,2764.919908815018
2026-03-19 07:00:00,595.3138238241656,41.573550369745156,41.368469924411365,
2026-03-19 08:00:00,809.5711299595515,85.83968215915425,40.39439591753209,2133.4084616253253
2026-03-19 09:00:00,740.6736965902205,76.69030968275734,40.985299945064675,3204.7170546473035
2026-03-19 10:00:00,1589.0383724998208,13.925725347794598,33.54283993854637,2445.4720920131062
2026-03-19 11:00:00,,3.650490071561963,5.707998745278369,2729.970598471734
2026-03-19 12:00:00,938.0268518149621,84.08366383178013,20.278053140260937,1499.0973698062005
2026-03-19 13:00:00,661.2651155365274,47.880727739386536,6.781836359440405,2626.529471875076
2026-03-19 14:00:00,281.5611968040182,48.867566260288385,44.458764481487634,3146.0658753505286
2026-03-19 15:00:00,1720.7848949495615,70.48390161788049,15.653690629541625,1674.394779253575
2026-03-19 16:00:00,202.38580633050566,29.007318674548063,26.75454384316273,2849.2244627331766
2026-03-19 17:00:00,606.0054718660767,43.88977362640419,35.29329438674576,1353.3415938887745
2026-03-19 18:00:00,606.712541989007,87.21099927005965,41.5071077059284,3245.0263347812897
2026-03-19 19:00:00,644.6821864383653,60.82123313698423,34.24409993701984,3364.125943665491
2026-03-19 20:00:00,379.28763356309577,14.683307847624947,30.678166265714452,2043.7781402759983
2026-03-19 21:00:00,1431.374432570285,12.857180570607444,21.50319840967866,1524.8550844022031
2026-03-19 22:00:00,308.24636534218166,19.17956349163748,27.637605885023056,2683.0103731426043
2026-03-19 23:00:00,1179.3413205603767,69.23733902344387,5.143207589524512,1362.652479709706
2026-03-20 00:00:00,310.53824539988966,27.28855334181483,39.89259184629555,2313.221190724092
2026-03-20 01:00:00,219.91058390802613,2.903607354082101,24.926201588954957,1870.7362677895617
2026-03-20 02:00:00,1646.03015626599,85.0315183520039,2.7659422191374787,2294.0120133010414
2026-03-20 03:00:00,423.21890274179964,16.10449405914705,41.47569352903549,1338.3785809505496
2026-03-20 04:00:00,1496.1252627514973,1.8506785671781039,22.529286848822224,1408.3855844484835
2026-03-20 05:00:00,1025.8724808821307,22.104712612115744,39.217922228684074,1333.549240571103
2026-03-20 06:00:00,232.35608333490833,21.917562053513898,38.703069985035704,2600.1769270989394
2026-03-20 07:00:00,1724.2619254447147,,36.89306984811305,2476.195127117938
2026-03-20 08:00:00,519.8339838862173,82.91469500350328,,1789.6317969268694
2026-03-20 09:00:00,1561.397087099431,79.24745768233971,11.87093239866519,2657.9505706984446
2026-03-20 10:00:00,386.9770098337591,41.66361539343608,39.524106388478955,3156.8352394794474
2026-03-20 11:00:00,1551.70289964115,37.57009154427078,40.555606466292126,1882.3764121548388
2026-03-20 12:00:00,122.48898193899977,50.39580869626176,21.155029944227465,3047.1869965458736
2026-03-20 13:00:00,970.0267761681172,22.66740706548715,20.3618245767849,2691.2691856045813
2026-03-20 14:00:00,1408.0523850166467,5.6444642850062925,8.70618789099059,1371.0229306632646
2026-03-20 15:00:00,1689.1523797377317,84.5909481192374,43.61007470241066,2087.8147812418124
2026-03-20 16:00:00,1645.643631551028,17.616209654068374,10.3780929157979,2366.2901533039358
2026-03-20 17:00:00,1493.3622782309963,18.65766490286876,9.401218511433685,2836.5682989049146
2026-03-20 18:00:00,1609.9252944242169,43.048969268001336,30.07207468656367,1902.9741723321756
2026-03-20 19:00:00,438.67346592303005,44.75358769078943,11.685149332019698,3363.733220201658
2026-03-20 20:00:00,583.1133027099389,2.640644663366033,,2737.5334550606804
2026-03-20 21:00:00,591.2464923657994,14.167971750883392,1.4799077939829721,2082.908722045157
2026-03-20 22:00:00,740.9916827028879,34.655778851906014,1.2531435422252577,1503.7525820619353
2026-03-20 23:00:00,768.6451396548208,61.85203172243798,23.214579263166378,1680.872296568701
2026-03-21 00:00:00,1025.7440519129482,,22.474748236192767,2323.976296115829
2026-03-21 01:00:00,371.79559772295033,38.64828571551688,8.188016963640061,2338.8602454125703
2026-03-21 02:00:00,1275.1193284361818,50.60371075976555,22.758860770692515,2912.2094061248426
2026-03-21 03:00:00,384.863116817661,80.08473202147299,19.113088627479403,2824.9709137017303
2026-03-21 04:00:00,627.5244195777308,30.020274707113973,40.17449911506422,1722.6733808874164
2026-03-21 05:00:00,955.6867220304619,12.886685661850033,1.4071724895463928,2549.4089031723565
2026-03-21 06:00:00,1453.9489545899114,44.54522810488713,43.9558714214499,1343.3057815600655
2026-03-21 07:00:00,1357.0976965058364,67.45822254988153,28.473281629017066,2136.9495387071
2026-03-21 08:00:00,1197.4084058978879,10.777518377693275,7.681111608392127,2904.621005200372
2026-03-21 09:00:00,364.81454298628927,38.796830761029476,3.0574406076913143,2138.9680459030496
2026-03-21 10:00:00,1029.9770875464822,2.582877572361025,24.676648976606202,3054.7521035829905
2026-03-21 11:00:00,248.65905305980525,3.9867671666053512,11.335167302760084,3349.9261092630913
2026-03-21 12:00:00,741.5174005543063,43.98284932628324,14.251283628055408,2575.146465668668
2026-03-21 13:00:00,802.9781014929306,27.53955953543272,11.7858152527186,1604.508560317689
2026-03-21 14:00:00,167.6794470577815,76.21454961148169,29.607581797190477,2097.322136601362
2026-03-21 15:00:00,565.7797690989521,54.59173324525443,25.355274333109875,1319.9150456435877
2026-03-21 16:00:00,1724.604094353032,41.40003359512614,4.4308746349597055,2565.7244400655804
2026-03-21 17:00:00,1721.1754333104723,37.306248023832374,24.167167459707716,3025.293852044976
2026-03-21 18:00:00,698.9559922293168,45.254847736871135,35.8123496847852,2622.8741657383903
2026-03-21 19:00:00,173.2701852121509,4.599055977926859,4.5725619960942705,2950.781081285245
2026-03-21 20:00:00,404.46139685790865,80.45860872143874,40.14851495413848,2979.798247279362
2026-03-21 21:00:00,766.7702488370182,89.84898086032229,26.445492575700083,3087.126410056674
2026-03-21 22:00:00,1711.2254865476907,17.15235411242418,42.82747664789393,1859.993944294864
2026-03-21 23:00:00,,11.714083864941157,7.518213579784529,3129.663897922886
2026-03-22 00:00:00,,13.778394246924975,44.71685997154587,2673.5973967733307
2026-03-22 01:00:00,284.76031693697655,59.831408182858674,29.348006102665778,1908.4236688484225
2026-03-22 02:00:00,1768.1378815651706,59.86823462211895,25.969744777166763,3373.318901492148
2026-03-22 03:00:00,748.7480484855295,76.46525044277857,23.672303460931758,3295.383026836505
2026-03-22 04:00:00,1417.8987161283953,67.91254856993655,2.040792416325761,2506.3260647334387
2026-03-22 05:00:00,682.404840778924,41.02238092987124,42.34412442818144,3070.7375946390835
2026-03-22 06:00:00,1167.0370911699747,55.54412717931338,29.335756805584726,1849.1384263117307
2026-03-22 07:00:00,426.42734405806243,62.2573356627527,5.0315653179688145,2173.677692882869
2026-03-22 08:00:00,348.2357328048363,46.63354585538504,1.9218954929590955,1686.3406975620508
2026-03-22 09:00:00,1694.709037265823,43.332937616195665,3.2344801264170586,2392.215549521421
2026-03-22 10:00:00,1660.000372437537,58.41367266219614,27.813413591018588,2341.603003150497
2026-03-22 11:00:00,1608.6971983619,50.61523485883318,28.01667825536175,1746.9077745192894
2026-03-22 12:00:00,1163.236865283209,58.31086517489602,22.985360838383407,2712.883556803805
2026-03-22 13:00:00,1474.055959067673,55.54407488273938,14.497696108729869,1547.3596206033662
2026-03-22 14:00:00,217.36279274933736,,24.39668019104422,1429.5520472463936
2026-03-22 15:00:00,669.1413712141546,58.20951228167597,23.717280118555347,2108.300434191011
2026-03-22 16:00:00,633.2953120871656,47.25708129291679,1.8542846345688875,2160.63203334788
2026-03-22 17:00:00,1180.5970473194425,,13.428646134409913,1971.455273705621
2026-03-22 18:00:00,705.1282149000889,41.003894901503095,3.3401550245545772,1841.687938914326
2026-03-22 19:00:00,352.46152879425733,22.508739111561493,40.606809063696836,2011.4303245200138
2026-03-22 20:00:00,1113.9940282030243,1.126221591918476,32.90981916254596,
2026-03-22 21:00:00,1484.4526651374385,50.836809095980044,44.82906748848814,2147.2501851790425
2026-03-22 22:00:00,749.6099405819544,53.56831516816905,14.295535585432667,3199.667084386632
2026-03-22 23:00:00,324.8568156674189,87.51235786503858,39.653377301304054,1771.2964505385603
2026-03-23 00:00:00,434.3699354317992,33.171571734390525,27.534387789029196,2737.347319135736
2026-03-23 01:00:00,503.72161878795276,36.07785861171975,20.937517903758618,1597.7474718354626
2026-03-23 02:00:00,609.8259080907116,18.96016273945493,10.793216896699946,2043.2039104214846
2026-03-23 03:00:00,1192.7516198607254,7.27755227612165,33.489255272590285,1974.4670391450381
2026-03-23 04:00:00,1121.6073237141222,69.77959986469492,40.7821929517892,3267.7617282574884
2026-03-23 05:00:00,1283.3357646639665,23.221614726199928,11.353569515316313,2198.7623171837986
2026-03-23 06:00:00,716.2533737035724,55.19253263167337,8.717174738838953,2749.978481940906
2026-03-23 07:00:00,1500.7960081959632,62.211800163547856,31.633764260214146,2565.1718988397915
2026-03-23 08:00:00,446.94902396479245,42.94006516895664,43.986819159922845,1596.163158097999
2026-03-23 09:00:00,897.3692707808617,78.99533805942005,33.998024448579436,3273.0349471642985
2026-03-23 10:00:00,,40.49774084719586,13.521552518096552,2026.3255128971027
2026-03-23 11:00:00,406.2697011454527,26.356867450717097,19.47803866250257,1393.9925471456645
2026-03-23 12:00:00,286.767293359331,80.74538154358439,17.909975960168357,1930.931784372794
2026-03-23 13:00:00,1602.2627450695825,77.67922129824612,38.49218079407,2004.8308243528847
2026-03-23 14:00:00,682.9804266906331,15.599555289800758,34.94031427037785,1494.7651874953272
2026-03-23 15:00:00,1262.5792123453543,,26.914919129506885,2601.95255339788
2026-03-23 16:00:00,143.0926272486954,9.00871451511624,13.098200857463743,2028.2048316372452
2026-03-23 17:00:00,1273.0797102960644,26.502718471289718,42.27149521977047,2621.1826732950385
2026-03-23 18:00:00,637.3722296298499,87.53112235501224,29.74586988984245,1314.155183537041
2026-03-23 19:00:00,194.75945109865097,50.70793763131343,43.70097244343843,3362.30163788058
2026-03-23 20:00:00,1136.681694631799,34.22029415060493,26.525149453849355,
2026-03-23 21:00:00,509.36648732439454,80.09573242053443,37.13248136799902,2684.5950720803667
2026-03-23 22:00:00,757.572311488196,41.32913350158647,36.77663669335918,2803.1470368869823
2026-03-23 23:00:00,236.9873808870731,29.05623792769088,15.842466180678052,1660.3775344696996
2026-03-24 00:00:00,350.17752686140705,84.7685380583635,43.41691181011804,1534.595792415079
2026-03-24 01:00:00,606.5613003429344,76.60707229114834,1.9654245742928156,1620.4121028740983
2026-03-24 02:00:00,252.59115095226713,76.08648541233025,34.82327998576623,1818.3183372743836
2026-03-24 03:00:00,1648.4046499667359,46.593342131468965,43.48451177361793,1653.2874477851085
2026-03-24 04:00:00,110.27997341276331,71.2600174945755,15.911960944483805,2715.398796607771
2026-03-24 05:00:00,922.5623720693294,16.96244897454512,29.516865862802767,2183.749727824741
2026-03-24 06:00:00,309.5206788253374,52.016843222505685,25.737822993145265,2429.3623484822624
2026-03-24 07:00:00,623.0544521125125,88.56228713343157,34.50632162576704,1399.4072564992323
2026-03-24 08:00:00,1674.3012516910512,26.895300316098588,39.111828552382306,3108.622822511519
2026-03-24 09:00:00,374.88074056577767,71.69735730304309,27.53396104918011,1658.2002617330036
2026-03-24 10:00:00,1741.9149435211655,44.652578241517986,36.899801800784104,2056.319896055685
2026-03-24 11:00:00,449.8504408820169,4.542705806765772,14.74056533912723,1450.9934436383107
2026-03-24 12:00:00,1360.6623843936102,68.9087264055944,11.057830583011942,1587.2655827614922
2026-03-24 13:00:00,1029.3513503254298,16.00265385089804,19.94937833944497,2698.1787609488892
2026-03-24 14:00:00,1603.6138369144905,57.20114747481476,30.820410381554463,2754.432704736947
2026-03-24 15:00:00,1041.7885343553226,8.624113270180587,9.23886575330384,2721.6275177132393
2026-03-24 16:00:00,1008.7506725657247,85.27119837714086,30.935496454683225,2459.4872544766463
2026-03-24 17:00:00,432.2786006262798,26.96342595905212,18.34012053717096,3300.295494425004
2026-03-24 18:00:00,382.58991548781984,21.15535755928815,36.00531205127581,2365.0720376140107
2026-03-24 19:00:00,1658.0315568963742,12.493139961903754,2.6207759525453453,2243.765261522538
2026-03-24 20:00:00,657.3249380450579,85.19419520717526,30.391236064493356,1819.8456880060012
2026-03-24 21:00:00,732.5398334369231,64.35943307727615,29.59218281259858,1507.5840114598864
2026-03-24 22:00:00,1391.7002193282603,67.0078190959099,42.40116094951383,2451.125352928975
2026-03-24 23:00:00,675.9999201187725,45.447005962841764,32.3881723568191,1961.269392054939
2026-03-25 00:00:00,1718.5061592863046,43.250772889073026,36.03728344262437,2400.453304700082
2026-03-25 01:00:00,1354.4772072979606,10.791890626241422,40.80200469753941,1732.8500643470074
2026-03-25 02:00:00,1115.629712374814,50.82585750697527,30.702284404847465,3060.162611636614
2026-03-25 03:00:00,1597.5217729260792,22.97556806468235,13.766759938238883,3399.364140284045
2026-03-25 04:00:00,184.33004419412066,87.96593461923612,,1977.047371253364
2026-03-25 05:00:00,537.0065767216549,71.89570366134811,33.8934372569429,3068.8879752466923
2026-03-25 06:00:00,,37.756293357166996,19.675254576039315,3133.270886424056
2026-03-25 07:00:00,485.8635171015857,14.46937202354644,32.26328359659833,3391.7549563898674
2026-03-25 08:00:00,1364.6388184136583,70.89452051135177,39.17831059597025,2019.7122725337567
2026-03-25 09:00:00,1662.653652791333,11.862785270237122,43.92869378121595,2887.6869267996217
2026-03-25 10:00:00,820.4092038825697,17.850704061239274,,1780.4989076481693
2026-03-25 11:00:00,681.6254201902215,19.82532607923624,15.314424377622228,2612.071602713501
2026-03-25 12:00:00,1734.6362446338626,50.5632668063054,19.554523403599998,2780.169395892959
2026-03-25 13:00:00,856.2491358068194,71.0480422051426,5.819610619004337,2856.3534543237024
2026-03-25 14:00:00,931.3822807637815,28.974024206497607,11.891948628794022,1735.0615540273693
2026-03-25 15:00:00,697.8047829812391,8.535613470500758,39.826533173425815,
2026-03-25 16:00:00,1646.2324041206352,42.34392325367331,16.877396756291795,2184.040906824338
2026-03-25 17:00:00,1067.2243215791464,67.58181146323426,28.304316978174768,1754.3759872425655
2026-03-25 18:00:00,1395.6967982087958,20.728082034777557,30.302487205509465,
2026-03-25 19:00:00,1480.071421196507,20.573284775504305,35.40048810630573,3113.049972174578
2026-03-25 20:00:00,681.1433712593389,85.30320543385726,9.043201330807761,3330.884610534039
2026-03-25 21:00:00,837.2803632446461,85.91968171360683,14.411777923035162,2871.2364256285364
2026-03-25 22:00:00,1542.4020164906499,89.1514501534803,,1311.808061169861
2026-03-25 23:00:00,717.5340978488774,72.88170454015543,17.053006694484036,1582.871596978508
2026-03-26 00:00:00,1449.689726868147,17.748391055947156,44.24783024582635,1460.175371521618
2026-03-26 01:00:00,1699.6869483765431,19.86635535113426,37.73739534140335,1512.548860287158
2026-03-26 02:00:00,1159.457634215612,31.280046495492886,22.106217203301387,2104.3734076415276
2026-03-26 03:00:00,1360.766388668211,29.313795288680684,39.68781954780459,2010.8359611401183
2026-03-26 04:00:00,1468.6654304699293,86.13096966794281,16.296729693665057,1538.7384606634512
2026-03-26 05:00:00,1536.5674031242922,71.22758447647074,35.57644625117164,3152.694238389923
2026-03-26 06:00:00,771.5906743565531,65.43678250237829,10.84172631668396,2592.3979102979565
2026-03-26 07:00:00,187.1478805991969,17.550726941173732,34.9821699899601,2972.5729488085426
2026-03-26 08:00:00,783.1896611024572,,21.08394974061205,2080.253716596405
2026-03-26 09:00:00,1245.3855906329527,74.68046377604946,5.7299701236586635,2161.4956342038927
2026-03-26 10:00:00,865.5956558273477,15.564123878185208,13.02354800044562,1967.0045421271288
2026-03-26 11:00:00,1373.2373564626776,78.53415954452655,,2220.695885406831
2026-03-26 12:00:00,706.8701300967286,25.230030736971944,33.96888811323523,2581.7922509456125
2026-03-26 13:00:00,1179.0650398768503,8.197407379057438,4.211239448161837,2335.266416464507
2026-03-26 14:00:00,416.9136682517568,59.457185279764694,30.02006778407614,3059.6257129957457
2026-03-26 15:00:00,1373.9280422964268,59.18861468520543,32.50460020104512,3190.292254080631
2026-03-26 16:00:00,1027.683146982144,9.44894885134001,29.772540276733064,2286.3360920719583
2026-03-26 17:00:00,446.909460529221,29.377810995355834,34.46946407937245,1803.4707587321636
2026-03-26 18:00:00,596.2489949462724,89.36048714074293,8.839419105004884,3284.9040808645486
2026-03-26 19:00:00,1372.634804589115,,26.832547622773642,2843.581150406938
2026-03-26 20:00:00,920.4221006245851,65.97668982769629,42.41037767697071,2644.2668807131477
2026-03-26 21:00:00,467.25344866822275,19.949638418783206,27.874507871399658,2865.3688406103493
2026-03-26 22:00:00,1744.361023629506,8.011604319348375,27.898799265929934,1459.561743033538
2026-03-26 23:00:00,1315.7125336887095,25.64425038694345,33.403344252983835,1442.0152880391122
2026-03-27 00:00:00,1727.1292153176535,23.151956282194085,15.660986213537797,1621.5533704200734
2026-03-27 01:00:00,826.0785771125835,21.874424966576726,31.820939658147786,1609.6470316251182
2026-03-27 02:00:00,907.6705791759248,18.15513464794652,41.31428866578146,2183.407997183749
2026-03-27 03:00:00,1626.5238675145326,52.15325646833099,1.4794008131150918,1630.5485727992648
2026-03-27 04:00:00,992.5838784171539,30.201209349922138,39.28497380879008,3094.5038529598523
2026-03-27 05:00:00,1302.3741502396342,74.01070633923021,10.6192065753898,2514.0035549488543
2026-03-27 06:00:00,528.6938917424009,,21.06062404281651,2073.349982335528
2026-03-27 07:00:00,859.4349967944889,42.35180930730046,38.50330324191607,1446.207330273061
2026-03-27 08:00:00,309.8647718776037,2.2155474419211183,37.252133608091675,2541.158371514163
2026-03-27 09:00:00,450.16606099083486,43.86972669851209,40.24480903754646,1544.7189232434653
2026-03-27 10:00:00,101.60380595497284,5.96960165800622,42.37833887583115,2860.7625258454727
2026-03-27 11:00:00,166.7505878027224,88.01739255666529,20.67490609795738,2985.792003162025
2026-03-27 12:00:00,1761.3824994007798,71.36269944988675,29.880007675244304,2442.3501417156667
2026-03-27 13:00:00,512.001281732496,44.61992142064453,18.181051383148695,1614.1660041958007
2026-03-27 14:00:00,,8.706274877962173,16.431535569655296,2952.4117198549775
2026-03-27 15:00:00,1526.4694879593396,53.72764423034687,19.990198066297456,1946.4383574446015
2026-03-27 16:00:00,1036.1227807021592,68.5299738124671,33.69534993043774,1767.5715997822656
2026-03-27 17:00:00,360.3456501427255,,23.063392874228324,
2026-03-27 18:00:00,1337.7979434714828,51.57054233008668,36.81862567572705,3237.5571069041275
2026-03-27 19:00:00,1120.4273971692912,73.46476995607524,33.78961299663086,1924.4839133564997
2026-03-27 20:00:00,1343.1260018905377,69.37405221052215,1.9010522894735704,3201.7148520425026
2026-03-27 21:00:00,1408.5692588570482,72.46628959017661,28.73047891267111,1412.6719483536385
2026-03-27 22:00:00,1758.1976250640666,79.25978481340506,20.209129425578006,1475.3997805376882
2026-03-27 23:00:00,1075.057576045407,84.45370709219286,21.09167552265023,2766.9781527840187
2026-03-28 00:00:00,680.789891574023,37.0913828131147,37.00841437027537,1700.2445890411686
2026-03-28 01:00:00,1202.389746730403,51.62045012453608,25.09475138772578,1964.9034347129132
2026-03-28 02:00:00,216.34920571246442,71.36869781805936,39.96736023219368,1586.383260059216
2026-03-28 03:00:00,1625.5754411466967,63.045443441174704,32.36344606523438,
2026-03-28 04:00:00,302.94771927493457,89.60130031552971,25.324960385618326,1888.965987174173
2026-03-28 05:00:00,657.3328244058911,2.2173109483133286,34.19967095064857,2846.3090418768656
2026-03-28 06:00:00,1486.7671470644054,32.60685616310537,2.6873582407179213,2774.249115196992
2026-03-28 07:00:00,1115.4310431622102,26.01148543804802,2.1916808124411404,3305.3470704995675
2026-03-28 08:00:00,769.1803844716516,24.34611066473258,4.667370384517491,2821.2855388633857
2026-03-28 09:00:00,904.8406209375364,20.805150642400832,20.252874306474276,2759.1172813449084
2026-03-28 10:00:00,1552.7305684437065,64.11202183255539,11.359806407585497,2757.8281670315687
2026-03-28 11:00:00,678.0074563018167,8.543593121503644,44.30749695429452,3154.23165686117
2026-03-28 12:00:00,1578.4044641806913,67.0031862209571,24.860766116500145,1922.0971390386553
2026-03-28 13:00:00,249.82853266037554,62.71489993944834,30.146292827570974,
2026-03-28 14:00:00,1420.5573432546723,23.321567792579778,13.268085994854653,2856.549000380367
2026-03-28 15:00:00,1540.8309761930518,23.50220670169935,15.159063977854787,1780.2807880152675
2026-03-28 16:00:00,409.0900098234759,56.968592095660696,15.760324222210858,3215.2420087107366
2026-03-28 17:00:00,831.5891050327408,68.83322838804733,31.744371026613226,2423.041622682461
2026-03-28 18:00:00,381.3496169282146,79.00721956477553,21.843073138329572,1930.2623489949467
2026-03-28 19:00:00,1301.2270192901701,76.84042118304835,23.778080711323273,2929.8098523489634
2026-03-28 20:00:00,1010.0912057048165,,27.048131215011196,1955.8733227381217
2026-03-28 21:00:00,1180.0496894041457,52.743255684949496,34.82771287448155,3322.8844658509306
2026-03-28 22:00:00,434.02784382555893,81.87034495929201,4.976268934549038,3364.277340422468
2026-03-28 23:00:00,459.96796548911317,72.95768132017656,35.182452137628154,2700.272108129012
2026-03-29 00:00:00,170.54545336684083,,25.782343030507914,1538.6311684754814
2026-03-29 01:00:00,647.5148098327405,2.0347675143976303,30.440199573631315,1852.7385848599142
2026-03-29 02:00:00,1051.5659242672473,86.96536627605718,15.412277652993527,2382.3756206537164
2026-03-29 03:00:00,1558.489353795459,43.14418449333657,19.013020819923764,3088.039645205761
2026-03-29 04:00:00,1233.7766606797572,72.03828607216101,11.171296064772491,1688.2616435782602
2026-03-29 05:00:00,840.1737497795774,12.321166621062497,44.08919988636583,1519.2472639292578
2026-03-29 06:00:00,1720.3041944700342,36.238757527443695,22.868130790453932,1456.4027146969747
2026-03-29 07:00:00,1322.7168409789142,25.15999900886819,44.82738429505031,2364.6318809560985
2026-03-29 08:00:00,1681.280844866335,26.957630574583394,22.55058303469572,3157.872036148882
2026-03-29 09:00:00,996.8995545626816,11.969750175628475,10.669055632898964,1388.954409552174
2026-03-29 10:00:00,540.1372671483373,72.71298109632762,,1745.8752213864227
2026-03-29 11:00:00,189.80536682002736,1.822565997715956,2.742205159159423,2755.839733262954
2026-03-29 12:00:00,1334.3442475225459,28.812985671683023,40.809871262565856,3034.3132138018022
2026-03-29 13:00:00,306.215096609408,16.522538346260937,37.01621105255541,2995.539011528256
2026-03-29 14:00:00,614.7177180623441,53.42446571414231,32.93610291054853,2948.6429203726952
2026-03-29 15:00:00,1005.2005434026256,23.628463832694404,27.83237547946824,1572.5795817080138
2026-03-29 16:00:00,1059.508199225571,24.05086245300087,26.512706281495976,2134.198922584129
2026-03-29 17:00:00,1120.9914348781313,44.46209481558336,44.856041419496364,3367.9637919466677
2026-03-29 18:00:00,382.6340615944911,59.08932450134239,13.23188709687727,3376.663900334985
2026-03-29 19:00:00,745.5535881968028,11.796118706299563,35.30611207608543,2565.0975231037946
2026-03-29 20:00:00,1149.2301860988434,,26.581809889400926,2789.4611299143817
2026-03-29 21:00:00,1748.692069877434,22.998552268912068,43.93874392539095,3297.695972199149
2026-03-29 22:00:00,1336.9729340894708,87.66359105649849,37.42334006512311,2244.848508606542
2026-03-29 23:00:00,1668.4263870597283,36.34657249491991,44.935104971542074,1587.4204015559658
2026-03-30 00:00:00,1395.7604991341009,54.31011806616136,26.88629975634764,2704.792638583764
2026-03-30 01:00:00,1105.9188471170808,22.49731033172203,9.999934131977142,3316.2148402910993
2026-03-30 02:00:00,426.4397275317857,44.65089773901642,23.16222957056829,2764.132797119218
2026-03-30 03:00:00,1233.3656082172722,7.596606520350266,32.28888989822528,2986.974366749849
2026-03-30 04:00:00,1159.745262131842,4.092050987087098,35.071856991989875,2187.7724883382916
2026-03-30 05:00:00,1124.197589777353,42.71728388710996,1.022439516701517,1502.5726237041872
2026-03-30 06:00:00,,36.480676589138675,23.22119189410094,1654.6523817586399
2026-03-30 07:00:00,998.7162267817686,13.182348452572663,11.350321518708448,3363.575141814502
2026-03-30 08:00:00,668.552296100777,62.1965271739453,39.49612066321069,2335.6870656880037
2026-03-30 09:00:00,982.8315774919154,89.36841069003454,,1325.2432393722247
2026-03-30 10:00:00,435.84503965341304,36.212567086507406,30.324074981292668,3306.2712895354653
2026-03-30 11:00:00,1468.7964755126404,56.58571859664811,12.706736374296693,2345.337815139211
2026-03-30 12:00:00,415.8208229878033,86.70485887043922,,3056.163636412859
2026-03-30 13:00:00,244.4426928120929,75.0066125477719,42.38460747330117,2451.762098277476
2026-03-30 14:00:00,841.6182448071676,42.256147873939035,11.579717517955498,
2026-03-30 15:00:00,1219.1226471603052,66.63656411693282,5.1801215202089494,2592.696122477088
2026-03-30 16:00:00,844.1186023870204,12.404018582296638,4.048535663545937,3394.5405802711794
2026-03-30 17:00:00,570.4820243172246,46.57724313627813,23.203064844376335,1372.9493435564805
2026-03-30 18:00:00,1048.8910126137494,25.83636466901435,29.23530522050867,3067.7678147815923
2026-03-30 19:00:00,689.9039702007399,15.343568222758337,15.400920317119036,1794.5096708666065
2026-03-30 20:00:00,1685.8750732152762,38.939000656653604,31.371428638895555,2127.11906769559
2026-03-30 21:00:00,1668.4967373260724,12.660295344591685,3.6854836172224634,2082.68997472308
2026-03-30 22:00:00,954.0320939525623,63.20967462752922,38.72272437660658,3187.4741079651512
2026-03-30 23:00:00,657.4027898310395,41.60536392074686,36.928957228526464,2359.42099654686
2026-03-31 00:00:00,1353.1251037262864,48.27187229825508,44.36183594125177,2239.066002352298
2026-03-31 01:00:00,162.41200392121328,14.027458541465974,42.2062191596812,3017.8527285572304
2026-03-31 02:00:00,907.1073102742071,13.439677837321009,16.672675212432836,1402.7049820403902
2026-03-31 03:00:00,671.749770259567,52.92397373815104,18.568116896685396,1481.55826169997
2026-03-31 04:00:00,1664.911004674343,88.66586755682071,33.822453289043416,1345.5465994402075
2026-03-31 05:00:00,120.40514636356032,9.56630190815758,6.89964196601926,2744.7640984158566
2026-03-31 06:00:00,1039.7852887211934,26.430097142354533,14.816647250772734,2403.793887866281
2026-03-31 07:00:00,1359.1280878132643,78.38186137187199,6.215801226928524,3139.6464643233935
2026-03-31 08:00:00,924.5305787908701,7.432209090716087,21.015003759204582,2346.919096242472
2026-03-31 09:00:00,245.1851512766268,78.95382920165866,25.288188314953977,1765.8211028001876
2026-03-31 10:00:00,1753.1843630474339,47.66145252035285,10.291060678361106,2990.8094835192737
2026-03-31 11:00:00,980.6177333393665,37.3357428794519,2.17179422422062,1918.0800938885081
2026-03-31 12:00:00,1144.1166153423194,28.56157022727957,32.65165659702302,3264.948542519639
2026-03-31 13:00:00,502.23663060276243,27.44342707337793,1.8802272347514144,1825.890164489705
2026-03-31 14:00:00,921.9467446815664,,43.829714792847675,1652.2133710276023
2026-03-31 15:00:00,829.5541363291471,79.74747420545742,10.7507192966654,2335.9803821724445
2026-03-31 16:00:00,227.32293140337237,65.41777548555591,30.211604053116808,1406.081747737511
2026-03-31 17:00:00,280.47260103069425,60.6053476969724,20.12907595455952,1376.4646298134971
2026-03-31 18:00:00,1523.7032833519168,72.08867425672807,,2341.6305450364616
2026-03-31 19:00:00,507.6939187512034,23.883205007368904,21.776078691916567,1751.724449669054
2026-03-31 20:00:00,431.42906154767195,56.00581027527626,,1319.6405406298807
2026-03-31 21:00:00,958.3494671252367,41.94589526725763,38.60606115608621,1921.7195140061956
2026-03-31 22:00:00,1406.870123316272,70.63730553281721,33.223359064507505,2302.471443077843
2026-03-31 23:00:00,205.30908158427945,28.523793832122408,4.489308889149,2128.0062730668888
2026-04-01 00:00:00,1080.573463385035,58.24289690142072,10.203158071019663,1584.4858789368886
2026-04-01 01:00:00,302.6577528289747,79.5169046517409,14.7230581054577,2517.317138447153
2026-04-01 02:00:00,161.9837864035514,36.79139238134866,6.121938204452057,2791.6992814100377
2026-04-01 03:00:00,189.66471867576956,6.929365775704069,21.103559120237584,2718.63224054292
2026-04-01 04:00:00,1518.0789839543502,46.92852318841956,44.30960439795157,2126.9000346948724
2026-04-01 05:00:00,300.5532221677047,31.79155141482531,23.642962814461512,1588.9519174593395
2026-04-01 06:00:00,176.7573195008963,60.82805886869857,33.64281540621945,2348.9222243305176
2026-04-01 07:00:00,844.4298081429508,85.64193030262595,31.04926309877123,3169.9066853678737
2026-04-01 08:00:00,,44.219140301719385,38.39610314405407,2284.317982776589
2026-04-01 09:00:00,546.0942400318133,42.49093048384251,10.491833580486816,1710.930204457334
2026-04-01 10:00:00,816.9114497940578,59.258047217039966,34.16835551449324,1495.4119364968337
2026-04-01 11:00:00,167.86830535837709,10.211277819827524,39.77963057345298,
2026-04-01 12:00:00,863.433474029289,23.5620508143263,8.546432211130682,2860.3197586415213
2026-04-01 13:00:00,1081.942237083127,82.78915996953546,16.259297670672165,1957.230642671013
2026-04-01 14:00:00,1070.5419913786461,60.6248925893752,43.6844776305887,1920.2400530308664
2026-04-01 15:00:00,665.1253766964207,2.1965199145240466,35.35466522311087,3179.9588221174545
2026-04-01 16:00:00,636.4064071273303,19.211667057752766,13.433996631651425,1672.8932931002673
2026-04-01 17:00:00,281.2601521922164,61.77251667657202,25.813437864357425,2423.5783082787434
2026-04-01 18:00:00,723.5571450986563,69.0315290280691,18.790349405377064,2798.3589778765327
2026-04-01 19:00:00,269.14093708403993,75.74750196798972,22.558467758393714,2132.419739127948
2026-04-01 20:00:00,1403.2131060104878,27.003735501001994,16.627312421191174,1383.7949193404859
2026-04-01 21:00:00,1742.666306171916,83.86154506870308,13.290564815334985,1778.2935088109953
2026-04-01 22:00:00,1749.1265763334018,50.212273528432426,,3193.797088628985
2026-04-01 23:00:00,1570.6208689381695,62.99197299252247,35.25583986378917,2398.5498303630643
2026-04-02 00:00:00,1121.3466538773525,54.109758787411806,39.45411340088317,3012.4266176247365
2026-04-02 01:00:00,1291.4716853145958,11.923864866041221,7.834518562000274,2466.9396398602967
2026-04-02 02:00:00,584.8498645567039,86.7172046852543,37.205643040390584,3281.564400995837
2026-04-02 03:00:00,1172.309714293455,11.935926610579585,12.211236276990796,3209.1815586693747
2026-04-02 04:00:00,874.6042340477917,,19.80280115604223,2314.064888221844
2026-04-02 05:00:00,919.4294776207853,,40.66352217736685,1968.3754534163338
2026-04-02 06:00:00,1388.2201526377685,56.05512957359803,20.998158443234487,2563.5044534257813
2026-04-02 07:00:00,579.2612045153278,75.59527571849577,9.670795497949912,2717.2641315058945
2026-04-02 08:00:00,640.6673398806838,46.90052076529,8.034220830433183,2346.5456938313264
2026-04-02 09:00:00,1671.8910449186824,34.5523979476305,21.81128573269389,3026.7947642996983
2026-04-02 10:00:00,195.5813012466528,83.04424945975286,34.55758665496838,1684.9898957482537
2026-04-02 11:00:00,925.5783073026787,4.226456258816742,44.87702633486926,2002.2648443104679
2026-04-02 12:00:00,1651.7613606933648,77.19558961142108,35.64597965095968,2741.3903504695513
2026-04-02 13:00:00,1137.6171132908669,21.542782881712565,39.588526193485556,1818.0361173138704
2026-04-02 14:00:00,1028.8920261606245,76.53753317010313,33.90462388113507,2223.673963835631
2026-04-02 15:00:00,524.5651046899038,13.388498594102819,40.39914443326867,3323.8404479194146
2026-04-02 16:00:00,683.568331409562,,4.356915905812183,2614.3395426418056
2026-04-02 17:00:00,1548.482306867978,80.041604792021,41.9169903551924,
2026-04-02 18:00:00,1050.6708240063788,43.14502857400125,18.44187076392887,2817.1269468220094
2026-04-02 19:00:00,975.0617293865258,67.44443396850197,41.55102582433956,2821.8002163010633
2026-04-02 20:00:00,269.2855130180492,72.6157739891447,4.332244848216925,2542.9000647494317
2026-04-02 21:00:00,127.24786597370931,66.54798457579335,32.47069011332998,1598.6380491109262
2026-04-02 22:00:00,1738.2648207679836,83.35434658183925,33.370304941488996,2391.4000108612045
2026-04-02 23:00:00,740.8764843876307,40.76824651627365,44.864079129102,1830.599021057289
2026-04-03 00:00:00,1125.4622055691573,16.408164085698864,34.82963191035181,3397.2123641376884
2026-04-03 01:00:00,235.51562441838448,5.255184669520701,17.833243055886694,1860.6200742125632
2026-04-03 02:00:00,1261.2942857291791,22.934928397737956,25.518936271215996,1784.440271269042
2026-04-03 03:00:00,1685.3634048001336,13.744577845341547,17.12824127932997,2610.1546257604937
2026-04-03 04:00:00,1078.6309300956134,50.657437987668764,9.624820393413758,2372.9925077612234
2026-04-03 05:00:00,314.39604803819793,17.460135011844148,11.934102410100035,1344.8411178344797
2026-04-03 06:00:00,1088.9265967049105,4.465099948754035,10.768463508070122,1572.0196758841867
2026-04-03 07:00:00,1402.790262277909,4.2030947693114395,25.14787452718137,3003.1901778377764
2026-04-03 08:00:00,790.9081121758318,75.00968535447268,40.87106791940331,2315.753105809877
2026-04-03 09:00:00,1595.7241715004955,53.63904389842921,41.1599715478895,1606.6319511283302
2026-04-03 10:00:00,1202.7610207075197,32.86959186851065,,2277.0093819550407
2026-04-03 11:00:00,1628.7231610916442,80.58629580388198,4.515573641883314,1831.6130744730476
2026-04-03 12:00:00,1159.9590291204734,7.247498415286511,11.785238515583114,1769.5420683359218
2026-04-03 13:00:00,323.18955240820117,88.24866447277651,12.222615908656897,3311.223080534719
2026-04-03 14:00:00,626.4759088788215,,5.175123710527049,2060.251506401256
2026-04-03 15:00:00,443.0514120291768,17.328318603227515,18.09238701163138,1397.5053198119122
2026-04-03 16:00:00,1645.0050461186659,61.4371498089502,26.85991727841664,3337.6860125383355
2026-04-03 17:00:00,1392.6801143887205,68.94093212073707,26.4391368263764,2969.1631070215317
2026-04-03 18:00:00,1249.8772271470102,39.21150771999893,24.91090597537808,1834.2679437847328
2026-04-03 19:00:00,611.6427433737568,77.68530195585372,15.901564695049878,2158.672852881322
2026-04-03 20:00:00,412.87611248536297,14.415184249385858,,3110.80810664977
2026-04-03 21:00:00,1385.96684958115,25.816544938407144,37.36529340316714,2050.568390578876
2026-04-03 22:00:00,906.0685079944354,9.32082018097509,16.236067725005974,2491.5484882138576
2026-04-03 23:00:00,483.8422386560695,19.768127814054342,4.763555809176328,2423.199426295687
2026-04-04 00:00:00,1148.2573628809675,22.246864260091908,14.038531048041687,2142.718552120479
2026-04-04 01:00:00,168.56754863536835,82.6693539920322,7.044220801295722,2642.9539938088037
2026-04-04 02:00:00,654.4894320180309,7.951762298852902,21.56378399799596,2293.9105483339613
2026-04-04 03:00:00,896.5468908049289,39.03994569670614,7.861146657907444,1344.5840325153429
2026-04-04 04:00:00,351.52916798598994,48.38348316319525,21.365169336951,3010.2045260606687
2026-04-04 05:00:00,1773.9126119044272,80.98368178839232,10.724127262284501,1537.6271437828104
2026-04-04 06:00:00,455.4655198023442,89.794963460848,33.50416864034573,2274.588854871863
2026-04-04 07:00:00,321.6003210735514,68.05154222786538,,2517.7916609477443
2026-04-04 08:00:00,446.0092856077239,87.40039816064363,25.408837368604726,2781.562713805911
2026-04-04 09:00:00,1407.4039263715313,71.05200079569276,8.457484096482494,2162.6727241046938
2026-04-04 10:00:00,823.3596207621327,86.72503504645609,1.043642036663591,2844.6518227641163
2026-04-04 11:00:00,1061.2070975793144,63.94709460905651,39.24480387485151,1575.8351779089976
2026-04-04 12:00:00,135.71556687681326,8.098944865145326,30.547222663818975,2672.235651368636
2026-04-04 13:00:00,158.53322457463474,36.77089664234821,5.35348417022303,3035.3117479299763
2026-04-04 14:00:00,857.9034347059275,58.54715825841986,30.219184178089645,3167.8323429587526
2026-04-04 15:00:00,1488.31391344276,32.21394734142834,27.912482640454336,2517.0896415031675
2026-04-04 16:00:00,1604.9060938028608,25.331168712126296,21.827694229900946,1957.0799159575784
2026-04-04 17:00:00,247.40116491258837,52.3885347748451,19.44735633072702,1643.0486745986154
2026-04-04 18:00:00,1015.2172735717387,84.08166702651671,40.03106956829234,
2026-04-04 19:00:00,1652.4904666747598,4.113386742937667,11.786512875487857,2433.9461836243236
2026-04-04 20:00:00,759.5536824764068,69.46157711518795,18.525642508588867,1712.293470382277
2026-04-04 21:00:00,1510.2619134282265,65.32272774597182,15.481078167372399,3300.281301955495
2026-04-04 22:00:00,327.2826124790415,86.79185485955755,34.932845277611875,3183.9844006331095
2026-04-04 23:00:00,1690.1706324352579,83.83329878759638,41.32447347423174,1369.2101092174057
2026-04-05 00:00:00,1377.4196398032145,68.83869802193317,38.39039474457014,2480.1197762838165
2026-04-05 01:00:00,,47.31638005675128,36.09897293318981,2957.5484595178877
2026-04-05 02:00:00,1250.249297039261,19.179812237783267,44.41875760508365,1815.3231158614146
2026-04-05 03:00:00,717.786684399026,49.52597893097612,31.674360218056947,
2026-04-05 04:00:00,1694.907993292028,69.11632745884918,34.04636681339549,
2026-04-05 05:00:00,568.4635197256034,80.71455992477249,44.24331174702083,1712.7471548579606
2026-04-05 06:00:00,664.6932875049453,71.28436881973887,1.3075945575636596,2590.948506139228
2026-04-05 07:00:00,1291.3743106029585,18.378757232003803,28.89812856320006,3386.753568354345
2026-04-05 08:00:00,1401.0377091931566,54.37208196629729,33.51474740594474,2067.1032465878843
2026-04-05 09:00:00,1679.9859225435616,30.563437898290776,41.38439036531658,2459.9959173553807
2026-04-05 10:00:00,448.16409539555616,1.819304397767226,39.889149384111086,1988.4948314051512
2026-04-05 11:00:00,1456.5966598726807,18.81966328519128,38.04626997428695,3141.5920952852434
2026-04-05 12:00:00,1355.5282907748378,11.076637844076984,42.614815965434964,3115.6656708897553
2026-04-05 13:00:00,208.45074563111638,76.0020019950127,24.644684268203132,1675.4241146907375
2026-04-05 14:00:00,758.2793400573519,24.007056441155267,1.3044842057323773,3189.8926358999274
2026-04-05 15:00:00,580.7012770021677,26.33811923099244,1.4863935426684192,1618.168293217741
2026-04-05 16:00:00,617.6337214018516,86.43435489010069,24.964118447185754,1500.423915213202
2026-04-05 17:00:00,1771.0096952429915,34.73871835134784,20.151978510013418,2671.162692973217
2026-04-05 18:00:00,1192.7216029158774,,20.854782348079734,2110.3986223267793
2026-04-05 19:00:00,1320.0494682489493,26.262307202806152,18.617808437241628,2414.555246269929
2026-04-05 20:00:00,1760.2499834355156,11.617662673561307,41.37993560001437,2670.3986420686733
2026-04-05 21:00:00,741.2430301779858,10.149961994491003,16.803495451470756,1410.9581993652682
2026-04-05 22:00:00,1463.12828636977,7.8963688220817065,38.67398543757566,1915.2016592910861
2026-04-05 23:00:00,838.7026376176422,53.800092845608575,40.7260509268322,2267.9032547146207
2026-04-06 00:00:00,1578.2072420854656,17.85194740305742,22.97807787995401,1859.833560592457
2026-04-06 01:00:00,407.1178202292154,33.15060866964993,20.665273644063884,1402.839906999594
2026-04-06 02:00:00,1711.0665010092753,77.7195767355715,34.48490658547966,1482.0208037852121
2026-04-06 03:00:00,471.9119042984955,,32.150746336154825,2983.67052438284
2026-04-06 04:00:00,654.5748618675835,82.49653015459575,15.45554513023306,3213.9121943471446
2026-04-06 05:00:00,1385.526797981527,45.31648675220896,5.512117540684449,1619.6899351039426
2026-04-06 06:00:00,769.3837406611914,36.49645872073826,12.653505608029135,1823.45011031212
2026-04-06 07:00:00,1133.9593405029593,67.78461451107245,6.765254255741155,2669.723749935246
2026-04-06 08:00:00,855.7749518180284,7.512583790352187,13.96822013417442,3303.970729794139
2026-04-06 09:00:00,1362.0288930526292,8.963576085435147,12.520148885555159,1929.1383891798691
2026-04-06 10:00:00,488.16312902663844,59.0256605391435,29.059302651015397,3095.9486150956027
2026-04-06 11:00:00,199.37857830269093,44.33772347829309,42.9978252520103,2362.6517533457904
2026-04-06 12:00:00,609.8799757042126,71.3469572784097,31.172724222541277,3308.773142069639
2026-04-06 13:00:00,906.3247302763315,82.5481045235743,41.772573954841064,1586.1431910992017
2026-04-06 14:00:00,385.63408872755355,35.56465211276773,35.50181937877151,3344.7120362367714
2026-04-06 15:00:00,703.1553924158608,54.08049236603352,33.02661537113162,2226.055118441967
2026-04-06 16:00:00,779.9711310990665,45.56199987378258,19.218725369387023,3301.1706198951497
2026-04-06 17:00:00,197.56613427006505,88.36334835217653,15.29095812598822,
2026-04-06 18:00:00,1091.6223219131477,74.96651225473697,38.236204388808446,2413.172481653214
2026-04-06 19:00:00,1603.3838275511887,82.14465603668447,40.837302248876235,2990.027520532374
2026-04-06 20:00:00,357.9629520201891,23.636267794406773,20.88282972064101,2817.5198515527272
2026-04-06 21:00:00,1116.273622782574,69.7548516614709,1.3987763202123542,
2026-04-06 22:00:00,1230.0566483484386,24.627117024790753,35.8713665918847,2175.6580495380676
2026-04-06 23:00:00,812.8689567127902,19.5780854751267,13.543028980780832,2964.1205715391725
2026-04-07 00:00:00,1291.865898519259,85.03968820934402,1.4350660607445125,3291.279499907573
2026-04-07 01:00:00,,2.7180930878901313,36.41949659494937,1320.6028835803563
2026-04-07 02:00:00,957.8833895616393,86.91959462604524,23.766224307943517,2534.4747025505885
2026-04-07 03:00:00,112.50017574252587,14.284308832003752,31.149272838892642,3118.559950854532
2026-04-07 04:00:00,1275.924194028971,73.92998927960086,41.24635213035701,2671.53632842567
2026-04-07 05:00:00,1224.2825542060316,25.557107223061177,24.811648526076638,2981.741441450007
2026-04-07 06:00:00,165.28149145478574,32.21250714133474,23.140539193474492,3179.6283180828696
2026-04-07 07:00:00,726.0251825717262,20.29143630765666,13.789133339323595,2876.9971332914215
2026-04-07 08:00:00,1764.3541293458345,,14.428528715357915,2805.7365428660087
2026-04-07 09:00:00,815.2521563666486,31.980503728200794,36.047850905304415,3325.9663718642287
2026-04-07 10:00:00,953.3071887241309,59.507980515025025,20.75728680578123,3113.7377815723025
2026-04-07 11:00:00,1646.8812688715216,2.3926112968438717,8.195153178757298,
2026-04-07 12:00:00,1319.3451889717858,6.729364632838526,5.159265616021806,1481.44705699094
2026-04-07 13:00:00,1089.51922291118,9.86984259308113,21.808485141918293,1801.9627545927774
2026-04-07 14:00:00,1456.2679582798232,38.29043799261056,21.45802103918014,2469.187651082688
2026-04-07 15:00:00,1569.4226529751545,73.51685936673788,29.752164241037427,2790.076220447109
2026-04-07 16:00:00,876.7097219533537,80.04783402367606,21.72696902078619,1936.7512759310016
2026-04-07 17:00:00,907.6842203841202,22.788155865420165,7.312930981905448,1495.989037553729
2026-04-07 18:00:00,756.2865906081208,52.11890545727225,23.343326931134595,1953.3082923120203
2026-04-07 19:00:00,1743.400438031383,69.38448434964144,,2919.16127921909
2026-04-07 20:00:00,1285.1826322935956,26.705819262845175,8.015422111289347,3142.5421616168833
2026-04-07 21:00:00,241.4792125537229,37.40168856952832,31.349204203020953,3217.0976615231198
2026-04-07 22:00:00,1567.0313596321314,47.63370403902854,27.129807658483166,2095.6200262027105
2026-04-07 23:00:00,916.9518994216558,13.003861330316246,33.937771975319315,2082.331007206413
2026-04-08 00:00:00,216.8816409182287,3.312424141594448,7.62641203081408,2154.0856890407613
2026-04-08 01:00:00,1034.5193337776286,14.59971702932721,42.43063482386376,2089.1998857850404
2026-04-08 02:00:00,809.1792742586936,56.789972291564474,28.32252282175498,2699.01287576514
2026-04-08 03:00:00,1592.1739882664622,,38.27113005841002,2052.478850477185
2026-04-08 04:00:00,446.7908261359585,17.88297647166142,11.850697601930367,1342.7222668899162
2026-04-08 05:00:00,1504.989836136711,31.06899582688203,33.53416713351031,2221.9516614445306
2026-04-08 06:00:00,1048.0707750152696,7.930435723266604,35.365350990692434,1770.7193389750341
2026-04-08 07:00:00,192.8375154628974,18.061235133385466,18.48715198503133,1360.494989347702
2026-04-08 08:00:00,1752.137012253324,82.10301121953249,17.89395192687057,2288.7701982215012
2026-04-08 09:00:00,971.4459149754399,2.7176227682016436,29.943035661132967,1732.5045743164155
2026-04-08 10:00:00,594.4906521936903,59.155441251518226,5.109937997449503,2250.7578111634416
2026-04-08 11:00:00,897.9916313817388,35.21239485145146,33.367462609570396,1883.2749718816017
2026-04-08 12:00:00,1558.3582319797313,60.86573780948103,2.8870174329340808,2567.7886275889095
2026-04-08 13:00:00,618.335311454608,53.393563112343,9.385973249316343,3380.842512435315
2026-04-08 14:00:00,427.54987402739056,20.89138913756334,30.222325318620157,2449.187033494496
2026-04-08 15:00:00,319.42111978249847,76.40164439403158,5.3262413520464085,2658.481425474817
2026-04-08 16:00:00,606.3609772633591,44.78269405223274,43.76105202497876,3230.4790912775225
2026-04-08 17:00:00,1426.0817479680738,74.20570568329899,39.20943321632363,2085.4008772226925
2026-04-08 18:00:00,901.7648208319449,37.13511572075151,28.557302625896405,1649.7517445497244
2026-04-08 19:00:00,486.718726279018,88.63701429845628,37.03852804945139,1893.8742941541618
2026-04-08 20:00:00,382.51449933657364,69.57355290661538,40.05352213794099,2145.8693755005534
2026-04-08 21:00:00,665.6401100676445,86.96956825501904,12.416928581160011,2654.5371306372604
2026-04-08 22:00:00,1697.871433905705,46.77505662297744,38.37410986977006,1309.6348618024142
2026-04-08 23:00:00,683.1454114030414,43.158510773872344,9.57092648005448,3092.1047510106673
2026-04-09 00:00:00,1779.8109291228802,68.23538902994795,19.187059622547878,1459.797343404644
2026-04-09 01:00:00,924.8917748011055,79.34592240819529,25.56342377493837,3191.3758127289557
2026-04-09 02:00:00,404.57866109325647,86.80897583203466,32.41120237525743,
2026-04-09 03:00:00,1614.938156048966,29.885119636892476,2.3262179797912337,3379.2158676354816
2026-04-09 04:00:00,882.6041343292057,72.08470707199487,13.782414162240315,2999.971387254443
2026-04-09 05:00:00,1306.4412839576914,19.747458189562767,27.774840321257173,1597.8966044743206
2026-04-09 06:00:00,1772.3096914555579,49.55611686034463,16.724221882561224,
2026-04-09 07:00:00,185.2980955439558,,35.10110244769771,1726.9747102771707
2026-04-09 08:00:00,264.3807516388641,31.918365195780158,29.672695090631514,3183.968454718848
2026-04-09 09:00:00,1324.7764604866854,83.89089468137487,11.313663963844373,1964.8724438762238
2026-04-09 10:00:00,579.1025056023025,14.002072279804661,7.420875102062656,1986.2715518575865
2026-04-09 11:00:00,413.3123748151684,57.28367966703249,28.678067717830217,3227.07192142122
2026-04-09 12:00:00,166.91519569354014,53.772930290538895,20.82056241900934,1327.7852486457796
2026-04-09 13:00:00,137.13941037654308,11.745713391099796,8.434109808458018,1707.3289181154964
2026-04-09 14:00:00,1416.6255253036445,30.012134895424282,15.360465034008604,
2026-04-09 15:00:00,328.536826528235,51.10535390185865,14.334056926017809,2771.5152913514053
2026-04-09 16:00:00,895.1250471509566,17.658896199975633,5.757806782932505,2659.8889486939443
2026-04-09 17:00:00,1130.0245858051212,72.25550542074058,25.063996847670033,2705.764937851013
2026-04-09 18:00:00,828.1980609670386,87.52192934859274,34.60053989215238,3148.0462596623947
2026-04-09 19:00:00,146.0813089715963,20.113586596660014,26.320543109531428,1554.163865815839
2026-04-09 20:00:00,,17.635164866361258,37.3568200572435,2396.539562059418
2026-04-09 21:00:00,117.87248172081092,41.48922138997257,6.613016077478978,2823.503147115226
2026-04-09 22:00:00,1395.212820441723,67.55110966546286,20.166921744177852,2635.848730140746
2026-04-09 23:00:00,1618.6176394398085,26.062454310937376,27.814264560956364,2241.459651872462
2026-04-10 00:00:00,835.8278657971929,2.769311874057956,30.744068681443924,1335.9406303315443
2026-04-10 01:00:00,1010.422204266257,49.16863589492756,31.61459748263079,1426.9497578605578
2026-04-10 02:00:00,910.8717674500114,86.13745053129038,33.07447879230676,1549.776786393057
2026-04-10 03:00:00,761.654651659846,35.823640131218156,29.662911736624736,2020.7782809542634
2026-04-10 04:00:00,1608.6217101296124,38.391975322295934,5.146035913398176,1547.0722506010084
2026-04-10 05:00:00,1619.6869681389837,87.23225282314938,31.593449814501042,2194.7728574314774
2026-04-10 06:00:00,670.8878198906087,62.820077434778824,32.890436898073055,1675.1481802297167
2026-04-10 07:00:00,1145.6185818249867,65.00630113294913,44.71311711067959,2936.249014805033
2026-04-10 08:00:00,1675.742855647969,51.08047847802502,31.507947214849544,3130.123995095653
2026-04-10 09:00:00,1735.4994482002976,87.7402197668285,31.22053741306815,2118.2597667331693
2026-04-10 10:00:00,965.2303687174808,62.30911711387449,,2373.7967071628414
2026-04-10 11:00:00,869.8021689833555,,39.18860797774501,3302.3421072779774
2026-04-10 12:00:00,573.7803370784939,63.244719050256684,44.86072952629097,2424.566286232103
2026-04-10 13:00:00,1730.082184423697,66.42530841079524,35.27797428868701,3389.6537532711923
2026-04-10 14:00:00,342.7843176038745,26.84657207065994,27.950016625743572,1598.4750867533148
2026-04-10 15:00:00,1085.7102792811324,28.00960412322989,4.474012384989001,3110.675483253067
2026-04-10 16:00:00,580.3354547816862,70.6856338122666,,2344.1263056132275
2026-04-10 17:00:00,574.3140935912543,27.406859736121064,32.176709017605816,1347.699633624303
2026-04-10 18:00:00,788.4465985395204,51.08653630133632,35.124998503615,3341.668177022632
2026-04-10 19:00:00,1797.9479908866126,23.192355670696475,6.48043708957753,3326.6005894610516
2026-04-10 20:00:00,193.4427216276975,73.71152089200717,29.764230005550314,2104.868764384063
2026-04-10 21:00:00,1083.5210909460034,10.83462025926441,14.011851817873685,3303.6983492804
2026-04-10 22:00:00,240.3726686599712,74.82075093878814,34.45193470972468,1596.120248700946
2026-04-10 23:00:00,362.68541098388226,54.642952245176566,11.576453977384514,2728.2312963534328
2026-04-11 00:00:00,847.2570010139277,17.634948599609878,31.09506178009807,1703.0508724644526
2026-04-11 01:00:00,967.7822232889503,49.24114931004452,13.979689667295107,1817.959196303138
2026-04-11 02:00:00,539.9470942196908,26.1423964794133,1.39574888396697,2936.6086181254714
2026-04-11 03:00:00,637.9771224865075,29.788592791014196,28.8677481268162,2092.4519775871195
2026-04-11 04:00:00,247.8439344350862,32.28599570212235,5.983839658992585,1314.9677559401046
2026-04-11 05:00:00,615.4736325352259,6.635412980536564,30.00882480268142,2169.9006908107485
2026-04-11 06:00:00,1743.1493469469249,88.75058991172615,41.72681572770525,1778.945573329215
2026-04-11 07:00:00,1706.0025488432188,3.8065819036789446,43.64682110528797,2734.9928184724113
2026-04-11 08:00:00,669.2930932328745,59.96222171340078,11.380615842414954,1708.3422631193507
2026-04-11 09:00:00,1070.4516916738946,34.03926065041132,36.60714201662881,3068.7324097165992
2026-04-11 10:00:00,1646.3121648886054,58.4949158942562,16.556344182387374,1860.895325427145
2026-04-11 11:00:00,110.51249848952435,32.706094524794956,40.620111200911225,2125.359342394329
2026-04-11 12:00:00,1478.1620695739061,60.963807517038425,35.64954101969245,1925.877407673906
2026-04-11 13:00:00,1712.2282397411623,65.9019603426841,4.2525555324136,2652.239030399668
2026-04-11 14:00:00,255.253748367047,62.459184995568386,18.914027730600203,1512.443436575433
2026-04-11 15:00:00,374.46106625596576,11.142616340875552,15.84198434442566,2304.008682666313
2026-04-11 16:00:00,,59.463497884266936,35.54796491182419,2002.3551119516221
2026-04-11 17:00:00,1013.8182441885887,25.91889190141466,19.052571268739,3156.689722905461
2026-04-11 18:00:00,124.13427860193029,3.563321980670683,31.121889496735687,1454.165396506224
2026-04-11 19:00:00,537.9743978979996,37.919929798116904,27.50715124597938,3042.359636358995
2026-04-11 20:00:00,864.9042462570613,39.58533614953829,43.92810364029589,1652.129000712809
2026-04-11 21:00:00,1277.9451487421052,42.57849786836774,42.262538099271055,1486.0130858529058
2026-04-11 22:00:00,1346.3726428325592,63.72935071977375,19.818778648503624,1724.8780020583167
2026-04-11 23:00:00,1792.2165719732754,28.48709901367886,32.83744131221057,1515.5712622248018
2026-04-12 00:00:00,588.7690389523904,29.05996566624911,37.49624413517376,2394.0662912244634
2026-04-12 01:00:00,1014.9741731764079,6.389150805472193,40.55097316993439,3375.2514011231406
2026-04-12 02:00:00,1006.6500313613285,62.12708822331434,3.997907606165282,1372.0874390409435
2026-04-12 03:00:00,789.5969410603037,51.53652213456297,14.291467168033858,2268.369533570869
2026-04-12 04:00:00,387.5752195321143,32.098835029747136,15.09012180261496,2110.74769112651
2026-04-12 05:00:00,1761.6761574125323,63.761819123644564,20.11562185367466,2013.1734699174408
2026-04-12 06:00:00,1550.6392173331963,48.82483968119207,8.447649031478438,1996.913581910058
2026-04-12 07:00:00,947.1661481002033,42.76280018247803,22.833058717800355,3179.5267889155703
2026-04-12 08:00:00,1125.5172185628508,46.507884385840256,30.18143040113207,1339.8499154376484
2026-04-12 09:00:00,486.3437910514259,57.63498314876803,22.88401248953558,2927.3244134982906
2026-04-12 10:00:00,1024.4380196659697,,30.294896188695095,1831.1596754924776
2026-04-12 11:00:00,1281.449226306509,26.71724590352383,3.9234317999876134,2104.9205727169074
2026-04-12 12:00:00,975.7839482572009,13.526159341812637,39.54344259512605,2182.3148169820133
2026-04-12 13:00:00,1783.4847899944002,14.940442125956169,42.31904445244701,1939.9366835548612
2026-04-12 14:00:00,1139.2808156211345,57.90578884536715,28.18792666122054,1496.4736098543356
2026-04-12 15:00:00,730.6553114066874,78.68572243327421,39.78120394002347,1540.094782541813
2026-04-12 16:00:00,1412.6584469469249,37.44516877275411,6.783624732521346,1926.075360573553
2026-04-12 17:00:00,389.7862696887915,16.08729426932215,36.08775248335765,3025.7990110632263
2026-04-12 18:00:00,753.6768833006531,68.33762234815306,6.242520512794135,1582.7180708535648
2026-04-12 19:00:00,689.830215641896,75.09156322333092,18.952450185891614,2859.543649606455
2026-04-12 20:00:00,834.0720616832214,79.37183743776602,15.2480155205641,1906.6264318015042
2026-04-12 21:00:00,1429.0257040788347,55.00799717332225,26.76604030969999,
2026-04-12 22:00:00,923.0941546777926,77.60484178553953,14.266639550539475,2199.4897983413457
2026-04-12 23:00:00,1449.8245654521365,2.3719313019082833,29.04179970535384,1660.6189579244888
2026-04-13 00:00:00,1080.031135337772,10.543986357487594,17.165040722686143,3370.2733452320717
2026-04-13 01:00:00,681.5180389178441,9.239269967636789,38.874776765340435,1670.9324903828142
2026-04-13 02:00:00,1476.9638642619032,64.42181689867124,28.890888969662907,2492.001624587766
2026-04-13 03:00:00,505.0924399402557,7.192778735378533,10.473125082143628,2495.501604001882
2026-04-13 04:00:00,481.45106565965233,45.176429149501324,15.78969456923583,2082.9082474733377
2026-04-13 05:00:00,957.6549708932208,43.07091397862973,38.28651905557285,3298.126044353175
2026-04-13 06:00:00,543.4437181355511,28.652613596683445,18.005108999448172,3072.1365810646366
2026-04-13 07:00:00,115.44795941706775,78.46606012484689,24.57515888488839,3042.6210777603083
2026-04-13 08:00:00,1202.1057964079625,16.168554967319643,29.55344518190264,3345.719064401904
2026-04-13 09:00:00,968.8594965030766,32.36918781153234,16.303624581780337,2259.9296102122653
2026-04-13 10:00:00,857.3802846383741,69.90126350204069,13.935059753355006,1504.0901288020614
2026-04-13 11:00:00,,3.707585981002298,21.911215714753258,2907.4574434445667
2026-04-13 12:00:00,1071.0386127369534,60.89258562192681,10.45476277208272,2099.706416849061
2026-04-13 13:00:00,1567.8336822419537,73.65939764617978,13.50526582443879,1699.7248187873884
2026-04-13 14:00:00,337.0654015487723,83.97183765659688,3.7314532974095878,2314.819420762532
2026-04-13 15:00:00,1067.650987320027,78.99040100374216,14.37469214272424,3244.009774351043
2026-04-13 16:00:00,1575.565365442535,29.42518639819798,15.11098010799705,1659.8497399307196
2026-04-13 17:00:00,1091.2797873758266,53.186408577742775,43.320659316818066,3082.267511982458
2026-04-13 18:00:00,1320.6241028159027,7.8791208903914605,26.948068320498727,2178.2303773917465
2026-04-13 19:00:00,732.4740652807525,23.950430315772763,35.64482671829545,1587.2841594765982
2026-04-13 20:00:00,257.1641789630132,9.385791708528156,2.996599122334188,3081.6028383761786
2026-04-13 21:00:00,878.4305017160215,29.051668823702784,5.687614518768365,3336.202716502
2026-04-13 22:00:00,770.6149644260578,78.89166199782687,36.83962627795406,1911.6685032535245
2026-04-13 23:00:00,1574.0023100442104,31.897848731012044,28.436180174375973,1937.4260406683447
2026-04-14 00:00:00,514.7920139992028,51.00893116712695,9.403209343768928,2120.1465643838596
2026-04-14 01:00:00,1743.4481868096836,39.57089548222973,18.810997857916483,3009.6737653676946
2026-04-14 02:00:00,1728.8348036676434,41.84357066258744,24.701589999191405,1321.8761131529495
2026-04-14 03:00:00,520.9737932214458,87.29191261345369,38.11883248204744,1770.3087586488223
2026-04-14 04:00:00,691.6883243114448,27.357747675483356,3.658127634557744,2782.389603323285
2026-04-14 05:00:00,1622.4447594856044,56.83187778756225,27.255780732163945,2151.8428460196046
2026-04-14 06:00:00,1743.2577755233826,38.38557759257079,32.549580549814095,1993.6208082330677
2026-04-14 07:00:00,853.8464748212749,6.442010113244073,44.02724174806021,3131.794066694237
2026-04-14 08:00:00,645.6949775895263,44.550444014557,36.51504344485611,3226.401232307103
2026-04-14 09:00:00,994.3598225276214,73.38755628501464,13.15400179687203,3290.7710602490106
2026-04-14 10:00:00,1269.2076508217492,9.789014212670265,32.221484530643664,1872.356118574023
2026-04-14 11:00:00,564.9066761374656,7.193674418271498,34.58422693678699,3216.2764800321247
2026-04-14 12:00:00,1352.0043968524237,14.673205315000732,33.108361996409386,2847.627664927307
2026-04-14 13:00:00,187.81750709488978,69.03160991364824,37.08633898988228,1623.8509718260193
2026-04-14 14:00:00,183.80063769950794,65.43558918888168,40.76411895340006,2581.5670594472417
2026-04-14 15:00:00,756.6890987474269,51.28658143264384,5.330914235530971,1355.3031205446816
2026-04-14 16:00:00,700.904426503225,42.672149964244284,5.60960973796923,2787.5941271188167
2026-04-14 17:00:00,636.5764661241589,80.06099750853336,36.04159950590842,2840.4917975669705
2026-04-14 18:00:00,934.733596537147,69.23610632117995,12.104388966944718,2957.6108680494945
2026-04-14 19:00:00,645.2470899296711,73.26286036586066,3.5758225658034295,1662.3026136571134
2026-04-14 20:00:00,426.83846139575627,73.38034482020822,18.654083963146654,2619.324875989815
2026-04-14 21:00:00,626.0982334506216,58.201826772354664,37.07458412034744,1675.5990381380743
2026-04-14 22:00:00,1757.3372637773994,41.76330156411918,6.568861047815137,3287.965175117269
2026-04-14 23:00:00,798.8928088912426,77.95631998012288,30.561046759396568,2717.5224546297522
2026-04-15 00:00:00,856.0117206591708,83.41466016668932,1.1590979179489787,1500.184280808517
2026-04-15 01:00:00,1080.1264829169381,3.1187378499925282,5.828447677347797,1692.767683012228
2026-04-15 02:00:00,1771.6793063041853,5.588383720696366,16.43741521381342,2693.2662060724706
2026-04-15 03:00:00,510.72216994079713,86.32815342485092,4.678500365074218,2301.008041935178
2026-04-15 04:00:00,1258.1795879051374,25.667294632133334,38.21967336723297,2846.2250990428447
2026-04-15 05:00:00,1317.173979020931,78.72988012879827,39.019102138400626,1889.6564777438841
2026-04-15 06:00:00,1132.4515085482121,35.60276558756483,34.245110936379064,2681.6268273788614
2026-04-15 07:00:00,250.58317738229493,11.599905127232649,11.669103781407168,1671.616352863922
2026-04-15 08:00:00,1250.68286890688,8.15944481863075,24.02287131055911,2441.7915530581695
2026-04-15 09:00:00,208.9610087614983,14.929203018160626,9.104295123028342,3311.379142254971
2026-04-15 10:00:00,1113.4425042348248,23.24049434319546,13.376251803216876,2619.2666878110713
2026-04-15 11:00:00,1357.2880012769626,44.47813349984353,23.704232855646808,1404.9865967603246
2026-04-15 12:00:00,,63.433313150354735,33.340607572275104,3376.400489246916
2026-04-15 13:00:00,1530.7574128227159,88.7894733071917,5.1647927373201235,
2026-04-15 14:00:00,151.60146940610724,40.29410015273622,14.05465469563579,2807.9451156639207
2026-04-15 15:00:00,1534.4818682191203,,41.77133933716458,2418.3130820348115
2026-04-15 16:00:00,882.5593860927006,47.44159742310975,19.88142598240308,1918.1574443890381
2026-04-15 17:00:00,469.8994978837956,49.00965763842631,42.31026565200983,1672.352019398189
2026-04-15 18:00:00,327.4228464897456,47.07891848229714,44.62162382829397,1673.174964981103
2026-04-15 19:00:00,1720.6221848900334,1.7809532005106865,24.1730323489023,3102.6393305371366
2026-04-15 20:00:00,223.5314988879664,1.153509167775823,13.673936430533425,3133.116279743189
2026-04-15 21:00:00,438.45881389107365,9.692302313224939,35.794179577193475,2276.8055954118954
2026-04-15 22:00:00,691.2979906361782,10.038537705196916,8.009672363100659,1517.6050721424451
2026-04-15 23:00:00,1154.3992432339048,63.73582489697685,12.090061825571103,3156.7467180782587
2026-04-16 00:00:00,1026.1618449693674,19.23752689392398,35.53471601796842,2322.734620967687
2026-04-16 01:00:00,313.5939371009338,80.62955532324955,20.080420688209315,2221.4010880205187
2026-04-16 02:00:00,592.5375723549648,83.64596333235474,9.867669227457338,2155.4497513190026
2026-04-16 03:00:00,505.87801084624095,87.85450707273499,29.649532777902277,2066.529765104332
2026-04-16 04:00:00,463.0228526335803,84.57823613494479,33.24152190079405,2404.6113475780476
2026-04-16 05:00:00,798.945372015978,25.198060650748694,6.50313453582504,2569.5365758845787
2026-04-16 06:00:00,1296.8534694058167,46.37013917861261,13.187131438897103,2279.5076275032075
2026-04-16 07:00:00,469.6699847693011,16.61549234752775,10.736177236378262,3182.9611432555935
2026-04-16 08:00:00,723.3540954950683,72.75265931034654,17.713603665547893,1967.0885799119442
2026-04-16 09:00:00,764.5596256299758,80.07042175782455,34.59157540534684,2514.4548992522405
2026-04-16 10:00:00,1759.9761000401973,76.76470669747883,32.40315650007027,1929.9032324073692
2026-04-16 11:00:00,1722.932806694417,39.56965843401831,30.151052056882975,2882.035049964322
2026-04-16 12:00:00,1460.233890678529,68.52197573712351,1.276564018218013,1514.454308589295
2026-04-16 13:00:00,510.8201653926148,9.684546092287981,,1696.2678932701983
2026-04-16 14:00:00,215.66343395583846,4.581784585113311,10.82509216049094,2982.5229608465966
2026-04-16 15:00:00,638.7370341250621,68.03804087347972,12.966057225709381,1684.7149499610314
2026-04-16 16:00:00,553.5507340375125,38.85661941525285,7.442767832551601,
2026-04-16 17:00:00,960.0738602488696,89.60388456182166,,3337.5112489988132
2026-04-16 18:00:00,1422.1374471152483,9.655625211142384,4.30794574061714,2398.0702889085283
2026-04-16 19:00:00,1559.1489960940587,77.1508636566358,34.00097637706235,1693.5325373141454
2026-04-16 20:00:00,1536.2689451978645,43.718492832080265,35.659714641028614,1973.451195954539
2026-04-16 21:00:00,711.4484540792153,74.61636739984506,26.267734342439518,3029.2619605539003
2026-04-16 22:00:00,1268.298383883161,73.72432811314289,4.947014589846585,2038.487917551945
2026-04-16 23:00:00,631.8181357911741,82.52328812122488,40.16365946005735,2819.3738539626083
2026-04-17 00:00:00,203.5394234998106,27.508651004463147,43.48797646315704,2932.4351320564215
2026-04-17 01:00:00,,85.53214245811827,9.903996654158732,2352.483979214845
2026-04-17 02:00:00,116.70683936863934,14.498359471828206,32.00415205539167,2944.748107169417
2026-04-17 03:00:00,795.6103986794305,8.295221205820656,38.04529974826937,1965.4963092992502
2026-04-17 04:00:00,659.9447578135288,39.41378104613907,24.753114991878903,2383.9352581044523
2026-04-17 05:00:00,1278.741815482049,74.72074420912399,15.22621637917695,2741.772354341495
2026-04-17 06:00:00,1402.617303692644,,22.056583463535517,1652.953609339199
2026-04-17 07:00:00,616.9608811511825,74.80651430021575,23.53982503451589,1874.6061315025984
2026-04-17 08:00:00,1479.765924556251,65.94212571569317,18.62802994427323,2669.2768671266695
2026-04-17 09:00:00,599.6584928583874,19.639126366365087,41.91306971988307,2676.256251642062
2026-04-17 10:00:00,858.7548119771541,85.45046461605227,33.73085688147009,2335.9355575512554
2026-04-17 11:00:00,1335.9314959240278,6.409524008016904,11.617272259218415,2970.729249242453
2026-04-17 12:00:00,,80.94689397139776,26.764516242074215,2312.315294210449
2026-04-17 13:00:00,1778.52640293074,,31.30232264097137,3150.7767573688398
2026-04-17 14:00:00,482.77374116708415,45.51317940163154,7.166882554893732,2845.397204831085
2026-04-17 15:00:00,1225.94045301729,38.58931667036537,16.770732664726545,1960.8592129370168
2026-04-17 16:00:00,1136.4592440688216,16.29327556560554,40.844124390572304,2130.0334178175663
2026-04-17 17:00:00,1655.667372633051,32.87507110975069,25.955616408148867,2702.142040116676
2026-04-17 18:00:00,365.8156407962876,18.17116483005878,10.547900826653942,3178.3504995293315
2026-04-17 19:00:00,1378.056878097786,19.145896315986622,6.402531117242634,1675.2883386773683
2026-04-17 20:00:00,1066.056647656906,17.64805840634785,23.80198331289462,2380.793431358158
2026-04-17 21:00:00,566.9319786394392,44.52254685084689,25.09817181328234,1549.4472847811912
2026-04-17 22:00:00,906.5393540501959,72.01589170850708,15.714235859602944,1886.8558261722756
2026-04-17 23:00:00,667.4202150186562,51.63833300475045,28.738305250441215,2740.560854515809
2026-04-18 00:00:00,1084.8327847403834,80.49538638102493,4.022126193653104,1463.2427340211395
2026-04-18 01:00:00,1611.3010383849319,57.65245948332845,7.386146503710187,2690.9530219665794
2026-04-18 02:00:00,1067.8184735007435,62.351270291301795,25.036048124495405,3191.7033539851236
2026-04-18 03:00:00,1173.928111155193,60.41704344570328,3.719890529155974,3335.677611138779
2026-04-18 04:00:00,981.8713400950061,41.00186819335296,39.759985659608425,1754.9276221535824
2026-04-18 05:00:00,186.98136095730905,62.35115517580737,7.254440300086738,2872.685708876539
2026-04-18 06:00:00,495.85954668936023,7.203989435737544,30.652474459719606,3245.3779422816124
2026-04-18 07:00:00,936.4029400345407,77.52678100049403,18.21295143543471,1491.8755527838157
2026-04-18 08:00:00,627.3999823659981,70.22528076650865,18.59066089185893,2169.4495778273313
2026-04-18 09:00:00,408.99811619403016,22.825466282619413,34.65513925889033,3230.760510431549
2026-04-18 10:00:00,957.0258312613452,69.35488842861334,22.976333903608214,1725.8537463351431
2026-04-18 11:00:00,648.7766488613455,2.1251915246016457,32.92884040033012,3260.897435954468
2026-04-18 12:00:00,538.7829933948051,20.334944950798356,23.228414065121846,2407.1033492843344
2026-04-18 13:00:00,888.7752096486473,6.797214241709739,27.08783502183159,1509.775473328867
2026-04-18 14:00:00,326.58323873969437,70.44019557899263,34.47144362626522,2244.7423651865815
2026-04-18 15:00:00,1677.1677462281925,68.27279945487646,27.721584688536115,1985.148510480839
2026-04-18 16:00:00,1575.0935664627063,73.41360611836292,28.0870648131067,1892.6287371587973
2026-04-18 17:00:00,1302.95499575891,1.3988707059720662,35.725662022814156,2437.0987088307356
2026-04-18 18:00:00,280.56350690037556,45.609712674378315,42.75981989605242,2315.544650578927
2026-04-18 19:00:00,1418.991332598478,63.73042157904295,17.575510773154818,2312.131035202193
2026-04-18 20:00:00,1473.5274577853322,14.830700457772377,26.393154917941857,1485.0976353165422
2026-04-18 21:00:00,1405.1998501143742,58.831374748623595,4.7960189402760065,2984.868180156987
2026-04-18 22:00:00,293.74200810271,8.48579883856203,16.787370745030145,2311.02256224717
2026-04-18 23:00:00,1194.6435270152,17.138001193283873,19.130165939132983,3023.9022402739356
2026-04-19 00:00:00,1518.3521527739777,43.34591653451949,37.75044194025824,3031.6487472569956
2026-04-19 01:00:00,1081.5007820734352,59.16729858861808,23.589265693529782,1965.9841821808907
2026-04-19 02:00:00,1198.8925378877514,13.982352298896751,33.16692042513214,1309.127237995986
2026-04-19 03:00:00,879.2179150247205,17.48487644395347,1.83632560112954,3213.6159226620484
2026-04-19 04:00:00,998.8024438028895,19.195726668844006,21.437677463645887,2897.4588554811044
2026-04-19 05:00:00,158.44065919793286,22.244371618209083,40.65797726719771,1525.2291093292893
2026-04-19 06:00:00,1186.2371373545839,21.16329251883992,10.869812009454545,2773.6267714065125
2026-04-19 07:00:00,238.46026191497063,36.16827065628967,2.3869761535129688,1342.0488642046494
2026-04-19 08:00:00,839.5248103783797,59.18727892446834,20.069984283392962,1358.294045363467
2026-04-19 09:00:00,597.5136660345934,39.9848286989678,31.995000108494196,2404.228803155469
2026-04-19 10:00:00,1027.227515359912,70.06167787874004,20.996394301024658,1501.6786013963278
2026-04-19 11:00:00,326.80777038945206,65.01489702942672,21.239045794495695,3325.10669721833
2026-04-19 12:00:00,1275.793783354641,12.260895350367736,30.47142181448606,3177.0455759655515
2026-04-19 13:00:00,1451.5196127783997,5.34690447554621,12.193107564454156,2664.605265620558
2026-04-19 14:00:00,377.702564563366,79.13679919596494,34.08315083224701,1433.788838760458
2026-04-19 15:00:00,277.33224849819965,8.104964924095734,7.736995359852271,1982.154041394837
2026-04-19 16:00:00,347.37632073851057,14.202187084054465,18.41302663258346,2080.6182956026923
2026-04-19 17:00:00,1591.116855227453,2.969861524672507,,2309.847655240269
2026-04-19 18:00:00,997.9217449858055,56.921936511580185,37.4482363181287,1654.6960354135497
2026-04-19 19:00:00,894.3436932127544,52.83098012109302,35.827367131262434,2512.7744498741113
2026-04-19 20:00:00,281.4100924740023,88.83442631273775,32.75416636953871,2215.118360609369
2026-04-19 21:00:00,1204.245211486835,79.9369832722283,16.800240875601204,3289.323623125003
2026-04-19 22:00:00,1575.5993062216528,37.56504279580096,6.381389916923849,3266.00998221296
2026-04-19 23:00:00,1507.91597784987,34.07113984121561,10.540705578491586,2487.495306213942
2026-04-20 00:00:00,1164.293005267362,27.41983105091867,39.05268784136534,2653.133605580124
2026-04-20 01:00:00,227.97381830784516,14.56421588337144,38.72258028583702,1589.3725823248592
2026-04-20 02:00:00,291.07494619922204,13.289445437578806,42.8686775117167,1768.9788015643603
2026-04-20 03:00:00,183.82527808670193,12.773250012854882,4.34350068340383,3191.5023488240104
2026-04-20 04:00:00,537.7146680371977,11.156213389623291,24.619599752208067,2768.248438081044
2026-04-20 05:00:00,330.62449417264213,22.405571774092785,,1697.8034142944628
2026-04-20 06:00:00,542.0816684291376,,32.268924590941694,2497.441642753768
2026-04-20 07:00:00,754.5986947222349,86.58052842246352,29.32998234045893,3262.998626027843
2026-04-20 08:00:00,1703.0707329209306,52.48411933916783,34.88050115570041,2024.8593229399976
2026-04-20 09:00:00,1137.6393016288764,88.89602393168201,16.81674935673103,1690.222788590079
2026-04-20 10:00:00,1519.4554356610358,34.14955835648492,8.895041973961215,3278.253081509107
2026-04-20 11:00:00,,41.728770300460255,10.001668374619296,
2026-04-20 12:00:00,291.25532189527394,29.887500665709847,1.527062336687231,2176.2081971918096
2026-04-20 13:00:00,1351.064690835713,17.27700092979319,16.414162372673783,1861.8911195647756
2026-04-20 14:00:00,567.6680986505115,13.741658992204545,5.036738238719,3172.3291193890027
2026-04-20 15:00:00,1186.4833398910007,85.11204860489704,15.145502482768398,3075.7952104681076
2026-04-20 16:00:00,679.6353551930805,88.82615068008926,28.641243395314902,2146.2798388171836
2026-04-20 17:00:00,1796.0428475499207,4.996945189277108,40.35703444582008,1364.2878877838657
2026-04-20 18:00:00,548.0375151445223,14.38078285112722,37.942639843582725,2237.9680040628928
2026-04-20 19:00:00,574.5218003162585,38.693644214791014,12.117665326133384,1679.801834818112
2026-04-20 20:00:00,1682.142834456077,17.583679394652254,6.899658256714066,1599.7415473126505
2026-04-20 21:00:00,141.89548788174852,33.38535503279261,9.495180047056177,2125.4965849803893
2026-04-20 22:00:00,1284.3712793844347,12.48957513750737,43.7234126837587,1508.061568423717
2026-04-20 23:00:00,1333.0548642509928,41.62954634823933,25.176877106161594,3310.675464556496
2026-04-21 00:00:00,1521.8435815976788,25.180820839064076,9.030097812025293,1399.8322817406918
2026-04-21 01:00:00,1756.5468280854082,32.31954996252081,37.992830806219864,2142.876217537327
2026-04-21 02:00:00,1758.523262566309,9.393825980184536,18.388414749752418,1641.6756742665593
2026-04-21 03:00:00,210.97048786298862,39.10339651320261,,2746.503775210388
2026-04-21 04:00:00,1497.1268486799343,88.50992737557972,12.469793580717408,1465.5040433505796
2026-04-21 05:00:00,1198.7268872175482,30.266141172425936,18.30175738738639,2448.2917058381317
2026-04-21 06:00:00,1200.481628434255,79.00220546097673,23.21770156276372,2923.513139924069
2026-04-21 07:00:00,318.1948752449812,76.04472360450798,40.27507469991739,3295.1256536028386
2026-04-21 08:00:00,1205.3181829576106,85.73319922845174,39.225326990622456,2766.9078822357665
2026-04-21 09:00:00,1770.2203870221213,71.3197465917714,26.27162309337063,1508.9326910326254
2026-04-21 10:00:00,1650.0915682170598,59.70411760823453,10.75812243035919,1485.8931543996962
2026-04-21 11:00:00,846.5221233682458,77.23601553624373,18.747706756466506,2836.355901929938
2026-04-21 12:00:00,167.91155458636038,7.732376578504118,43.927854876082236,1752.1917505072843
2026-04-21 13:00:00,715.8989330003482,42.19192849069389,27.742021850605692,2239.2025481298224
2026-04-21 14:00:00,1504.863529720944,89.04380523674024,35.368301225464656,3350.904312837854
2026-04-21 15:00:00,1292.5484724907822,69.49441346523118,20.79404659590247,3021.8042766481385
2026-04-21 16:00:00,880.8842145097259,86.62470864531285,24.40832012053948,3077.8460503304213
2026-04-21 17:00:00,193.67260977001285,70.38745769587963,19.87398093823194,3107.6167999289655
2026-04-21 18:00:00,825.7210372996144,78.86449510235083,31.92852391472659,2601.0452142552717
2026-04-21 19:00:00,897.342397520402,63.881137274984,38.4647246110226,2862.2612401112046
2026-04-21 20:00:00,1678.544405920031,68.68467839313435,23.323995901880796,2053.817920732003
2026-04-21 21:00:00,1189.8463760896711,47.56284287571556,22.158168179993933,3396.7370758029865
2026-04-21 22:00:00,629.8099583129031,83.25715537245783,15.972604552329464,
2026-04-21 23:00:00,993.0410495662263,74.42846304547919,8.792254548939688,2539.0155469373913
2026-04-22 00:00:00,212.2940232976721,76.10576194424127,42.32689980650479,1892.329524474506
2026-04-22 01:00:00,1753.3660006045527,60.89780998571166,14.90750762189822,1535.3492061761535
2026-04-22 02:00:00,712.1018332822342,28.10761529076516,36.23042439726856,2491.9302111717207
2026-04-22 03:00:00,912.3745033523309,4.1710517897224,32.47526893664886,2042.0322088188934
2026-04-22 04:00:00,703.9827562027684,84.27330651744947,35.80037441223768,2524.760461799114
2026-04-22 05:00:00,1260.2699411975402,53.16471104368922,42.21779786837251,2473.224800996485
2026-04-22 06:00:00,1225.794669160308,27.534724432184483,28.42831344971948,2438.7391312014793
2026-04-22 07:00:00,1316.0479278995306,14.273024598430865,40.50981510880996,1558.9323562977117
2026-04-22 08:00:00,555.8434903402654,74.82756172956717,8.378682208140921,2224.3796261357497
2026-04-22 09:00:00,636.6364179789122,75.45029730583452,28.575353342098655,3005.2082727374627
2026-04-22 10:00:00,312.9270928635535,73.4912091636173,34.980126968242956,1961.8013406437353
2026-04-22 11:00:00,1214.3669521383913,58.41235958504397,12.95220975274366,2232.046161113337
2026-04-22 12:00:00,167.65511647060933,33.57536949567695,33.593167256846456,2337.0463396725627
2026-04-22 13:00:00,1116.0599703898804,28.06225534544287,35.25298048111442,3111.735756442664
2026-04-22 14:00:00,,1.7613745405171466,37.57227006472357,2676.7595153746397
2026-04-22 15:00:00,1614.414652092377,75.19107272325338,14.766848154221044,1510.4253231583593
2026-04-22 16:00:00,863.3641926289348,8.781510076934179,30.990689967405604,3116.8590701905446
2026-04-22 17:00:00,880.8162699622254,57.13719482562832,14.387144470029533,3047.338548512389
2026-04-22 18:00:00,230.8476111136295,45.862670268767864,33.517777049932036,2882.6565592582683
2026-04-22 19:00:00,1240.3005432531606,47.875352944445254,21.37084126641134,2278.721838469559
2026-04-22 20:00:00,1496.1410146338374,,27.29195247919768,2890.8453053201943
2026-04-22 21:00:00,515.9135928280122,3.813736003140548,19.29695918294503,2305.35833154979
2026-04-22 22:00:00,816.21149877672,,8.127248784912268,2846.909422087042
2026-04-22 23:00:00,1526.0268725009596,5.632663454690334,8.833299302636002,3148.231346442326
2026-04-23 00:00:00,1591.1047950258896,4.39567092824857,4.413031919533918,3170.1373287742535
2026-04-23 01:00:00,513.4059664491841,39.253775134582995,28.19519790775312,2254.6150057936547
2026-04-23 02:00:00,1035.9700787203192,6.613690516524038,38.34008950993461,
2026-04-23 03:00:00,427.238356080906,71.23381166506917,1.9168203555315615,1513.0604990661975
2026-04-23 04:00:00,273.1938990372461,48.13111533470201,3.914538091887554,1513.8207767222402
2026-04-23 05:00:00,1648.9048523663278,3.584451656719925,21.128547661328053,2451.3605884217077
2026-04-23 06:00:00,1494.8627571945856,4.604561096890837,33.45971239140033,2668.873698758165
2026-04-23 07:00:00,1392.0593330653955,55.52749914681367,7.939136367325858,1621.2869295546457
2026-04-23 08:00:00,182.9027419823387,72.74395177159803,12.95265806016453,2291.578094092585
2026-04-23 09:00:00,1534.3389476074376,39.96415828345485,11.208272856399514,1498.1616024134385
2026-04-23 10:00:00,844.6749290391524,,18.55825362153078,2564.4089196619516
2026-04-23 11:00:00,682.0717096029614,72.18482141044124,10.89994178877313,3095.6974771809805
2026-04-23 12:00:00,1029.00981374314,55.335049489721904,16.514341855969132,2849.041849641
2026-04-23 13:00:00,255.30051263004492,21.003661151634933,33.055874341125545,2094.4122601014697
2026-04-23 14:00:00,1386.299133899078,55.5616303023836,27.884406931984323,3386.9669729379552
2026-04-23 15:00:00,1090.1396307101031,56.91687185680401,4.571995037234487,2692.163450578887
2026-04-23 16:00:00,417.2031646843848,66.33552129842028,29.06080931481158,3012.021712329206
2026-04-23 17:00:00,419.9947396073775,56.25780269255531,21.991395548605393,2706.3645133126383
2026-04-23 18:00:00,413.2227076735462,87.26254961076538,42.120885287114106,3377.774211282966
2026-04-23 19:00:00,196.90405883828777,18.558659475819095,13.729389952578343,3024.8555111573232
2026-04-23 20:00:00,1099.2573639318641,85.64707048146978,32.95132246676304,2390.788757580425
2026-04-23 21:00:00,1528.5919019004639,48.91221464115145,33.157876213961075,2070.4470819589387
2026-04-23 22:00:00,129.74696377856063,60.80409650404717,10.746034364404244,2732.525141212569
2026-04-23 23:00:00,183.30789645116505,9.852082173244897,40.74183949872119,2539.465798494719
2026-04-24 00:00:00,1073.7094703678079,34.87125878265152,22.612060818902535,2621.6362411578452
2026-04-24 01:00:00,1493.142665156289,69.47474403522236,,2020.3247091958897
2026-04-24 02:00:00,655.4561139666771,63.91508034381014,7.4176445908742,2200.3296831981643
2026-04-24 03:00:00,694.3444779731277,4.572405546721506,12.343372347646646,2472.0028072703644
2026-04-24 04:00:00,1113.7890457445192,49.64688945125477,26.788713189237804,3062.4951440358705
2026-04-24 05:00:00,566.1619115110499,8.85675917418844,15.037199808427378,2902.1087273020967
2026-04-24 06:00:00,145.23422233206304,89.63122219685644,22.986488417122832,1549.1773280558598
2026-04-24 07:00:00,1349.8884807727134,80.85939637946322,17.456228772424726,1815.663925040723
2026-04-24 08:00:00,1163.6048520004704,2.8761787781397894,29.18436705233811,1355.9812223593576
2026-04-24 09:00:00,1087.2851983946205,77.41981252233414,22.43439596235559,1316.717192727742
2026-04-24 10:00:00,1360.8630192860994,82.82923444969828,1.2028371828193993,1771.1884854885077
2026-04-24 11:00:00,1247.8924238554637,32.4657918081475,29.585956869596895,2978.573990819592
2026-04-24 12:00:00,449.99937990314595,65.03564729925117,19.573348510207996,3199.9700821662127
2026-04-24 13:00:00,699.2177798036969,40.34723341249232,16.034726981569804,2122.713568387056
2026-04-24 14:00:00,314.3872408536625,59.31569112729462,5.1424571004618365,2482.7170528740253
2026-04-24 15:00:00,320.7569228103978,31.28824898253904,10.696266384925625,2782.7104641062997
2026-04-24 16:00:00,1249.5327688061168,29.707772060360885,10.84598082955755,3301.1670684286255
2026-04-24 17:00:00,1559.620181870247,38.77461610832454,42.156257973808074,3217.157698324607
2026-04-24 18:00:00,1736.6453925639364,13.955530520072603,20.03057088884806,1420.1038371008979
2026-04-24 19:00:00,1168.1900998340554,74.97136783474905,2.8508972774674817,1821.1482707394898
2026-04-24 20:00:00,412.97224971362687,32.03411268718566,7.1079340187061195,
2026-04-24 21:00:00,279.6055872631822,36.61331029762022,4.477437732248131,2594.7390840770076
2026-04-24 22:00:00,1481.8466516124881,,26.910253169117297,2792.035964592542
2026-04-24 23:00:00,1083.8860098119987,45.19951945162225,9.211345628940375,1947.395165948674
2026-04-25 00:00:00,1151.0845357233238,49.4385979322268,22.936536172398142,3093.0890070797504
2026-04-25 01:00:00,1428.4855508830058,86.12833310516177,17.282730766278924,2250.906775864145
2026-04-25 02:00:00,1295.5712871451676,79.91864809990403,36.370560594344774,3396.6011817037265
2026-04-25 03:00:00,1518.5790298553643,16.082537091071117,15.10154403967594,1300.8393544375824
2026-04-25 04:00:00,195.56363928179343,43.11613766271135,21.163681225459566,1529.9283876789689
2026-04-25 05:00:00,1370.7850824690581,87.44536424114055,32.73656413830433,1933.7658101642148
2026-04-25 06:00:00,1546.4496874475622,34.14060054234564,20.06745310494813,1353.5659557027977
2026-04-25 07:00:00,586.4295721791343,34.0700066579418,35.90148358458032,
2026-04-25 08:00:00,1188.76036578853,18.35769062923474,30.114111674413255,1410.8207545297032
2026-04-25 09:00:00,634.0755085228526,11.174757156602144,19.063281013655505,2872.8572299170373
2026-04-25 10:00:00,1728.5508130201717,66.88712637728237,23.175204730199958,1410.3937634580539
2026-04-25 11:00:00,156.82007314035639,69.53271171443497,43.55695205705651,1830.727255771396
2026-04-25 12:00:00,1085.6478345160235,87.24215375176699,30.110905846369263,3066.681312882912
2026-04-25 13:00:00,383.05602998417567,69.8342207705773,40.81978994278229,3297.300117899221
2026-04-25 14:00:00,1310.7743488011697,22.658371968990284,8.865374152726833,2170.505319587076
2026-04-25 15:00:00,399.01348181172557,4.570375467677875,22.262390874786686,3336.871825056358
2026-04-25 16:00:00,500.15154522720786,88.70392720889976,40.981113473182226,2616.4499398929393
2026-04-25 17:00:00,940.4303787777887,31.300111903380913,15.194930703422376,2173.253757109156
2026-04-25 18:00:00,1655.2194149946927,28.76546727648545,43.577224718442515,2985.8828223326254
2026-04-25 19:00:00,459.91443265155044,81.63001366769504,5.271409580840928,1920.1898922944224
2026-04-25 20:00:00,,,40.71753149210162,1858.1721488564585
2026-04-25 21:00:00,1390.260614151852,20.123534472572977,20.589333370897783,2678.750121513256
2026-04-25 22:00:00,951.0532049676826,80.12956560174533,4.244743266211069,2120.0234601329994
2026-04-25 23:00:00,1650.0346910490114,89.40911609987216,39.69895007378785,
2026-04-26 00:00:00,349.2447471717319,8.714391942423934,12.085369346000991,1440.6248941088086
2026-04-26 01:00:00,1198.0774181391669,77.74039491892137,1.979005521789909,2954.4694101218024
2026-04-26 02:00:00,495.8945484580856,35.75589709391107,6.975512645044461,2719.4125367849238
2026-04-26 03:00:00,366.4927287077868,47.64244773909669,30.00104864358951,2164.776271673867
2026-04-26 04:00:00,1261.8300057673598,82.41862184308329,44.023705522080576,3182.078033859219
2026-04-26 05:00:00,1109.2638538448464,87.63074842398544,5.90433414167474,
2026-04-26 06:00:00,1383.206679215963,24.332588026383146,21.325714117489525,2791.6204900773055
2026-04-26 07:00:00,626.0863799585101,19.943718615432328,8.94800824169143,3209.142077935315
2026-04-26 08:00:00,861.5518158497229,8.165973714644554,33.78160750047005,3065.502463287731
2026-04-26 09:00:00,789.3018497617114,51.00000888693028,6.194591589519823,2373.320030313116
2026-04-26 10:00:00,1772.9520887430742,2.210791195109476,11.553036933159142,2729.3364241381387
2026-04-26 11:00:00,596.8232264569594,37.658948487284356,9.64186257655914,2168.698131127475
2026-04-26 12:00:00,601.1893051895037,7.531177482028761,25.310870336147026,2659.1140618176396
2026-04-26 13:00:00,702.7319550086326,37.06509468071072,39.42010004802782,1840.8601205253312
2026-04-26 14:00:00,1059.8099381935467,4.553964844639225,23.487968850882417,2212.958438916062
2026-04-26 15:00:00,528.948665248367,75.33433619418044,3.562711921944735,1740.046048963862
2026-04-26 16:00:00,1655.9928986447655,19.666770460532362,25.789112946260577,1380.188400627051
2026-04-26 17:00:00,551.6654602726479,30.219475221854168,36.09092396999241,2535.933686208282
2026-04-26 18:00:00,1622.886743652331,78.43427169796888,6.814872681390199,3115.301625236675
2026-04-26 19:00:00,275.9076081991939,67.41767945856625,4.199293431162035,1353.7143767087023
2026-04-26 20:00:00,1216.156594079409,20.494414186143203,9.26354221253304,1711.6624555315213
2026-04-26 21:00:00,1641.8753813450144,7.399048260517149,33.827798204151605,2266.388624467882
2026-04-26 22:00:00,386.8740452769902,64.69496614012522,27.03393845940807,2698.383315368732
2026-04-26 23:00:00,1746.1558321687335,35.77252701124173,24.78616477431695,1659.5813067067616
2026-04-27 00:00:00,869.9017127063698,69.18111992152168,11.977115363797807,1419.059140838311
2026-04-27 01:00:00,1707.7156843497417,40.631234741393726,15.618410190861816,2390.0023072264676
2026-04-27 02:00:00,1250.59407417108,31.7942147545326,43.49894056950706,3019.290397420348
2026-04-27 03:00:00,612.6976787850376,41.15728133090329,11.58750997609297,1373.9933095568197
2026-04-27 04:00:00,420.11429235908093,67.62174972469023,40.67239862322389,2033.6758457539545
2026-04-27 05:00:00,616.349578582669,81.29760550209329,26.54338619614041,2693.3809598660036
2026-04-27 06:00:00,258.12959574654747,5.429280496383223,6.425044520334904,1574.5582128151807
2026-04-27 07:00:00,344.5755427836606,47.645927169199005,21.56174463882299,1795.4882314747892
2026-04-27 08:00:00,277.92274858901794,3.9223531884651064,42.736143563878535,2424.5345519511584
2026-04-27 09:00:00,819.0040243606481,42.688449507167924,,3301.7865623648577
2026-04-27 10:00:00,1452.483239637897,79.79017178962414,38.98900885073194,1903.4194983118878
2026-04-27 11:00:00,340.35204216777834,33.18153371140756,12.282862564675138,2323.8075845634917
2026-04-27 12:00:00,,83.98808747617724,26.12057467921641,2139.8548124352783
2026-04-27 13:00:00,1193.8292141794623,,38.12949056088684,3184.533011263168
2026-04-27 14:00:00,435.21106934571264,84.13982559757757,41.5102914114666,1450.9687144653428
2026-04-27 15:00:00,265.9370647852857,68.38782966171425,22.37622815465723,2488.9099418156047
2026-04-27 16:00:00,383.642582949482,10.205729831739843,29.146276494398876,3076.8513682988823
2026-04-27 17:00:00,1670.3433729905194,21.572471713078258,1.1311257544225617,3375.0469118314427
2026-04-27 18:00:00,1496.5011297195244,36.08117045793205,,2767.3235447957954
2026-04-27 19:00:00,701.9097560036599,16.139512499074765,13.263332564865614,2097.8644988997016
2026-04-27 20:00:00,1214.8953044565678,45.04713282512279,5.113692512794955,2164.831140321282
2026-04-27 21:00:00,1013.3686452356648,42.95176585743266,13.306580587706973,
2026-04-27 22:00:00,1251.1112479203587,86.10706862443693,15.129369454558121,2567.587509594602
2026-04-27 23:00:00,1260.5409591866908,39.60178157774202,43.6257057410005,2852.752118508327
2026-04-28 00:00:00,1168.847825601988,70.9207855816318,30.418504744676856,3020.8818835367547
2026-04-28 01:00:00,552.3723265134246,84.8300384917817,19.744223494319147,2174.845530334661
2026-04-28 02:00:00,166.31091529679082,79.05200595668471,44.47439627060241,2805.0878547439825
2026-04-28 03:00:00,874.463529383185,19.57141858153167,7.742222090322892,3224.0674432625306
2026-04-28 04:00:00,1614.6556039741965,45.14666058856544,21.946252532941322,3233.7320683464814
2026-04-28 05:00:00,1068.145339481579,31.94884062433739,29.470737110158172,2778.460905700749
2026-04-28 06:00:00,1515.0647708932433,36.58742386721218,3.445547917299389,2637.4946049063255
2026-04-28 07:00:00,1785.7613830340879,33.11180753587186,32.54794975565723,2416.204758602514
2026-04-28 08:00:00,378.14754703506964,74.54596970557537,5.394163528567555,1684.71510318247
2026-04-28 09:00:00,1276.0219865413699,41.24037590589782,7.172421578385785,1559.6222704713787
2026-04-28 10:00:00,1246.2990752900419,,8.0263385483317,2319.993114257699
2026-04-28 11:00:00,1765.9242605090733,88.43781477718964,41.87115237284278,1634.8327280356646
2026-04-28 12:00:00,1775.5212477197606,6.3381552250449635,,2511.6998439056056
2026-04-28 13:00:00,1267.35363993102,44.42822994137664,29.83881004853658,2655.9757336325583
2026-04-28 14:00:00,514.1451463697302,69.89149191820434,25.441713844459652,2403.7927547920854
2026-04-28 15:00:00,1457.5449248220184,14.453414278752161,13.883463942584523,1376.4960962764887
2026-04-28 16:00:00,281.9495281587648,55.42631192071488,28.319147002371462,1421.2287134848975
2026-04-28 17:00:00,1427.1888170917687,22.31236537856754,19.046587675100152,1538.0164878311195
2026-04-28 18:00:00,1647.333411045984,78.19896607698651,7.398310604075055,1622.656190475512
2026-04-28 19:00:00,750.81677110634,30.111870220607056,31.342280774420257,3378.7534889155995
2026-04-28 20:00:00,1172.0800014712368,30.28659070418095,6.7016153889166,
2026-04-28 21:00:00,831.2426445646047,54.23925518809252,9.389417564931623,1913.144084646701
2026-04-28 22:00:00,844.2005934798184,17.337098822671877,36.97876972129466,1409.759934894881
2026-04-28 23:00:00,627.6305114838041,26.355088862372433,30.045152229506776,2634.1728204397527
2026-04-29 00:00:00,1395.6203547655518,38.080234660627625,28.763610785400264,2669.6006487756895
2026-04-29 01:00:00,1691.5001590830589,32.47376981946982,19.40092251107986,1668.4422481151958
2026-04-29 02:00:00,1699.2764606985838,47.71407240249683,,3230.4072359416878
2026-04-29 03:00:00,397.1281842873875,54.367972822138,,2981.0364478497672
2026-04-29 04:00:00,1587.0642044161623,51.43340338376465,33.56024369879801,1783.670565295767
2026-04-29 05:00:00,1353.6334504261076,59.220979767281975,23.449380904029663,2320.2844349247284
2026-04-29 06:00:00,,28.389706978096,43.64784675133515,2262.620798017585
2026-04-29 07:00:00,214.38384196657472,12.251934216797496,43.050780592430364,2031.8929331188738
2026-04-29 08:00:00,,68.71187118736586,19.14689756056138,
2026-04-29 09:00:00,1650.7540025285937,76.7194540541307,37.10737918845876,1529.455419804417
2026-04-29 10:00:00,1176.403747322813,23.87355466779647,24.903785030330276,2172.1599036383645
2026-04-29 11:00:00,1325.792923526382,37.23118409806376,23.517259052515676,2198.865374153356
2026-04-29 12:00:00,537.158996885463,,3.418418700660681,2284.3237696897772
2026-04-29 13:00:00,1322.9598644771945,48.46608900501134,26.25488726060565,3108.83498130712
2026-04-29 14:00:00,147.8065606724704,59.694625226801016,40.625428944779244,1758.1504274231527
2026-04-29 15:00:00,738.0462878141235,4.7026877686235995,35.32588936458405,1516.1386643757728
2026-04-29 16:00:00,1165.4806925219632,65.21146036332752,35.59795436676753,2597.3977719243267
2026-04-29 17:00:00,348.3641614202444,6.515419621167514,8.036877697358925,1665.0523974538992
2026-04-29 18:00:00,1499.106076559789,42.67768252288524,16.7717756738768,1457.3573802947014
2026-04-29 19:00:00,499.5532079802617,74.66273106565828,11.261016332610374,2195.9633631992124
2026-04-29 20:00:00,1208.8778917913587,41.158162881777265,14.90027242804798,1761.257504802096
2026-04-29 21:00:00,788.8351423780605,14.268987640374052,26.499731113723918,2058.5548996227653
2026-04-29 22:00:00,1113.2741123120002,88.66801220553042,17.05048778829091,1845.3932682151608
2026-04-29 23:00:00,282.66593946914384,80.14640612460943,,1494.536571719173
2026-04-30 00:00:00,128.75175986673244,69.64691335702625,20.29405492408139,2476.7291261408236
2026-04-30 01:00:00,1646.259526546512,37.62453265802973,13.611084571788016,1356.73867788292
2026-04-30 02:00:00,558.3710149042108,17.362269693147503,5.197751105026979,3329.3882307882386
2026-04-30 03:00:00,1493.4509047267804,84.7855951462466,40.24089212317043,2016.794095643429
2026-04-30 04:00:00,1798.8955108027403,48.37925026002537,1.5004281042045413,2759.830772028588
2026-04-30 05:00:00,459.43313859814896,76.85963597448618,1.0727094782467312,3001.762032349645
2026-04-30 06:00:00,550.7902600117045,31.44645551258889,37.379100549596025,1886.1200706330658
2026-04-30 07:00:00,1226.8616389789318,30.840660220072884,44.85968137433476,2872.3512891311434
2026-04-30 08:00:00,1741.2626788210562,88.71310277998948,,3048.0837963918902
2026-04-30 09:00:00,1656.8843919242647,47.44314131604163,1.6720488747669284,1806.7661910043885
2026-04-30 10:00:00,954.8883841114944,13.52189272360642,10.974369973414587,3384.238821481753
2026-04-30 11:00:00,1451.687480295432,20.55104634152896,43.760198811526294,1343.4462339683876
2026-04-30 12:00:00,330.7679502698318,43.89304086595215,36.57858709564873,1755.7010084946362
2026-04-30 13:00:00,1761.644913146821,4.7799110334686095,25.939193127407286,2938.0435881816848
2026-04-30 14:00:00,1739.400497861177,42.16552469866874,11.421871215375795,1707.675152617081
2026-04-30 15:00:00,378.33922839459063,38.28573494513136,1.6322890607769551,2766.3457129430335
2026-04-30 16:00:00,609.0193121652812,70.36092761343434,1.9179047960459963,3096.6138504640976
2026-04-30 17:00:00,270.2634957615038,32.58983483954252,27.92715799532997,3314.349972531946
2026-04-30 18:00:00,561.9199181269055,88.44683977702434,1.9606025595066172,2295.919782340566
2026-04-30 19:00:00,1487.1248420058512,17.08852281778038,44.7197262447164,3339.3291582624465
2026-04-30 20:00:00,743.1365321809411,53.59781496216401,9.068888673724476,2164.406823031525
2026-04-30 21:00:00,250.27484414948924,8.983237433734661,32.2711239222482,1758.06888331621
2026-04-30 22:00:00,681.7833921241378,66.3138945754644,7.8226277421461905,2379.2358914779234
2026-04-30 23:00:00,1768.3516682101763,89.53307823751547,24.76411052829944,2664.6288130541343
2026-05-01 00:00:00,1170.462111940645,73.90333875989526,4.546896692513573,2261.722963704882
2026-05-01 01:00:00,807.4736088904682,50.45761512410681,34.7382506794627,2490.642132330262
2026-05-01 02:00:00,383.115472945359,44.14198080857259,26.736528167892505,2174.459294227096
2026-05-01 03:00:00,1776.5005553822812,75.31766655274937,4.791334509662262,2402.0001034446245
2026-05-01 04:00:00,1495.4433157473188,84.30169353925446,38.33779232480024,3300.4509110877793
2026-05-01 05:00:00,578.511414166563,89.03938079603027,25.068819050174888,2349.6454203262974
2026-05-01 06:00:00,219.11678272602208,36.29199125323909,41.550061640585994,1831.6772288994466
2026-05-01 07:00:00,196.26344754184868,,41.331428441836955,2893.3679051763984
2026-05-01 08:00:00,304.64285415940753,,41.50234273740963,2008.9273613412536
2026-05-01 09:00:00,1087.3065921445168,23.56593005793992,4.422548808820591,3014.0350587249204
2026-05-01 10:00:00,1678.897816049337,8.922435101316761,6.322141517199031,1419.3681768661588
2026-05-01 11:00:00,944.4638276101737,25.184727967118867,44.45905562751271,1997.5737519282518
2026-05-01 12:00:00,1533.0073201755351,69.346442094003,22.454436141543063,1498.155807347343
2026-05-01 13:00:00,858.0072537616733,76.91026787788202,11.481418324482497,1479.167430916246
2026-05-01 14:00:00,1304.592027805303,70.32144541412889,34.86523749394095,2682.618074262118
2026-05-01 15:00:00,1344.1836533870514,57.16485425692497,12.628549733349207,
2026-05-01 16:00:00,395.7383000356757,46.743019614515454,32.99749027282026,3130.1057781687364
2026-05-01 17:00:00,714.06730025888,64.07468174001454,37.84057422538949,2384.4507895344113
2026-05-01 18:00:00,1183.4136661146406,35.784185884782744,35.50758860099235,1920.2207644617938
2026-05-01 19:00:00,220.18423391342253,75.87644328347346,13.058103560709156,2813.866664720609
2026-05-01 20:00:00,714.6183191970263,61.269918363933904,18.671217259486433,2610.435262329969
2026-05-01 21:00:00,1009.1590926780272,63.10461816600236,19.18304414226416,2979.148703741327
2026-05-01 22:00:00,1793.5816381758857,48.69830338848734,22.61600839659676,2651.5353803179587
2026-05-01 23:00:00,906.7070564581493,79.78537959479436,8.364405467765986,1650.7281759077325
2026-05-02 00:00:00,1487.2964870943501,23.42931129743567,20.908682218231064,2707.6510791008386
2026-05-02 01:00:00,834.5143846132502,34.922141149133516,23.474451582681105,2122.2533149932015
2026-05-02 02:00:00,1453.8642284535051,70.21018870131432,24.395195849566306,2272.600363540893
2026-05-02 03:00:00,1112.2051627541841,44.85465175551106,37.07561891931616,3235.285609048424
2026-05-02 04:00:00,1607.2122505540772,80.14004719475298,23.76271793309779,2055.9244972252686
2026-05-02 05:00:00,798.6023389951869,31.829539458893855,11.15449259060171,2585.1142002807615
2026-05-02 06:00:00,1127.317513696514,33.87038502494838,30.177664482744234,2063.311640165703
2026-05-02 07:00:00,1171.0317570520065,80.09748525540965,36.08182233981151,1498.9277192513628
2026-05-02 08:00:00,809.5510010608047,42.32895849620165,15.052353323283517,2252.403218301431
2026-05-02 09:00:00,345.3304742687186,46.93508799402132,29.39346087677463,2553.829159365269
2026-05-02 10:00:00,,30.615970664875466,7.465271821624556,2155.756913278957
2026-05-02 11:00:00,128.34163601937627,25.623624853938292,16.04475740143482,2120.3989878241873
2026-05-02 12:00:00,1585.008249216865,59.37943526461689,41.0058529001839,3022.7948791782337
2026-05-02 13:00:00,,11.665818877167144,41.097559179153116,1362.3388618078875
2026-05-02 14:00:00,459.56147377900567,79.25526506527892,26.3142814646948,1920.729333154252
2026-05-02 15:00:00,1351.2601807243113,70.3490791720946,31.903464278064696,3004.6902572921445
2026-05-02 16:00:00,644.027392248566,17.97659546981645,38.57667826906142,3233.113312083444
2026-05-02 17:00:00,960.2759771001222,62.76777517838632,43.176340153755575,2165.8291302657394
2026-05-02 18:00:00,376.2688110056757,54.6343299944215,,3166.4679107117604
2026-05-02 19:00:00,1731.5677264853477,,25.70933241154551,1717.7532564625685
2026-05-02 20:00:00,1547.6883800293035,25.31511203847069,19.28822893250453,1764.9968425063626
2026-05-02 21:00:00,1568.4423590405056,37.39979883231126,4.167205230482865,
2026-05-02 22:00:00,791.5153725724089,63.23260343684717,19.603352787748012,3196.841256815298
2026-05-02 23:00:00,1396.0140633021938,57.84638338471353,35.78760293285539,1767.8921127216017
2026-05-03 00:00:00,344.58946416262626,48.368901443226115,36.41496191162726,1424.5807989340833
2026-05-03 01:00:00,114.65230440602647,69.38853833714904,40.26459304210519,1489.6806878161042
2026-05-03 02:00:00,133.9539853826478,68.45645882494877,3.2645350277426393,1848.8997542903628
2026-05-03 03:00:00,1097.2229535877527,55.989464711540776,24.19480194154789,2899.0430620082693
2026-05-03 04:00:00,,71.04211742124944,5.726677469231356,2370.9828383721942
2026-05-03 05:00:00,980.6260931444835,30.74944035534962,9.832656059292706,2256.7365687098163
2026-05-03 06:00:00,112.68733870927299,79.43120802071189,40.609526104746685,2526.693855448602
2026-05-03 07:00:00,818.5672534176238,55.72699763637272,22.85881537090662,3169.468538270591
2026-05-03 08:00:00,1320.7158740414634,74.19035272930633,34.375976519451,1489.903797087881
2026-05-03 09:00:00,852.579293344641,49.618840326335274,3.8329006608619562,2758.9206680368206
2026-05-03 10:00:00,1344.7726507307777,20.44100380399255,19.340366172693486,3246.2607758763506
2026-05-03 11:00:00,496.13223947461915,49.27450145236947,30.66657234923086,1748.03508769264
2026-05-03 12:00:00,1482.3414076189333,34.02893807611634,6.869885176241386,3059.3218635198523
2026-05-03 13:00:00,1100.3331087708689,63.07741420730141,15.335986680650059,2765.8518925949547
2026-05-03 14:00:00,458.2972690308406,43.34564746439148,3.8401034210508627,1330.3839257536038
2026-05-03 15:00:00,502.424808951516,75.4140396385642,29.65895739825846,1786.3845287604693
2026-05-03 16:00:00,1167.651789768213,61.348453596650586,43.71921539855722,2572.2739978813497
2026-05-03 17:00:00,1510.8973084611537,61.92445453978783,37.39000161028451,2355.0407129315445
2026-05-03 18:00:00,806.5672294495638,20.32682468070478,43.88341713953289,2408.6661303064184
2026-05-03 19:00:00,539.1107295169068,88.59822921772485,38.206610984329444,1787.0538916743276
2026-05-03 20:00:00,1573.9197317480207,75.9090936251625,38.628615472667065,2717.507288488116
2026-05-03 21:00:00,1237.7560959764194,71.22143472590182,26.395796596339075,1859.4785789672314
2026-05-03 22:00:00,861.74532838123,30.389155039242443,23.803101702181237,
2026-05-03 23:00:00,929.4303319748132,48.67121710340364,18.875187722824414,2074.72342334816
2026-05-04 00:00:00,447.2359954918739,13.202183738615249,36.99617538201872,2711.2525464517867
2026-05-04 01:00:00,1165.5644711102348,48.92436192298083,9.010974940233082,1489.5307995347566
2026-05-04 02:00:00,709.8622679229106,,3.473896296264501,1731.637992184389
2026-05-04 03:00:00,1792.5968003463938,50.22036811507451,42.7073281981257,1721.0438484386425
2026-05-04 04:00:00,916.3119759452094,58.7362473337866,1.1662401489529906,1527.6918156429913
2026-05-04 05:00:00,926.0055305223424,35.72744108524131,43.98049016253748,1735.949455556564
2026-05-04 06:00:00,1061.9480385981421,45.3704941714851,33.069548274445694,2574.826562639044
2026-05-04 07:00:00,1658.4852053018694,78.93315150303815,15.453952466704415,2837.5531588357953
2026-05-04 08:00:00,1461.3907697615755,10.662119878550033,31.704073095797654,2686.6372386351577
2026-05-04 09:00:00,866.9211186563305,71.4642274769691,36.98650691614561,2297.895089759853
2026-05-04 10:00:00,1321.7887521537532,16.197155038661478,11.79593046340318,
2026-05-04 11:00:00,1096.600347927295,4.267010469611927,34.9194100643016,3313.9147224422277
2026-05-04 12:00:00,937.0239827921232,17.516139644309252,36.39226350036257,1652.960567758733
2026-05-04 13:00:00,426.93681373339587,69.08884390737359,11.971603725515198,2703.684877851909
2026-05-04 14:00:00,888.6916478733145,37.05622052698054,2.8447595926312754,3217.0702925124333
2026-05-04 15:00:00,517.8915979383769,78.65432599931019,9.981380520556296,2765.331901560076
2026-05-04 16:00:00,1655.2316547478129,47.69897116522166,9.828441991133356,1757.9042443967955
2026-05-04 17:00:00,670.1915829437897,2.980281321443455,3.87057998372126,1963.1722274044482
2026-05-04 18:00:00,1718.8488247067328,64.78751125457148,32.94432492482862,1363.4323207232999
2026-05-04 19:00:00,1006.1939931610091,10.81072887618971,17.718896676169962,2586.7923057684384
2026-05-04 20:00:00,1173.6254437494724,71.25478737811127,39.91299136796977,2587.28525985129
2026-05-04 21:00:00,1022.9987556318572,,12.095528649268182,2823.5512208903965
2026-05-04 22:00:00,319.9470488433915,31.7447283366907,20.942215264396804,1323.0922074788048
2026-05-04 23:00:00,738.8960723134996,68.75315723665707,29.116766872777564,3017.4667065313797
2026-05-05 00:00:00,268.5483908719607,85.92659081540152,39.60845778555823,2851.2930105406467
2026-05-05 01:00:00,1159.021875111749,34.05762160755918,24.083328471252493,1595.8618800005866
2026-05-05 02:00:00,859.6861318407462,74.81661959770528,17.435083623744845,2030.015879464855
2026-05-05 03:00:00,1422.5744516705927,17.980511627349646,39.14866345276839,2640.902275098855
2026-05-05 04:00:00,474.79981769892873,72.8389995480217,14.650842686254864,2341.1734373746885
2026-05-05 05:00:00,379.76229932986934,59.51697127380634,,1541.6979541926512
2026-05-05 06:00:00,,18.15417214190079,20.58185273045056,1483.425287786839
2026-05-05 07:00:00,1675.195151471248,27.922852471275633,35.54410548591164,2941.058228126992
2026-05-05 08:00:00,1307.7170855211,12.727609085136205,2.3543565971550158,1627.5309478374006
2026-05-05 09:00:00,812.1701621479617,35.08406398472388,26.77881877954205,1661.3946152539315
2026-05-05 10:00:00,979.3626885823279,19.12472905997169,27.15641813519839,3044.9385632491912
2026-05-05 11:00:00,243.16211900106717,58.315817873112145,41.85583759080479,2585.493232582756
2026-05-05 12:00:00,1773.7790238393923,89.51095427562973,13.60445195438096,2569.9027771233423
2026-05-05 13:00:00,1232.892417981362,2.0688155144995086,13.268810981270633,2306.626119863014
2026-05-05 14:00:00,585.1869163878182,49.14186338256958,20.38128065894584,2494.889530244811
2026-05-05 15:00:00,1095.8742701659153,52.05632718186187,16.70425566474667,2563.7163497808033
2026-05-05 16:00:00,286.1200223172898,82.36458228159226,33.399217958330375,3332.435093171519
2026-05-05 17:00:00,1741.922336972892,46.03447479425744,29.23709139378818,1768.2439456819166
2026-05-05 18:00:00,397.1344794017221,49.389426348397656,34.39252566787572,1750.581081370964
2026-05-05 19:00:00,1201.651540693864,42.977099318226585,37.08183881274232,1420.158824181163
2026-05-05 20:00:00,,24.932483105971844,41.6111698403025,2682.217477499577
2026-05-05 21:00:00,1319.8543505025107,5.986592859153317,19.961216198524497,2452.98857972675
2026-05-05 22:00:00,1420.5963243084777,37.37053371667542,44.326685136748175,1533.6023280779434
2026-05-05 23:00:00,1244.8135391494354,5.680640940420389,10.48907578976072,2065.531763748193
2026-05-06 00:00:00,1144.6490824338273,49.99382978246668,32.43206712568246,1675.192731195528
2026-05-06 01:00:00,1617.1974597184199,28.349134248564088,24.496409961516328,1996.1116548418092
2026-05-06 02:00:00,233.66540868258866,48.49061373576308,36.94362616613487,3297.6547557286813
2026-05-06 03:00:00,662.5551018263318,12.952429831171614,21.977902906682743,2734.969561649111
2026-05-06 04:00:00,522.0887153724382,84.00406695080301,35.49329995594697,1315.895111669798
2026-05-06 05:00:00,1779.6237355112166,80.61239067594421,41.92742344449783,1830.2669549466596
2026-05-06 06:00:00,761.9626254336849,17.90968931900332,33.22094771016384,1321.7592488633359
2026-05-06 07:00:00,1345.441588708678,31.56654121316688,35.14814859360627,2801.2238474142296
2026-05-06 08:00:00,1264.0327785977079,55.600856694826184,3.9557189756976694,2285.7857843165048
2026-05-06 09:00:00,460.53810371154213,9.516072450225657,10.018137138220347,
2026-05-06 10:00:00,506.29605635963725,32.55653607933742,43.86936458215812,2840.5248481475824
2026-05-06 11:00:00,578.183758040158,23.348993526891544,31.500228166645353,2387.617179686552
2026-05-06 12:00:00,798.9163730409447,82.480988855786,25.703756761684204,2989.8813992370838
2026-05-06 13:00:00,498.35261160589556,76.87344662973926,17.1469604294438,2780.0876675915597
2026-05-06 14:00:00,133.40752066964126,52.60511397275088,2.953116053104388,1811.9299730355729
2026-05-06 15:00:00,1594.9681965722323,47.3108239815701,17.24197995042194,2413.5423771377846
2026-05-06 16:00:00,1741.5367133475029,83.83459571454034,22.95216642474134,2467.5973221515487
2026-05-06 17:00:00,680.6696579536655,83.98607268511456,10.304218413023015,2247.586567076387
2026-05-06 18:00:00,675.4616950233038,87.27038115629777,8.61801881604863,1676.30450799626
2026-05-06 19:00:00,112.05608171643068,12.158720685628701,23.37032825973074,1769.0750084815627
2026-05-06 20:00:00,1256.4261701616358,15.289645157922148,26.779786367611933,
2026-05-06 21:00:00,1503.2478227726688,61.229566182509906,11.556388429599092,1321.5358136941438
2026-05-06 22:00:00,349.23411061200534,49.187668418276196,26.845136876073372,3225.5821735559693
2026-05-06 23:00:00,371.4327939241563,2.6434655354980006,40.61495841046898,2740.8015823253054
2026-05-07 00:00:00,1443.1415249514441,6.5157782030672236,,2748.1963631473886
2026-05-07 01:00:00,1147.694272202046,80.03915402103365,38.72516746183598,2501.894288999155
2026-05-07 02:00:00,176.26294796711892,78.32950080300537,41.79994355946601,2747.552697138224
2026-05-07 03:00:00,1158.3298837858788,32.79711205764802,5.065337273231771,3361.9113547346365
2026-05-07 04:00:00,625.1601288344023,80.30350490681758,,2108.836709032436
2026-05-07 05:00:00,726.8327643004382,53.83708162141326,21.94594404705446,2796.303732440784
2026-05-07 06:00:00,1408.5434111046964,72.72560258468226,26.876507549978918,2055.0109091928093
2026-05-07 07:00:00,1478.589827543438,39.04136533325907,19.738872436461286,3094.0064773683343
2026-05-07 08:00:00,780.6062656277121,11.092451133696878,15.363833898370133,3101.8600744690734
2026-05-07 09:00:00,1710.1599912108031,39.601708575495444,29.203741109550858,3194.759493389319
2026-05-07 10:00:00,790.9866205185228,,1.0915865433964917,1311.4729809079445
2026-05-07 11:00:00,1412.1212598911868,50.03403325181367,43.59522435800467,1926.2020344917992
2026-05-07 12:00:00,922.5913497592404,10.396861448494093,11.211479880272975,1581.2411375233519
2026-05-07 13:00:00,1625.8049550875428,89.23476581141541,41.35234581765231,2253.3710155693293
2026-05-07 14:00:00,1643.1941142053038,22.728177051814665,5.796648759518264,2340.4442496265256
2026-05-07 15:00:00,248.60857338084256,18.67116391480127,11.475836009961194,1837.3984899422767
2026-05-07 16:00:00,1692.0386632273837,47.88545977817835,11.334442847850017,2819.237633294648
2026-05-07 17:00:00,1503.4092305847066,48.811527966145086,44.83072778482843,1866.5164060968357
2026-05-07 18:00:00,1445.2282143315338,40.14404566715874,1.2024240119389145,3093.171888095053
2026-05-07 19:00:00,441.5492774653882,69.69840102294765,29.144081209353814,1673.0846730977523
2026-05-07 20:00:00,1468.7026548829303,46.98224166484564,39.266209566677524,2071.1941190070957
2026-05-07 21:00:00,1545.2256489645627,55.262895507903586,30.580040777088414,2606.6992926910407
2026-05-07 22:00:00,591.5555685720566,65.41342830129291,16.960288001545543,2571.203647972832
2026-05-07 23:00:00,1718.8421332159503,3.2272340391841285,43.165611958929134,1463.8611352108014
2026-05-08 00:00:00,184.76224887857921,51.78733224650899,40.314913201917804,3077.143085600991
2026-05-08 01:00:00,354.8457305201374,79.69330793932487,20.09401649097878,2555.936360202528
2026-05-08 02:00:00,1013.8879346875743,2.547598120363618,26.226453674891193,3126.7050522850536
2026-05-08 03:00:00,1078.8472009079264,37.06120723828554,43.570844263430594,3122.034714278524
2026-05-08 04:00:00,1196.7551416115357,83.43424306831886,44.232655924764686,2446.429249787565
2026-05-08 05:00:00,128.84751983629297,32.430741803145864,20.792224131589897,3212.64106035402
2026-05-08 06:00:00,1732.6235168576216,41.82686535382144,38.283401238295895,3081.6563775082577
2026-05-08 07:00:00,175.7997576480448,88.35718398094383,,3312.0581835797193
2026-05-08 08:00:00,343.20531962978407,,17.359766408949245,3086.0466369747533
2026-05-08 09:00:00,123.82467979429687,6.807711832125529,8.252162851569956,3024.528087102414
2026-05-08 10:00:00,1063.659336599961,77.4886105866561,10.204122082176132,2285.657009421514
2026-05-08 11:00:00,1684.8537026656527,78.29341536790079,29.902425299411792,1745.2652267936483
2026-05-08 12:00:00,1232.1101823367892,,23.474391192311558,3212.4883394585204
2026-05-08 13:00:00,1498.5176964167265,46.76443852847848,11.169801867526527,2817.3532915367587
2026-05-08 14:00:00,122.57804587958614,75.3867668959874,18.728023119912713,1891.6705148168926
2026-05-08 15:00:00,1021.4260074155343,66.73179533230577,17.420072234001996,2016.091017786849
2026-05-08 16:00:00,881.2570617593872,24.59826119731395,44.4438489995547,2740.7648749001632
2026-05-08 17:00:00,948.2455051753482,2.5035086013651426,38.55689683730069,2303.4163475427085
2026-05-08 18:00:00,222.7624150698195,43.69331446548557,18.070518668888266,1471.1133798773733
2026-05-08 19:00:00,1263.5401138178227,77.44319702251208,41.212329471425456,1597.0406860658798
2026-05-08 20:00:00,955.4747052596786,80.72928622542443,16.075957231639528,2865.8622353758537
2026-05-08 21:00:00,1400.7530447641489,86.1041315397777,30.387666560333816,1989.996009811845
2026-05-08 22:00:00,924.9940779049161,79.28112814753753,43.53259985401295,2366.063799644282
2026-05-08 23:00:00,,52.62387642153075,18.1722700154963,2909.9051043324043
2026-05-09 00:00:00,1202.0368219322975,40.569898332012976,30.914938464617087,2877.4687467827102
2026-05-09 01:00:00,393.05681557878256,69.96163634153481,14.020647686755861,1650.7315564632752
2026-05-09 02:00:00,1583.0707577031853,,12.717741886310884,1506.627115237974
2026-05-09 03:00:00,1142.2976064177105,48.89476527724944,26.262893322988287,2541.419815226689
2026-05-09 04:00:00,367.2466020468222,8.772136157703752,44.0876423134616,2857.429035255603
2026-05-09 05:00:00,1735.9746977180516,83.42123986403577,20.937889343687477,1612.9838361903617
2026-05-09 06:00:00,981.2212876700451,41.54862583764793,42.25602669392955,2081.106103387277
2026-05-09 07:00:00,223.9273681818135,33.33670659054752,41.23199489076951,3127.5837915320453
2026-05-09 08:00:00,1165.6159375056143,57.03149817002068,12.16555494317977,3282.8685972766743
2026-05-09 09:00:00,530.4381419217774,60.97157854386094,18.680053911710406,2253.546497994337
2026-05-09 10:00:00,1466.2788681914142,19.751224615696827,29.305309053744057,1466.9834614647493
2026-05-09 11:00:00,1490.297525062524,75.4875571880861,23.794018914101233,1841.1625580249924
2026-05-09 12:00:00,1764.2105049529252,26.804401335951628,5.222175313979671,1789.2368326626192
2026-05-09 13:00:00,953.1782027416563,17.614869406374186,44.72271332559497,1801.8238131362195
2026-05-09 14:00:00,873.4266955371531,37.16958690405027,34.11677605329632,2337.1515812964253
2026-05-09 15:00:00,1380.908529259017,66.0198471998744,20.25853768188732,
2026-05-09 16:00:00,325.20011578127514,86.92577788114251,28.199416185316817,
2026-05-09 17:00:00,1029.756373448311,73.02603252905756,4.853203959714126,3167.6476137095024
2026-05-09 18:00:00,1028.6209202224466,84.69100561264706,22.793272762342838,2601.945028890341
2026-05-09 19:00:00,252.10430877765828,13.513916562810884,41.956626295969464,2554.2286335628114
2026-05-09 20:00:00,810.5729453617531,7.334735098867234,40.450442154419044,3373.2858966069966
2026-05-09 21:00:00,1550.5841575642432,50.63572380969374,15.844757201258407,2619.1023527355633
2026-05-09 22:00:00,1555.4611573909224,26.83647599091906,24.380186008138907,3250.8142135324883
2026-05-09 23:00:00,268.7040303634577,74.6968925942653,31.68487505985646,1901.1396419555626
2026-05-10 00:00:00,254.22550067131246,60.80692055480702,15.960407743947835,1804.2719297276449
2026-05-10 01:00:00,546.58231090329,87.3948065947357,3.8546855961332933,2384.6892423313516
2026-05-10 02:00:00,1587.102306341789,23.676519660086075,23.23943289558341,2368.0787900369987
2026-05-10 03:00:00,319.1343946249482,44.23478617761568,27.4719723762268,1775.6156639161834
2026-05-10 04:00:00,1323.9945644666586,45.610402490856444,1.257030405346451,2769.2768794898902
2026-05-10 05:00:00,271.98155334227545,22.286734742306482,5.205316435695348,1362.231020397056
2026-05-10 06:00:00,1159.3343513713032,53.51831255443269,,2750.3239923538504
2026-05-10 07:00:00,705.3144085025461,40.45245276105232,16.314300627601103,2260.0735608589303
2026-05-10 08:00:00,1441.153737041974,40.75821848309875,24.806253804545538,2746.915772774666
2026-05-10 09:00:00,497.2737630031181,33.28356166955104,13.929088425425272,2301.86932434719
2026-05-10 10:00:00,1186.6431099629317,2.5067123658726205,13.152087833886165,3352.4009440578593
2026-05-10 11:00:00,500.6603087790044,47.46647608541622,39.2513711277756,2002.8383973165473
2026-05-10 12:00:00,1313.2224812906613,30.83705737732947,7.382228195262756,3363.403167705015
2026-05-10 13:00:00,1585.252658753273,1.117468339605341,22.800245859583853,1436.4452792058482
2026-05-10 14:00:00,315.56305851549206,28.40698998191195,42.92428754518998,2735.897626990869
2026-05-10 15:00:00,1573.212670612356,25.79792164498837,28.500582961106016,2253.8603342483157
2026-05-10 16:00:00,1109.0779325043063,,32.55704111535529,3026.4890136123704
2026-05-10 17:00:00,316.08783447394075,,19.974427621186713,2958.193746405696
2026-05-10 18:00:00,826.8211541115104,46.18386039252251,1.877015353267661,2980.441384039468
2026-05-10 19:00:00,373.4624989246664,62.627191374113565,29.42973620815704,1498.9510585352914
2026-05-10 20:00:00,1290.5914110731683,57.08651564585695,28.80466838283746,3026.9679697087186
2026-05-10 21:00:00,1390.0758285105144,72.53419033365796,5.8588160043866555,1749.484330631898
2026-05-10 22:00:00,279.8540844637582,41.22873763085022,21.335027399483785,1353.928554103973
2026-05-10 23:00:00,960.4377495808953,47.19916400023581,41.274473565288616,1757.2513113372638
2026-05-11 00:00:00,1484.862595244059,73.12577273644952,,2306.498719869649
2026-05-11 01:00:00,1691.4771706366942,39.06540420291223,21.288345203900853,2858.433855814007
2026-05-11 02:00:00,972.9803734610091,63.442342141064124,21.288540148822896,1759.1282097489927
2026-05-11 03:00:00,1715.474680139392,39.67961081590128,36.67350459849609,1537.3158509895698
2026-05-11 04:00:00,1010.6712497752507,38.178521311529074,37.28133829449556,2656.531235550279
2026-05-11 05:00:00,770.1238408198435,68.65830058309527,34.407854465189246,3366.185876356037
2026-05-11 06:00:00,1541.9453185399223,16.560485476492794,17.079983004284045,2561.827634379798
2026-05-11 07:00:00,938.0706077787514,31.134151502800048,4.169624700814884,2751.220464659186
2026-05-11 08:00:00,902.2342679596892,20.95133263047426,16.37725099785662,
2026-05-11 09:00:00,933.5312319967081,32.96078492411614,30.910812855938943,2942.931732879858
2026-05-11 10:00:00,1539.534503178567,21.503359190576138,31.920849277519363,3349.189282439834
2026-05-11 11:00:00,1514.3006208696886,52.56710116671226,43.460009216975635,2442.671381748788
2026-05-11 12:00:00,785.983987148359,72.03720143298823,20.960214183523174,2175.2600746597245
2026-05-11 13:00:00,666.6097617798926,71.00856244839326,28.827165649372773,3106.7204284362656
2026-05-11 14:00:00,936.2776408665197,33.44058584484253,24.724398311791393,3336.429521895979
2026-05-11 15:00:00,1073.7132665530853,88.9996761245893,7.627216644982445,1571.2814458260927
2026-05-11 16:00:00,505.1732580675948,53.85303845881627,21.292908773813988,2514.1590274951436
2026-05-11 17:00:00,1449.723644016504,36.54662685826823,24.972746806315747,2964.1659843465945
2026-05-11 18:00:00,927.0207017451189,75.36299585248686,42.832982665859376,2420.0127508284204
2026-05-11 19:00:00,667.8774323139313,65.95878712519503,17.127718393994066,
2026-05-11 20:00:00,281.59568803878403,67.68550497734529,,2675.9826243843836
2026-05-11 21:00:00,506.03677268613177,18.456402126314572,24.861203257059714,1867.2689984780313
2026-05-11 22:00:00,1713.7779919851723,42.68086335580141,11.668646705334531,2033.1808601705757
2026-05-11 23:00:00,618.6694675931952,77.70270364338964,9.433233028695543,3383.7809836508236
2026-05-12 00:00:00,387.06079192396004,45.8593826789594,7.234576359450197,2636.5772021864404
2026-05-12 01:00:00,883.1437458134884,61.82729416447348,20.92904630523193,3133.147326453257
2026-05-12 02:00:00,622.0491637124228,53.32610224004954,1.964762910712622,2996.313877378001
2026-05-12 03:00:00,159.77072546103005,75.96975410693601,20.581992465854075,2669.7723642274505
2026-05-12 04:00:00,649.3468693750093,26.325914738782632,44.489806454861636,3065.5310731634236
2026-05-12 05:00:00,1024.9846606970966,52.21729973188648,30.484699011779732,1903.032840410499
2026-05-12 06:00:00,1037.9110324339438,11.967885452872554,34.4305893328178,2637.9445425058266
2026-05-12 07:00:00,706.1501660007108,62.428759126252636,6.236237191603552,2540.26732800036
2026-05-12 08:00:00,,66.14513761339137,21.816437905563994,2607.081161666024
2026-05-12 09:00:00,1741.380460999103,4.812521585820859,13.593816445131413,1654.127047008228
2026-05-12 10:00:00,741.4924112915297,61.14539576289067,40.34029123151729,1882.2103839959436
2026-05-12 11:00:00,538.9855825419711,37.907423720754984,8.976868768612151,1901.982469464332
2026-05-12 12:00:00,513.8939749134922,12.044621973761728,21.184266394016646,2564.086941402803
2026-05-12 13:00:00,,38.37177174516362,26.87409960720806,3342.3484489235507
2026-05-12 14:00:00,1391.184252818805,18.286730742906773,23.617808029455436,3303.541857482511
2026-05-12 15:00:00,450.1799131204044,37.98479835897517,37.53071523069792,
2026-05-12 16:00:00,1305.8034161393057,35.20617348830896,11.183939538064177,1940.1750104402222
2026-05-12 17:00:00,135.95469969400767,66.71685568730912,17.605208858642413,1375.7299737862509
2026-05-12 18:00:00,812.1860625727082,69.90518467680593,35.85170904925391,2137.512738704728
2026-05-12 19:00:00,1418.9706108447376,55.02555024022465,24.23514211641941,3052.8156555287633
2026-05-12 20:00:00,675.8460248165334,3.0191289542378312,18.69316496851012,3223.078651870894
2026-05-12 21:00:00,1058.3530724571792,83.86098283731846,2.295470648772586,1796.6426070926816
2026-05-12 22:00:00,448.46469580404835,62.07476192858385,,1858.1683943265625
2026-05-12 23:00:00,1361.392164914493,4.043395042985806,43.77601143053745,1763.7846146683828
2026-05-13 00:00:00,188.87447555689135,73.87612803005649,28.29262841749444,2035.2174919066154
2026-05-13 01:00:00,1549.3224962883505,18.823687769901657,38.68781371030696,2989.994737040144
2026-05-13 02:00:00,436.93385691683585,52.550685871828506,23.74253270057675,2658.400686757366
2026-05-13 03:00:00,1586.4766539041623,42.530458925566656,11.193962478628041,2950.4759275137703
2026-05-13 04:00:00,699.2997102108794,38.36565162960182,1.6354525863464007,2524.365323304143
2026-05-13 05:00:00,1328.5620766066272,80.18452109107137,29.749523773959524,1841.2394639242084
2026-05-13 06:00:00,642.6830062365204,39.92515494907271,22.696789322922765,1778.7877784463426
2026-05-13 07:00:00,1640.0498410989007,7.7056264640104155,35.41231847185447,1318.9014823138746
2026-05-13 08:00:00,315.2831133812364,85.25084672213077,31.566026367153402,2940.062487435552
2026-05-13 09:00:00,403.4836417634178,82.92763558032685,44.46990420108885,3078.9545749459076
2026-05-13 10:00:00,938.1512127699639,61.91450937276229,23.45375367012975,
2026-05-13 11:00:00,239.29534636484843,42.64243500375022,19.79569074561241,1456.2443212298306
2026-05-13 12:00:00,433.1663139929953,9.264493091973392,13.616546335328978,2900.6654170567185
2026-05-13 13:00:00,1704.4028497604245,71.37658255339538,21.981896838816077,1396.1116516155655
2026-05-13 14:00:00,1760.0324239514082,7.7175343837385775,39.40634503740857,
2026-05-13 15:00:00,739.6408598617173,7.105487655667964,2.8673479348366158,2224.998283158601
2026-05-13 16:00:00,1669.5862357236906,48.82716197710376,44.0276020805923,2299.908718742164
2026-05-13 17:00:00,1026.201948644834,15.25141337643298,44.70551654954311,3013.8491368992622
2026-05-13 18:00:00,558.562191985404,1.6879937932910596,27.304140657867677,2727.006473285912
2026-05-13 19:00:00,1294.0778258370176,38.65709535862498,15.58794496259766,1621.9723751255542
2026-05-13 20:00:00,1220.1330711772573,13.212333613295868,10.814154606169048,1774.9082447804828
2026-05-13 21:00:00,1781.5130424848467,15.28587195998152,13.165577410134667,1899.9178953432422
2026-05-13 22:00:00,550.5803885957816,7.8450468474447845,3.2046387662187614,1559.7125386552025
2026-05-13 23:00:00,1242.5011545249502,19.253344081401284,21.904882173267787,1904.0542613543844
2026-05-14 00:00:00,188.44038355005972,64.67809199992065,3.5222679180338567,2830.0561266334394
2026-05-14 01:00:00,293.19826578442303,72.99453034238343,32.61286545014071,1806.9430872252942
2026-05-14 02:00:00,106.66123741685854,,17.36489604344558,3054.2552588268118
2026-05-14 03:00:00,1799.0831578014443,46.083289613446176,9.77204819687518,2285.9856897629365
2026-05-14 04:00:00,1463.8652851507122,3.906298078884032,24.97355654478569,1978.1650986132165
2026-05-14 05:00:00,1437.4291250470194,7.1691472620472005,43.845409518692605,2166.0780195526336
2026-05-14 06:00:00,966.5343279899055,23.923527582807004,31.585766156810404,2789.943155246332
2026-05-14 07:00:00,610.1140409392478,49.40695944347013,22.636861404583048,2385.2646768165796
2026-05-14 08:00:00,357.1492835865491,66.82005223741437,35.184229167198275,1315.2851943476219
2026-05-14 09:00:00,583.9470560389882,54.84527245908494,33.4489647635555,3236.8800778286577
2026-05-14 10:00:00,739.1510772795365,35.89937909382415,40.23636028654292,1438.5916063038885
2026-05-14 11:00:00,1385.7271648664998,11.530842497279298,10.00543369413369,3271.10483251021
2026-05-14 12:00:00,1017.4250411353592,70.48881790495986,38.79061335538421,
2026-05-14 13:00:00,231.72216514432057,33.37695859231608,14.24514782983475,2919.0566034106414
2026-05-14 14:00:00,130.64931523015082,66.50880728896827,42.40395282430427,2422.816887184905
2026-05-14 15:00:00,273.96470520790734,46.65511693037642,13.366866553656347,2362.0249792686227
2026-05-14 16:00:00,797.8478132855448,66.74092276700244,41.78133589915775,1452.8348553424096
2026-05-14 17:00:00,1686.427958983331,81.7487709692789,43.406791436419525,1801.3645217096241
2026-05-14 18:00:00,1183.5842180556767,82.97162692878838,7.401619728108627,2932.8493658369034
2026-05-14 19:00:00,1463.1040297883758,48.624503420053706,43.877994863562456,3171.6456428372376
2026-05-14 20:00:00,892.8368106577325,46.52424446414185,4.771810610888421,2411.149230211257
2026-05-14 21:00:00,714.8323414315728,24.645383429752513,10.616982610950966,2042.0211323614503
2026-05-14 22:00:00,284.28063361825866,84.28618500610693,20.5434263584034,1425.8807369348428
2026-05-14 23:00:00,1589.0861377165484,41.75480588076626,44.71828409131524,2732.5749047393147
2026-05-15 00:00:00,1431.3720493474348,12.355620296576566,22.49677425127669,1884.7378824411935
2026-05-15 01:00:00,385.8007659161327,39.510737401762945,,1415.5288014835082
2026-05-15 02:00:00,970.8429585896429,12.307739271182353,31.554697779040534,2698.2886311071065
2026-05-15 03:00:00,928.5371734661163,45.72531989887968,43.60491656400986,2320.0115664208924
2026-05-15 04:00:00,1162.6556395670987,50.95352082220288,35.46746160546675,1325.1205143736202
2026-05-15 05:00:00,1708.517719785144,31.060262772929093,10.862776194642738,1532.9404821233288
2026-05-15 06:00:00,1085.6114509962154,7.376904666602135,14.331600949231605,2768.3240514164827
2026-05-15 07:00:00,1018.3693535236516,84.97181467135827,5.295642542775074,1433.7097994381559
2026-05-15 08:00:00,185.5489859889287,69.82842710002524,29.355904023248552,3118.5224361702794
2026-05-15 09:00:00,206.94270923064067,75.66041616495576,8.952573487725749,1953.7851825818586
2026-05-15 10:00:00,418.4895452555411,33.651287091474416,12.325815093092091,1486.1995879164917
2026-05-15 11:00:00,155.2003118759721,68.7139616717311,,2895.4904941529376
2026-05-15 12:00:00,1363.699922469021,44.19818767005829,15.37724971460867,2401.2971923513496
2026-05-15 13:00:00,1329.6615167897373,18.89643046813809,25.93245560758335,1943.944067996525
2026-05-15 14:00:00,331.295598533793,12.073680544741983,18.49290438672379,2152.8065175054626
2026-05-15 15:00:00,1521.3341313519775,31.70952736966306,4.257376645860198,1344.9660307701345
2026-05-15 16:00:00,363.1362592383904,13.242137921287432,16.966008515455023,2691.6669288328007
2026-05-15 17:00:00,611.9984978955099,89.8459388821621,18.955000933580955,2068.1247468232336
2026-05-15 18:00:00,523.2607285743205,5.377820130649963,40.4108484841068,2799.4788964290724
2026-05-15 19:00:00,732.9220675741813,40.26178034384781,15.27582876043894,2619.159406500349
2026-05-15 20:00:00,532.9284020129352,41.23632349274419,17.686609269530987,2667.6337904104494
2026-05-15 21:00:00,931.2165749453685,27.756241643769123,35.44745782158272,2965.074693109308
2026-05-15 22:00:00,792.5933983029652,51.850289347918135,34.39409265331031,2625.431964590127
2026-05-15 23:00:00,1777.1681343248551,14.347955149487477,36.1245521725336,2179.3244514079743
2026-05-16 00:00:00,195.07479521798365,70.7682018722638,42.965912563344176,2118.847879642735
2026-05-16 01:00:00,341.70833985849777,30.58784692403981,36.004529929370506,
2026-05-16 02:00:00,189.80401964462422,53.629490492079114,18.9347609415872,2936.831167628108
2026-05-16 03:00:00,1163.9300314700388,64.69189200995939,37.14637474351604,2898.3277276847057
2026-05-16 04:00:00,192.6657716033233,80.12474847442435,,1817.2265708795992
2026-05-16 05:00:00,1521.9475535394097,75.3850818442458,13.219417430816874,3111.6320166661035
2026-05-16 06:00:00,970.2956721592773,55.1395035012168,14.328350997764545,2536.906841360319
2026-05-16 07:00:00,995.9129617886073,35.566993054165934,10.849065096789527,2305.2423690285914
2026-05-16 08:00:00,1054.7106631107301,45.78521563667179,7.37969014406915,1336.7422334135413
2026-05-16 09:00:00,390.3833007205582,69.41739661071342,9.117578121560616,2103.756490315064
2026-05-16 10:00:00,436.0735152946288,79.1015532877931,3.7798341979680523,2645.4086132948923
2026-05-16 11:00:00,641.989448884108,10.236591607723796,40.091838057025,1488.4704591456052
2026-05-16 12:00:00,1108.9439068971474,35.25220736188176,41.96434362456142,2265.0913486638515
2026-05-16 13:00:00,457.2002190983647,70.07437725880155,26.817897269731404,3386.2154978593517
2026-05-16 14:00:00,297.7639361265441,39.41700687086253,37.98154049078214,2804.731138139042
2026-05-16 15:00:00,1749.1987069113347,30.568271001899262,9.077128516738474,2448.428863753369
2026-05-16 16:00:00,137.36908517635896,37.60772001727099,40.67364830998734,2419.369058372061
2026-05-16 17:00:00,1464.5855890712369,54.653182463985225,23.279908623742365,1391.9066727422082
2026-05-16 18:00:00,1439.6597542775376,89.98265782790834,3.9552596746444237,3310.360318556666
2026-05-16 19:00:00,605.2639935366632,44.87632619030333,7.217760757743049,3249.17308659859
2026-05-16 20:00:00,330.5652472124328,19.556008270929187,14.594964274619956,2733.0498924184376
2026-05-16 21:00:00,347.5686993992198,15.493345199839432,2.916533535609063,1507.924464331255
2026-05-16 22:00:00,1285.6337493032272,4.769127525400872,14.60890863276752,1736.4511831738203
2026-05-16 23:00:00,1192.7712048464953,50.73473390773061,3.636939057231239,1686.2100253387289
2026-05-17 00:00:00,1430.6676462273574,49.46691614250625,11.385214628484308,2391.1148187125596
2026-05-17 01:00:00,1693.717993078478,19.265819483447515,12.689469257683431,1736.3881364541696
2026-05-17 02:00:00,1276.2765175532063,62.884317174278465,44.75223496013893,2761.181179242816
2026-05-17 03:00:00,364.94761213745386,66.95852670504159,11.364053645601235,2444.982760535717
2026-05-17 04:00:00,513.8524485011982,24.0597402790079,11.524203753297535,
2026-05-17 05:00:00,1531.7293424842946,31.62487899864655,31.218714607768938,2862.5201977748684
2026-05-17 06:00:00,455.8203289181546,89.15197883890585,38.811729054723884,1696.540346973292
2026-05-17 07:00:00,223.2879388226184,34.30953763871534,18.030438154491808,3032.2587513294216
2026-05-17 08:00:00,1295.5760918718258,68.71134878629306,39.52719287739047,2045.595417958256
2026-05-17 09:00:00,784.2948043332415,41.29256297006466,15.966248912901314,2011.1013279614365
2026-05-17 10:00:00,1664.0680893280362,71.60768967962686,9.66869870306085,1324.8164051342421
2026-05-17 11:00:00,1205.4336208592247,69.44306825165566,15.504108270419835,3374.230864138336
2026-05-17 12:00:00,253.71226224582327,60.430286242669666,27.811680452831663,2585.209112260914
2026-05-17 13:00:00,1711.3561643312232,77.07527282030655,17.154299009731247,2187.7333489905805
2026-05-17 14:00:00,539.547348188418,84.59044604411397,30.607327375528705,1502.904949368812
2026-05-17 15:00:00,673.2612336906858,52.61851552023547,11.425178694589226,2768.2109347171354
2026-05-17 16:00:00,783.8427032620215,22.13473274282437,31.843687335522546,1893.7339869830716
2026-05-17 17:00:00,187.08130388733252,36.47797758632268,16.287287982932533,3375.389718588611
2026-05-17 18:00:00,944.0762177920283,68.4892085026831,21.058208350485117,
2026-05-17 19:00:00,309.6414348279968,58.928630176024384,25.54078617948742,2844.123025485856
2026-05-17 20:00:00,781.649555370198,16.824052132307138,31.19390014018372,3339.2510535942347
2026-05-17 21:00:00,696.2066395865434,5.560319162031798,11.503402441344283,1521.831111152902
2026-05-17 22:00:00,1413.8281418250556,61.78358182524377,37.78160364607566,1887.822257126745
2026-05-17 23:00:00,1465.3898697756429,23.346033138611734,32.76108098923055,1831.810906461476
2026-05-18 00:00:00,360.8019000614496,45.470651691885756,11.300308437055977,1451.2265827645351
2026-05-18 01:00:00,723.1370185446846,67.46046275362089,,3341.675855740057
2026-05-18 02:00:00,734.7003737541139,51.077343478413646,30.25106760534017,1425.945581958477
2026-05-18 03:00:00,357.3977546913446,8.41392989694988,20.906783004535047,3099.0466983880924
2026-05-18 04:00:00,1457.3709585870238,17.51664107373643,7.931202324354719,2913.138991611362
2026-05-18 05:00:00,1302.2881581702195,20.520208378751803,24.46172410155778,2089.320883690065
2026-05-18 06:00:00,423.64903670495903,23.949918574391194,8.2501390203932,1339.495461522578
2026-05-18 07:00:00,723.4272446094584,51.32090188359488,19.897633862705128,1312.801400461926
2026-05-18 08:00:00,279.8685422560742,45.85295440446002,18.98335100053883,1728.3870654572388
2026-05-18 09:00:00,1167.9512150581747,19.081243414414594,32.67734435128825,
2026-05-18 10:00:00,306.33227173265345,7.0123810675561495,9.464859973866991,2261.6109541888177
2026-05-18 11:00:00,1776.0880866623602,16.257466198249908,37.16233961431722,2529.1144107863474
2026-05-18 12:00:00,1427.159526969366,88.60993682305569,15.349822388711296,2921.1145502876007
2026-05-18 13:00:00,763.4055342927916,,20.535499586626102,2092.4446912064323
2026-05-18 14:00:00,1083.5586848749026,,34.98300292436907,1636.7637605695666
2026-05-18 15:00:00,1649.281087567895,76.53896953352705,28.51726558739465,2980.1027253396906
2026-05-18 16:00:00,1041.9687766729044,46.52524061419576,14.553115479285243,1998.650430795543
2026-05-18 17:00:00,396.6474268765238,63.89520605298837,17.992928680018764,1902.4519853660365
2026-05-18 18:00:00,743.7957044879709,,14.454619815542847,2905.055280701394
2026-05-18 19:00:00,1533.3462705505672,62.26730673849484,27.169887360194913,3261.6928199746035
2026-05-18 20:00:00,1195.1621271823503,25.242227554432766,15.635479461100948,3221.4186922225895
2026-05-18 21:00:00,1206.2314533674605,75.05352661111942,32.9306985704582,1588.629094300075
2026-05-18 22:00:00,1573.5965256704317,8.451447846692982,26.51063497768395,2356.6321222855295
2026-05-18 23:00:00,1619.7541976862578,,7.411090916890395,1495.027595829164
2026-05-19 00:00:00,1663.6473720250417,9.894384684607138,14.651819221914828,3318.0495137034395
2026-05-19 01:00:00,261.2436285303654,79.4258420835935,10.743687444046852,1751.9785603413627
2026-05-19 02:00:00,1025.0142033372715,28.07420211401533,18.173781352265355,1714.602107008127
2026-05-19 03:00:00,1358.8661860711416,59.24100946992115,23.703299793211976,3166.659913313607
2026-05-19 04:00:00,1386.7756367159234,44.38770279720491,23.297565720500835,3332.4861657561264
2026-05-19 05:00:00,1131.4175433490066,33.60097992834817,34.19904176878472,2765.027744520039
2026-05-19 06:00:00,383.5384698122461,58.44432315333118,9.323561998475212,1554.1105707683723
2026-05-19 07:00:00,1455.6149417008294,85.32954526906018,42.64480448908766,2320.296782135415
2026-05-19 08:00:00,1324.1892669754077,4.673007516341345,16.08518470281542,3014.870697529368
2026-05-19 09:00:00,246.43081163336169,82.77790417359628,14.210949264310095,2502.202085787315
2026-05-19 10:00:00,,55.208267296870204,31.14785743992967,1578.4491949295027
2026-05-19 11:00:00,395.7615791870661,72.85097276844566,36.44273166205475,1660.9642739567785
2026-05-19 12:00:00,673.7109777120522,35.164870855650705,17.65275765180075,3114.697519253091
2026-05-19 13:00:00,130.73785674966524,42.994024760547624,,2406.761243743715
2026-05-19 14:00:00,780.560776298289,78.3277169103036,39.88438206998641,2782.257224910096
2026-05-19 15:00:00,1034.7907659655577,37.921469313074255,34.739361269106126,2083.431305089436
2026-05-19 16:00:00,,48.58470144066857,2.5046453651166516,2418.219724129567
2026-05-19 17:00:00,1227.9335867188072,2.7973481545056287,37.40423210011228,3351.9165948141526
2026-05-19 18:00:00,1521.695232274182,15.115222519585764,35.077162171992164,1992.37637763309
2026-05-19 19:00:00,466.28694236874105,58.11009920975718,30.448770478740183,2717.055907767376
2026-05-19 20:00:00,304.8190981453955,64.81094419468506,34.44098643986775,1662.2616701099826
2026-05-19 21:00:00,1547.6131922264735,52.85148337382045,44.09471741660531,1555.6537590466999
2026-05-19 22:00:00,366.2417853175048,13.75459322852935,19.968967064007387,2945.6442336439623
2026-05-19 23:00:00,1757.092138271532,40.6410831434273,3.9578223380023037,3072.6272409730477
2026-05-20 00:00:00,1532.314989977683,32.6034342063239,21.279158663619533,2703.4545602337726
2026-05-20 01:00:00,951.4902300123185,45.11385961912286,3.043080837206109,1632.2112588433977
2026-05-20 02:00:00,1768.416422367443,78.45928407531439,13.94701795589229,1805.234727849331
2026-05-20 03:00:00,265.5404394836072,70.05166804062002,26.822710839057393,3213.4689869997346
2026-05-20 04:00:00,615.2117939976728,8.475065623635146,14.623407288750878,1906.2785024794882
2026-05-20 05:00:00,1184.9815055690394,80.23751860193622,31.1573908200197,3019.607084013947
2026-05-20 06:00:00,695.0116764044038,42.9872764523343,37.16739841817173,1900.4683067118435
2026-05-20 07:00:00,1678.233338367346,67.20373089485386,19.499323888299624,3272.8713955792127
2026-05-20 08:00:00,211.56434990228985,13.46349158252734,40.606069856892155,3220.3511169577064
2026-05-20 09:00:00,1034.00011450364,60.69403778792728,,1390.8526646204548
2026-05-20 10:00:00,1104.4726545716946,22.033015567241755,37.96497922481979,2917.869372421558
2026-05-20 11:00:00,1209.637810421281,,37.45721839932915,1655.869696492255
2026-05-20 12:00:00,534.6325796640845,2.5007954373072923,15.167731438377656,1752.0704144034012
2026-05-20 13:00:00,719.7629267837696,14.493346775812366,14.143468233483059,2265.6749458960994
2026-05-20 14:00:00,1534.2569004304619,9.19516388800216,14.424179170754556,2510.2681144738453
2026-05-20 15:00:00,431.4027072492717,22.337231391505004,36.70132334315408,
2026-05-20 16:00:00,1505.6753401947155,,37.592753454848584,2508.3050676638395
2026-05-20 17:00:00,,62.57999236914101,15.507788188417374,1658.3825798163869
2026-05-20 18:00:00,1395.7187690299397,3.584551296620524,27.07397528755632,1346.9090742001779
2026-05-20 19:00:00,1313.1325226479016,55.97890455562482,7.113062095379998,2499.5712155597025
2026-05-20 20:00:00,452.7695421542943,13.522996943476109,21.626264484364974,2386.5720459208696
2026-05-20 21:00:00,1066.9816519375838,85.11936968883282,44.94688543764369,2748.2733245594427
2026-05-20 22:00:00,1575.129359768657,84.04537250677703,7.988922499074862,2664.6263301324316
2026-05-20 23:00:00,834.5976025632799,21.069776124365674,42.692756158242595,3184.7213984913064
2026-05-21 00:00:00,1743.2043093796385,55.683495541849624,37.267207766460345,2264.8841023392465
2026-05-21 01:00:00,868.7656701729207,3.4924734330488008,43.777444641635874,
2026-05-21 02:00:00,342.73558233540393,83.92918033155449,8.901465466863453,2624.3706313533935
2026-05-21 03:00:00,762.0389561320445,47.54587042906216,10.394813579508027,2717.778102166759
2026-05-21 04:00:00,1717.894090863913,4.84686047618233,1.742155996333782,2395.1394777315363
2026-05-21 05:00:00,643.5254438777522,31.482499377724228,32.88687976828665,2747.5402275065526
2026-05-21 06:00:00,1575.7668717740069,7.839602105649844,29.34016651119217,1979.5260077959206
2026-05-21 07:00:00,1598.1261588592126,35.97205510422903,8.834879286288212,1612.4974367012662
2026-05-21 08:00:00,695.3170913643338,60.62344445235775,35.81037848385117,2695.5626943084535
2026-05-21 09:00:00,241.5380186860746,42.82020181568812,14.164602269795918,1814.8915013526102
2026-05-21 10:00:00,1331.748445569991,35.15127355003145,6.939805050547948,2258.2634094968303
2026-05-21 11:00:00,629.5709083237763,11.604977053101367,19.592757260851318,2332.407734284462
2026-05-21 12:00:00,1430.970144237873,22.79957506673541,5.002673330781667,2302.119055983616
2026-05-21 13:00:00,852.5132420427362,9.91275260871325,12.582720876022853,2556.743201727907
2026-05-21 14:00:00,924.9534619824567,72.8673871174428,17.33866777080323,1361.8527887443036
2026-05-21 15:00:00,1422.4459914725126,13.036344690640307,38.482023678622596,3378.333239353185
2026-05-21 16:00:00,750.0176628047674,53.98822962285152,35.87214461690174,2804.251995271
2026-05-21 17:00:00,853.3164870489547,31.503896809407284,20.481188573027204,2193.3143417774018
2026-05-21 18:00:00,739.5237969083577,21.11207623431133,32.88130254110505,1701.793063609513
2026-05-21 19:00:00,724.4788759713759,57.912691114797234,26.02058399187622,1468.3723771310483
2026-05-21 20:00:00,994.109180732481,41.67320553454772,15.997041623434995,2711.599883314856
2026-05-21 21:00:00,1474.9590556519563,36.61294658832576,32.93847111379253,1965.6067914129724
2026-05-21 22:00:00,715.006130268362,53.76382843540772,31.073962796520632,1781.904762324723
2026-05-21 23:00:00,991.2330249141523,44.722818935610064,28.240155456518487,2097.9042129359004
2026-05-22 00:00:00,1240.2364532524214,28.01009456108891,28.190042925903025,2545.1384843961914
2026-05-22 01:00:00,558.0470587162135,50.7564546111074,31.05120766238698,2710.5809550364024
2026-05-22 02:00:00,571.7887683340673,60.585373313011814,17.920002556271683,2654.8571456445134
2026-05-22 03:00:00,1686.802315939873,3.375691114230031,39.239335862978905,3112.8577253331446
2026-05-22 04:00:00,1330.0087746628506,42.46258387278311,8.141545201844277,1759.390605247242
2026-05-22 05:00:00,1081.217349579625,6.133812327935395,39.89096038252278,2637.1669427139846
2026-05-22 06:00:00,1201.1240925150403,17.590081852061886,16.060401093407755,1512.3401899907976
2026-05-22 07:00:00,149.8090532758112,50.8852773329396,6.501391086779391,2450.6628487882735
2026-05-22 08:00:00,1150.7750414548846,78.09081345863669,27.401205717881716,2526.3126452283095
2026-05-22 09:00:00,966.1650844811433,79.56970544777515,17.54341343909783,1754.0983277617647
2026-05-22 10:00:00,1027.7744556250407,7.225016902338183,36.88198799255485,2122.5555729815974
2026-05-22 11:00:00,711.020505612389,38.30035267951689,19.954560615265763,
2026-05-22 12:00:00,238.5056261120012,52.88757698740506,30.416751124732833,1611.6590128812231
2026-05-22 13:00:00,428.6766971404887,14.089221504980564,14.563351538212324,2212.4630149932646
2026-05-22 14:00:00,1716.266012461542,69.12346729028468,10.215904501114963,3258.739449544049
2026-05-22 15:00:00,794.7892558605877,67.23693800091425,18.07415736174825,2358.628748169162
2026-05-22 16:00:00,893.3613649124691,81.39735021990472,27.699544722507074,2822.780794849903
2026-05-22 17:00:00,189.60664275084628,1.7552550754264287,29.90565652529948,3036.4186830666567
2026-05-22 18:00:00,163.86259022476702,20.284897715021238,26.441093273112806,1727.926187175534
2026-05-22 19:00:00,1319.208459979488,74.61961756783364,44.474451619460794,1758.2561946191581
2026-05-22 20:00:00,1014.7609290058892,60.68162452359725,31.407968205787274,2893.0420578066055
2026-05-22 21:00:00,964.8001731676534,80.60069697916568,41.98686361426438,2881.944150170442
2026-05-22 22:00:00,513.3117017185368,6.08898925319372,,1426.3849733432
2026-05-22 23:00:00,1366.0762437708677,54.12979294876341,3.70040891179307,1977.246305459425
2026-05-23 00:00:00,386.0021844844362,51.645145165537,14.683766888525962,2136.9182330077197
2026-05-23 01:00:00,422.88906422373407,4.175023056087381,7.009913288562654,3040.9848472894228
2026-05-23 02:00:00,883.2106912920683,46.70346484521103,24.138215242043778,2185.9107364024485
2026-05-23 03:00:00,586.6757655902995,55.24730770658326,23.835175155024263,
2026-05-23 04:00:00,520.6870680963489,18.025092503987544,26.302075323533806,3392.876331995344
2026-05-23 05:00:00,1196.9039957406637,25.326332898095,33.7900267565672,2939.5249479581344
2026-05-23 06:00:00,1206.6519668715257,57.9909138204986,43.73850680934208,
2026-05-23 07:00:00,1501.6790186598796,42.67878433639629,39.64338242332244,2122.984048572958
2026-05-23 08:00:00,810.1045638540589,77.36321552358109,6.20815854132559,1440.7828367092702
2026-05-23 09:00:00,224.2446547444554,31.471977174817763,15.894602305908919,2503.5913884318743
2026-05-23 10:00:00,,24.732709596549903,12.256213102113843,2059.580301642381
2026-05-23 11:00:00,1766.0092874345887,88.653068690691,8.779963742310883,2036.8859592479216
2026-05-23 12:00:00,1113.6395778955934,82.09108354157742,24.96789457285452,2744.189430689815
2026-05-23 13:00:00,1306.5530441617345,3.5803543049092075,25.343633689440143,2273.642653052935
2026-05-23 14:00:00,112.50831036320471,69.59484676228436,10.998772427074698,
2026-05-23 15:00:00,980.9497447102855,10.819794870443063,32.323479013494165,2136.163767639296
2026-05-23 16:00:00,163.7987178040653,3.4461823398140146,33.248229163458234,1616.8131095217816
2026-05-23 17:00:00,1067.6913605554614,25.358900921005052,1.9231197726930658,
2026-05-23 18:00:00,1665.3104443813281,24.971783236438284,18.41333896378193,3297.126280083263
2026-05-23 19:00:00,1746.3125218506934,73.91936984887985,40.166188212871326,2983.2017211447724
2026-05-23 20:00:00,1018.939548161171,64.24938488891233,23.894018762728884,1732.0734356540702
2026-05-23 21:00:00,878.9481689287671,88.36323903254927,16.295623263315747,2121.7310534543794
2026-05-23 22:00:00,1706.5290602224397,64.32464812775184,12.161750670185725,3248.3633999631293
2026-05-23 23:00:00,1245.1367143943817,38.224744239788265,11.70759887640442,1559.7680233257897
2026-05-24 00:00:00,210.32877521529608,63.2045618241243,5.38979348943548,1833.2955079163655
2026-05-24 01:00:00,891.7334820347459,89.95185697958979,36.957962440096054,1850.6675563309823
2026-05-24 02:00:00,508.4165313893166,64.202627548065,4.812925837343533,2498.959038890165
2026-05-24 03:00:00,898.6673464627587,68.78964068224833,13.860969697919895,2162.5399713937777
2026-05-24 04:00:00,874.2914724108149,84.51448635193309,3.009732496919541,1467.7284153922296
2026-05-24 05:00:00,,11.114962256739819,35.38100906784282,2621.28105461188
2026-05-24 06:00:00,706.5098335937271,63.72580211684769,2.7284820179787803,1508.0635154923154
2026-05-24 07:00:00,379.2597640750777,76.72173025910296,14.56524857020117,2573.471357156064
2026-05-24 08:00:00,956.3230388029257,85.93969541965949,26.225084283813217,2364.717598474654
2026-05-24 09:00:00,1511.3449033877955,19.776266784341242,19.020699852911527,2336.704187523156
2026-05-24 10:00:00,1228.8207877149239,45.84968168745773,13.41992695896042,1441.7421151283827
2026-05-24 11:00:00,675.2253720728669,61.56938144035888,13.108319186811833,2642.362938455425
2026-05-24 12:00:00,1690.3891386900573,23.024627925619033,36.10277346427497,2205.7725430375945
2026-05-24 13:00:00,1650.7528711236098,54.44208482927439,43.855036183838784,2163.3228567999417
2026-05-24 14:00:00,455.8922789529679,23.924511642321946,16.31380709974691,2552.547932478927
2026-05-24 15:00:00,,30.677674827316608,2.722402598796727,2573.1209258877498
2026-05-24 16:00:00,1360.2248041962957,40.29516398946699,2.6088942280007705,1331.5699211001759
2026-05-24 17:00:00,1506.9374442935605,48.09791878844446,,1562.974392526734
2026-05-24 18:00:00,1745.369762117304,40.9935625746384,25.304272150801587,1796.6882637739134
2026-05-24 19:00:00,1612.7218699501282,44.8944012611257,35.47807692636254,2723.752400026556
2026-05-24 20:00:00,1120.909105950905,27.574399309658045,31.68986845269729,2511.156366762176
2026-05-24 21:00:00,1001.0889766610474,15.147893368014122,40.93027936767745,
2026-05-24 22:00:00,147.3297871463967,5.2141479820887096,39.976268806051436,2855.2763916421
2026-05-24 23:00:00,519.3159596361223,18.442106301758425,35.686405407331804,3091.6840253329165
2026-05-25 00:00:00,881.3450779459749,52.79298409401469,21.908323041854324,2091.3112086720694
2026-05-25 01:00:00,1168.4566301420653,70.96427485447877,14.557561934569508,2024.6341189849359
2026-05-25 02:00:00,1047.328116641298,16.06303617241761,23.309178647564156,3045.1323464122725
2026-05-25 03:00:00,1362.481182458874,10.661426841765714,23.09115072207224,1798.9632211210874
2026-05-25 04:00:00,575.6037825079695,67.68684208888327,27.85212415113086,2268.4619847145746
2026-05-25 05:00:00,1060.4194330092046,28.159091417818782,9.18829298244778,1708.0838692467244
2026-05-25 06:00:00,249.84181376434663,85.68345009123438,29.847274739579504,3219.065558492349
2026-05-25 07:00:00,803.2313900914519,64.57429938432321,21.090440665055894,2156.3863275029134
2026-05-25 08:00:00,1375.2734160228217,30.081288204629747,28.289012605397804,1746.2224862847395
2026-05-25 09:00:00,1278.7814508293748,26.76930455363974,11.542612208460008,2753.2281201947153
2026-05-25 10:00:00,1784.0926531927043,47.60915637814651,20.113375330603617,1813.753824242005
2026-05-25 11:00:00,572.4149141791852,8.04387547676064,,3281.357566657469
2026-05-25 12:00:00,946.9218085957646,11.473209625431611,39.513426897299276,2071.9957310997643
2026-05-25 13:00:00,660.2017034157944,16.651351437141134,22.470285981827654,2695.7454954138575
2026-05-25 14:00:00,849.025293900597,69.95039980410586,10.899182285247733,2025.0143554305682
2026-05-25 15:00:00,1556.81522077796,46.7333049749519,2.8131826126280366,2995.215724286295
2026-05-25 16:00:00,1263.1554278204273,1.9404739269254216,30.73250124475584,3183.537756147829
2026-05-25 17:00:00,1600.1500252908888,60.9429709450177,10.444367415549252,
2026-05-25 18:00:00,445.968884164207,38.70842590078424,44.54161646202625,3081.847939327792
2026-05-25 19:00:00,1584.7139003304446,46.465860481778016,24.48281643026755,1513.9497386690355
2026-05-25 20:00:00,201.5958661032535,20.056345663751266,13.714987834913412,3240.5358217694393
2026-05-25 21:00:00,1610.618776743159,50.10861832707522,29.937807086875736,2611.031530638089
2026-05-25 22:00:00,659.4254250832374,88.14463833788248,13.109676631275764,3125.356817549019
2026-05-25 23:00:00,634.798976803913,7.536577499512769,37.092068932028845,2737.317204789372
2026-05-26 00:00:00,970.5505803877287,26.268648570134328,14.562386240917442,1723.8801039417917
2026-05-26 01:00:00,1699.173319129494,22.62678576461385,44.48290022542,2580.0657134559206
2026-05-26 02:00:00,181.22831995838914,23.120888656854984,27.626370559592917,1490.987103418596
2026-05-26 03:00:00,698.792657620267,34.70486582331858,38.15409055347719,2761.018363458133
2026-05-26 04:00:00,1556.1723807616706,73.81177084223091,4.203880661450578,2158.9023962692027
2026-05-26 05:00:00,773.2926116402934,82.24442340683048,16.32517436499228,1618.6396635104388
2026-05-26 06:00:00,438.56672591501393,18.997142783848627,33.44943179131059,
2026-05-26 07:00:00,822.1501082634,49.32254447738203,29.82259676298564,
2026-05-26 08:00:00,755.4392525358378,57.684008522727744,9.546697343085341,3176.441798146833
2026-05-26 09:00:00,1656.2075424933957,47.4426452183822,16.672928942427234,2956.522643339731
2026-05-26 10:00:00,1395.288438763265,39.63279908352584,12.5915099294518,2753.1603628013872
2026-05-26 11:00:00,958.6964447648108,18.085820021472166,27.98828746952109,2675.666908613715
2026-05-26 12:00:00,1780.2299634266708,44.45152296873223,16.1610020961861,1522.797059178096
2026-05-26 13:00:00,890.9718031690696,36.70811966630827,14.598386648015392,3191.1890941687534
2026-05-26 14:00:00,199.0043123944679,71.805139262702,10.124631139199035,3150.369632239682
2026-05-26 15:00:00,545.8663470854743,68.96078796550657,18.997193320244527,2870.490515702192
2026-05-26 16:00:00,841.3198163728314,12.925882627304693,9.602113968648357,3247.3614140577574
2026-05-26 17:00:00,366.73446104840417,8.878195678113014,43.35306184461582,2461.475247935783
2026-05-26 18:00:00,1710.860714750873,81.82570094724777,7.7980797057933495,2240.0489029068663
2026-05-26 19:00:00,1403.6431262902142,48.66024661784029,41.185407458186155,3332.6895445491855
2026-05-26 20:00:00,556.0882407272136,77.34428341815057,19.852816318889605,2274.6754943750775
2026-05-26 21:00:00,1104.367706980457,6.175449730409702,17.62610362871577,2646.781326241031
2026-05-26 22:00:00,1326.4635670862724,47.85988987042509,11.178071239813349,2083.430508402722
2026-05-26 23:00:00,1700.1741791415566,49.00895979728504,28.973278712170842,2636.2850746414288
2026-05-27 00:00:00,1598.7800935981982,77.60248089625135,31.1632326604768,2812.2078908139442
2026-05-27 01:00:00,975.8267844349633,9.687289842443969,21.57312233910637,2611.776603105956
2026-05-27 02:00:00,1416.9094536481298,22.399655167155927,3.4511034105106617,2380.582176554015
2026-05-27 03:00:00,1055.6460815068945,37.18190993594417,41.4144466302962,1930.2326750129891
2026-05-27 04:00:00,1039.5966130774182,78.05989131237486,44.13448184656077,2652.0759198860687
2026-05-27 05:00:00,295.0613291749262,84.56061504128046,19.965910269320737,3207.7006800488616
2026-05-27 06:00:00,314.4340186274585,,28.001075526010396,1314.5164414563014
2026-05-27 07:00:00,1000.2071455381777,86.36822029480842,20.813139554724856,1581.25095760235
2026-05-27 08:00:00,557.0646264643112,1.5288162701475427,15.162704638989306,1551.523632849697
2026-05-27 09:00:00,135.7627341827967,5.246042389394612,4.402026885743536,3238.7311360749936
2026-05-27 10:00:00,,14.137006905025391,21.06698013748115,2691.770146821491
2026-05-27 11:00:00,155.22721437328045,32.048726612554304,37.00892047981586,3298.755023587316
2026-05-27 12:00:00,1111.9706298768929,74.86270475783932,1.7493842878721573,2523.9078737460995
2026-05-27 13:00:00,1016.6294500164345,80.44640138485777,26.612738059929782,2269.639084034433
2026-05-27 14:00:00,1746.9849739822675,17.62826216021789,39.75397278397431,2963.920114810161
2026-05-27 15:00:00,923.1623368909908,56.15010949415407,10.572174920631753,1637.9787616979715
2026-05-27 16:00:00,208.1224418422555,82.64521667080962,9.063258046318737,2100.810044266375
2026-05-27 17:00:00,1037.8695452709849,42.272124497887546,34.9801715308855,2279.1759051218696
2026-05-27 18:00:00,1529.8634900473724,10.215377903797773,12.223802969248904,1926.7626284754483
2026-05-27 19:00:00,1794.643783278448,41.74541485753162,9.447307772668532,2079.699786057805
2026-05-27 20:00:00,831.5833952714232,34.445746303637094,17.631527025046342,1464.0208925412783
2026-05-27 21:00:00,644.5078622444622,52.41156164987462,18.270088539889592,1715.7655378440718
2026-05-27 22:00:00,1641.3106048183981,40.04062291223222,39.4604467727289,2004.5431126949495
2026-05-27 23:00:00,425.11161942940635,2.5437874899808968,28.211512765081782,2971.3699097895824
2026-05-28 00:00:00,1146.2291555559752,,18.862304078941932,1683.2444451700142
2026-05-28 01:00:00,789.7145211076112,49.37508115802081,24.51307042857374,2027.9447853668717
2026-05-28 02:00:00,169.840020424444,43.15313723813025,42.97447026631206,
2026-05-28 03:00:00,690.3904063196862,85.9609460638608,5.981445770835396,2469.9191241358726
2026-05-28 04:00:00,550.8884882545468,14.871572715249863,10.139482955886423,
2026-05-28 05:00:00,1266.3549617039278,17.842146626527093,43.351263089808434,3117.5845732705507
2026-05-28 06:00:00,1712.9438460762608,72.91331266658773,43.12229333519698,3020.1435968541246
2026-05-28 07:00:00,555.6802185436842,24.21396612222578,8.795278535649995,1899.2937048361491
2026-05-28 08:00:00,1479.492096557859,72.1312124599459,7.384787953513122,1587.6027472987055
2026-05-28 09:00:00,194.11168879529617,,19.527745910899274,1627.774682641848
2026-05-28 10:00:00,,3.953699090025132,3.1876048694706407,3334.8242803849334
2026-05-28 11:00:00,219.93510830682078,47.01431042591772,29.815755420546164,2713.7742094154505
2026-05-28 12:00:00,1687.856084922087,18.505092637290662,4.409824953116656,1389.3986543868025
2026-05-28 13:00:00,1402.7971769475635,68.44832007098992,3.553303592148352,1587.2364355946986
2026-05-28 14:00:00,1218.514849047807,58.066767357661185,22.348225193189364,2320.180136712007
2026-05-28 15:00:00,1500.6238487619294,83.20063745003468,43.142611988844465,1736.4404890155515
2026-05-28 16:00:00,1200.7836524692773,70.6859637966505,19.779021186779023,2987.6838685000394
2026-05-28 17:00:00,1747.2054751962949,17.08905998082469,16.685170981064246,2503.755946895666
2026-05-28 18:00:00,1313.7285113701116,72.21408306316688,44.91009548210058,2586.5276363575267
2026-05-28 19:00:00,1671.9196362898194,58.11459698844807,24.40663427428407,
2026-05-28 20:00:00,979.1242164180846,60.53669611669562,17.510621903170936,1837.7318283952627
2026-05-28 21:00:00,299.0095020691665,75.07139685134324,17.97787578703048,2537.747587725348
2026-05-28 22:00:00,997.9021264191291,52.07034215781568,9.57821782547446,2805.6370969375366
2026-05-28 23:00:00,315.6838077072586,42.47431277741815,23.53781452769171,2078.9909630233506
2026-05-29 00:00:00,1107.2389145998886,57.661052146926785,20.309621239392257,2360.3816242974544
2026-05-29 01:00:00,920.238202897027,27.51821117729396,12.91499303928619,3063.33633799127
2026-05-29 02:00:00,1158.378176315729,17.251144666751838,8.06376381047743,1612.2316998271667
2026-05-29 03:00:00,117.07986779321371,55.87631758834093,14.694510221372362,2444.971280475611
2026-05-29 04:00:00,431.22883581411895,21.812504848607514,23.382066418260088,2031.666589841379
2026-05-29 05:00:00,,8.112444731847999,3.5666639805312736,2775.868992256184
2026-05-29 06:00:00,1715.8560547015293,1.0493224280875983,7.764737257694063,1339.5015106410287
2026-05-29 07:00:00,752.1353686037693,55.14042672460597,42.6969197466402,2707.993929586696
2026-05-29 08:00:00,821.432444291179,33.23124172974108,24.885635445378917,1516.0852414339936
2026-05-29 09:00:00,1314.9833513112578,67.95567638993758,3.7917693610416663,1436.0122812866819
2026-05-29 10:00:00,1126.4476873864007,34.39069944986612,31.49586138586121,2821.708932013087
2026-05-29 11:00:00,608.1744551671666,44.25430689320218,3.7193262834775282,2644.7185210985544
2026-05-29 12:00:00,798.3878724646272,37.230562580569256,33.51046599004041,
2026-05-29 13:00:00,470.0896580572952,,33.99835975568118,2391.2754071813547
2026-05-29 14:00:00,1742.2364805213545,32.696385419332174,29.647474932967118,2413.051293607051
2026-05-29 15:00:00,322.07844864751155,86.77532084486549,33.21699996325139,2784.737454710756
2026-05-29 16:00:00,732.122533762913,84.31708180726918,4.87049436457454,1979.1349103418274
2026-05-29 17:00:00,143.92625277401902,76.47448333649804,32.97834430363177,1377.5161563860584
2026-05-29 18:00:00,477.0251362870289,82.90672408097458,7.0142860678508505,1783.0962340100214
2026-05-29 19:00:00,1426.8009352462634,40.9734322728858,15.938259919961128,1799.8281649823698
2026-05-29 20:00:00,441.9978948910951,48.7423053142648,42.48079115402785,2004.8835855842071
2026-05-29 21:00:00,236.10778429924153,67.04624073768376,23.126521017002165,3281.271739384972
2026-05-29 22:00:00,906.5704057356896,62.95698731953016,43.56676301165261,2990.1698771926103
2026-05-29 23:00:00,116.94769904868144,80.27039500888691,4.912588191016452,3265.5081149309035
2026-05-30 00:00:00,244.1024625247664,64.75346142584587,22.012490380779923,3397.080139237301
2026-05-30 01:00:00,1472.9639782570578,89.811739032333,3.7457020921823085,2210.9359085827937
2026-05-30 02:00:00,1411.5046862613308,32.0170161850116,28.72925154556853,1776.8539650286398
2026-05-30 03:00:00,1655.7359946883232,75.13679905930819,4.46310806021472,2476.008738636023
2026-05-30 04:00:00,1552.6762410482743,63.089499232107116,8.716183311776602,3150.3822692910494
2026-05-30 05:00:00,1261.3984575076909,62.53339362413665,12.38853364304834,2278.0369081306144
2026-05-30 06:00:00,188.96585741112682,29.999367941204902,33.94472947323726,2361.3385354017323
2026-05-30 07:00:00,1430.8426505773177,70.918559525649,8.21433322799529,1582.322122448436
2026-05-30 08:00:00,1537.3683784289528,81.13346598893632,38.251810344894984,2182.956534392298
2026-05-30 09:00:00,1458.4396478123226,20.450813075330103,6.803773308555238,2112.689100598014
2026-05-30 10:00:00,964.4143600236443,56.669218503386666,2.550755759086879,2038.5458560174443
2026-05-30 11:00:00,495.9331257041188,35.89999979014699,18.381998434665384,
2026-05-30 12:00:00,1537.0609586708354,89.06978261724406,44.09543224673698,
2026-05-30 13:00:00,1336.1767765582354,43.61612060901966,5.8550580227061975,3341.5090840844287
2026-05-30 14:00:00,1767.2939964610478,21.3204954679279,5.475611537743678,1317.3183330735856
2026-05-30 15:00:00,364.677416185086,34.98532864474309,34.05132647500745,3285.747429294599
2026-05-30 16:00:00,483.6297911884936,59.191616693679734,14.735114535716873,2450.8997559609415
2026-05-30 17:00:00,460.0568547985546,7.771954050112289,32.56039115793155,2775.135013240243
2026-05-30 18:00:00,1447.3176049562724,54.720570899690145,9.800465935507988,1692.9789843597587
2026-05-30 19:00:00,417.7424039652009,83.87900356692192,21.24316774471917,2673.8442319348746
2026-05-30 20:00:00,213.32171069962035,76.68228810154869,12.672754620952386,3152.1111039082384
2026-05-30 21:00:00,1797.5533711955686,7.0229447625605195,20.867241454679824,1592.9082936506684
2026-05-30 22:00:00,142.18925945675355,89.41169920777706,34.84027207375337,1566.871385773909
2026-05-30 23:00:00,1519.9149022700717,63.18669620964524,34.52843738101711,1938.353609213893
2026-05-31 00:00:00,721.1236306361097,15.442993363948109,23.69398065764384,1639.6243741983362
2026-05-31 01:00:00,1530.746281588286,2.105031936078691,41.84836112372624,1532.356280996029
2026-05-31 02:00:00,1042.8548350589465,16.244154630001468,12.606500507724055,2724.4699755691126
2026-05-31 03:00:00,1632.7730901268121,75.59765694103073,11.573699449246256,
2026-05-31 04:00:00,1674.5280769048654,2.925899920119573,28.007481651719083,2700.7312887441713
2026-05-31 05:00:00,115.4669081773192,21.750110022009704,28.337069505538718,3110.0513769432146
2026-05-31 06:00:00,228.20069918774004,68.40019798480391,3.0477617408588555,2669.2520619673014
2026-05-31 07:00:00,525.6098402704542,53.163837694934024,27.742219345023493,1550.670846822342
2026-05-31 08:00:00,1237.8362078179528,70.66347822205708,17.47519092335663,
2026-05-31 09:00:00,1610.0627340695603,67.40739484058413,33.8874711141046,2126.620236844257
2026-05-31 10:00:00,881.9013171997367,5.5035234538406215,36.556649239992005,2021.078967117239
2026-05-31 11:00:00,1131.8542976662511,80.43351629937949,25.294768060069607,1968.9160841226476
2026-05-31 12:00:00,420.44974975245395,21.205833251121913,1.0750213860996638,3251.8076700212555
2026-05-31 13:00:00,1468.443617598865,50.25192718044897,29.00009564733225,2859.265659023228
2026-05-31 14:00:00,1744.4577893008986,,33.95077630530111,1581.0824581186196
2026-05-31 15:00:00,556.6181859548158,16.007910768773492,11.955263714186627,2299.611507438174
2026-05-31 16:00:00,941.2041177209287,87.88458184638672,21.44442405019471,1968.2684580332311
2026-05-31 17:00:00,246.39738786083547,44.4458800917705,43.49197143011868,3353.6704563465123
2026-05-31 18:00:00,1050.5323159870463,6.130199908168016,14.117084349340551,3353.860843201656
2026-05-31 19:00:00,954.731851139357,84.4163219852278,10.818743045836595,1971.0223960993735
2026-05-31 20:00:00,345.5420230636319,53.17783804420086,10.277610781032447,2039.4375439054547
2026-05-31 21:00:00,851.5125623007276,63.22819462034249,25.587236711575837,2558.769834986746
2026-05-31 22:00:00,667.9779085471575,47.74064530414594,42.790632457552285,2306.5447300877504
2026-05-31 23:00:00,987.1124880188219,75.29167797515011,27.782365684815606,1747.511831532727
2026-06-01 00:00:00,1095.6123702289588,3.94887813519577,14.346217290457037,2686.8655506760842
2026-06-01 01:00:00,114.44248363225617,24.88567450966615,29.09707023496798,2001.6701521380007
2026-06-01 02:00:00,1393.710171014244,42.79870371983961,28.493061094302647,2672.8046464975523
2026-06-01 03:00:00,1312.1242961649593,7.817721851920194,27.264705972104785,2105.7311968883796
2026-06-01 04:00:00,722.6868565510878,63.82569357007258,8.014753103085289,2770.4407770981707
2026-06-01 05:00:00,189.99109046699104,36.036043850952026,28.920939171179743,2702.378888868266
2026-06-01 06:00:00,1383.3853176345856,25.267451133864817,19.927235910637982,2368.5067874341016
2026-06-01 07:00:00,1723.797772812825,1.3007173659486924,1.8180505794134683,2779.9539804927444
2026-06-01 08:00:00,508.2577132374241,65.06489774574588,24.749637434489784,2268.027920087232
2026-06-01 09:00:00,649.9918433529645,75.2090284896847,44.52773678961037,1543.890429265258
2026-06-01 10:00:00,412.48191211908545,36.158607675653364,16.388541997135277,1682.4231320084448
2026-06-01 11:00:00,1080.7914096862273,51.21539995596953,43.48460560602096,1816.585581747787
2026-06-01 12:00:00,363.2303709006734,21.26410970773426,5.23305263315416,1432.7807492739628
2026-06-01 13:00:00,705.529703884345,56.375590518931844,33.227805098161475,2793.900563324407
2026-06-01 14:00:00,1284.922123688247,2.0802337900528465,6.030519765164755,2071.5194763463987
2026-06-01 15:00:00,1052.1971711158922,44.4893068417895,13.037149236432064,1496.3989222866944
2026-06-01 16:00:00,756.98635935749,,26.11699675417347,3021.912053523719
2026-06-01 17:00:00,814.4243230728213,82.71906781744633,27.08230653497695,2735.6739973735075
2026-06-01 18:00:00,1055.5885004594902,34.9388877238833,35.109297958303536,2249.6708979681716
2026-06-01 19:00:00,109.97003740817422,69.10192806531165,28.073701918007327,1819.593203694742
2026-06-01 20:00:00,233.46677637113675,54.194145664971565,27.11904699274467,1618.666376964978
2026-06-01 21:00:00,1598.1387151971198,83.50407805033217,41.143535827522086,2262.5858026856304
2026-06-01 22:00:00,232.3942814551943,36.455613133689326,20.895073097202918,
2026-06-01 23:00:00,1301.5661135578587,29.39948524869593,10.911694262582422,1695.6301788711369
2026-06-02 00:00:00,1664.0648789853894,79.95563788377879,8.118697741039732,2494.1843808821245
2026-06-02 01:00:00,560.1621273129429,5.382751725337732,18.59976225961799,3319.5405899667376
2026-06-02 02:00:00,729.8354430011742,13.138299971097235,32.36112122852261,2637.944807005687
2026-06-02 03:00:00,1067.1663899360178,8.333994677979955,,2223.9259333273235
2026-06-02 04:00:00,1598.905248385594,76.03678613529983,6.678349006413869,2804.383243171708
2026-06-02 05:00:00,1701.2394983427143,1.944060679958426,5.668992244560135,3031.613629939284
2026-06-02 06:00:00,1357.2575217891556,77.68748683923728,26.751006734264188,2540.0842255623684
2026-06-02 07:00:00,247.25359345297986,41.16283378804275,11.686044623375716,3130.8479538852844
2026-06-02 08:00:00,1237.5620644092464,1.3582498180033966,8.315414845261447,2380.6426946890488
2026-06-02 09:00:00,797.5163271835255,36.746420771871726,27.08191166869298,3043.060904633139
2026-06-02 10:00:00,900.1916991348047,17.625274853008168,34.49763627990469,3299.24040485196
2026-06-02 11:00:00,183.55226358680096,56.57164338502251,15.614816323917232,2352.611280749386
2026-06-02 12:00:00,424.8056368888089,61.46293230302654,26.44100264977023,2570.503602729183
2026-06-02 13:00:00,1443.8731328072013,44.38995376604498,5.317474180776248,2579.8818401946537
2026-06-02 14:00:00,871.7300161813616,4.606237764130627,42.14840534013308,2941.0132135564104
2026-06-02 15:00:00,612.8258107729531,59.39546358868097,15.823432153850005,3028.2282643725875
2026-06-02 16:00:00,752.8324257404289,75.94145174089138,44.89025049963406,1357.1815640327275
2026-06-02 17:00:00,1552.4791726536564,65.10886068204974,44.057861257390414,2840.055084589814
2026-06-02 18:00:00,1373.2983295884267,74.86625478702335,35.26823177077571,2946.012013723499
2026-06-02 19:00:00,,18.845347596028986,1.8829521979065356,2770.901822862297
2026-06-02 20:00:00,299.7531283610346,80.11102662942695,24.912896496911983,2798.7608845785016
2026-06-02 21:00:00,528.3969767949219,29.675217107668686,4.820802499360505,1386.946004286966
2026-06-02 22:00:00,1665.2859667930472,2.1930284684272014,40.386073142306714,2228.2811900927027
2026-06-02 23:00:00,1088.701024344584,76.06185652328729,35.74399511648573,3018.1772644156554
2026-06-03 00:00:00,1006.9163548661309,84.82209293786067,43.78297657021005,
2026-06-03 01:00:00,1113.8691194771845,59.34467957014404,27.768849938590996,1781.882633201063
2026-06-03 02:00:00,722.2480517690759,21.597860111244795,23.975603397310874,2516.3093747408693
2026-06-03 03:00:00,1472.0819345431717,23.405257321145204,23.834849661553054,2989.093503056226
2026-06-03 04:00:00,989.5866238104247,42.526765735770134,18.003728475991174,2880.0560500042902
2026-06-03 05:00:00,298.47143470695244,80.90696608452633,21.622362958082203,2599.669245658166
2026-06-03 06:00:00,319.41071220940705,14.314191397132696,28.958153657955414,
2026-06-03 07:00:00,1012.6605490544512,74.51165659293034,42.0496947324762,2820.1602642342887
2026-06-03 08:00:00,1692.1693707204265,26.92594997475838,27.218910883265366,2923.8092568855113
2026-06-03 09:00:00,624.1986068495379,72.96416907918972,38.71310146196416,2817.9839639138336
2026-06-03 10:00:00,1578.219987060671,82.90413658653694,38.96231609731003,2908.199239128909
2026-06-03 11:00:00,1398.962497184095,39.0469546074945,23.828637737323405,2204.9212746256067
2026-06-03 12:00:00,,33.48950821539224,16.288664225895353,3386.879506443321
2026-06-03 13:00:00,161.77927213761217,72.39769738844586,29.141250426611567,2918.6525233325838
2026-06-03 14:00:00,,48.12397653176607,20.61860304425308,2515.2280110879697
2026-06-03 15:00:00,1338.4396875406483,61.91596531322454,4.5833981621650475,3261.8016664679103
2026-06-03 16:00:00,439.4385546690994,56.43180208954498,17.62360041902708,3207.2165128618385
2026-06-03 17:00:00,731.1605648591694,14.607107262386872,44.73917407417029,3010.5908372019567
2026-06-03 18:00:00,952.8885822109222,76.18634206577099,3.134522281156637,2483.7593298659094
2026-06-03 19:00:00,1333.2958863652768,18.423984915769122,31.653344123640775,2406.912140208098
2026-06-03 20:00:00,292.4930795405131,83.97311082229949,38.01230302313487,1990.2866571464936
2026-06-03 21:00:00,790.8228889716845,23.30084493657116,29.543939752916664,1826.8437561182916
2026-06-03 22:00:00,924.6239455425822,66.31540662136302,26.06892217118476,2375.9549856476815
2026-06-03 23:00:00,1019.4060087516175,26.33433002092969,32.13239434706533,2513.3416995951447
2026-06-04 00:00:00,1491.2130903718685,29.282901364230884,19.891080441184847,1813.5055060635757
2026-06-04 01:00:00,391.85293157346877,28.590164897625172,5.019916441590578,3237.4626116723052
2026-06-04 02:00:00,1473.313468105258,67.56241060832141,43.3443571893488,2470.275393142069
2026-06-04 03:00:00,1277.8933270843088,50.556545499275984,20.021233879304628,2405.661183302508
2026-06-04 04:00:00,1044.9803841382309,79.58276857042725,30.277126435392773,2214.8406155688945
2026-06-04 05:00:00,1289.1973796843722,28.35617200915999,24.37765922312899,1421.9497210054071
2026-06-04 06:00:00,800.4301562178158,62.58733446305025,3.4056151670124004,3153.042802365683
2026-06-04 07:00:00,,68.01242537001686,42.920850443671696,1965.6878755303624
2026-06-04 08:00:00,1231.8009084511245,14.481908059666278,35.87163794903022,2649.1667023834184
2026-06-04 09:00:00,,36.65245280146319,7.560307356653377,2575.610473837074
2026-06-04 10:00:00,1186.9371609227185,43.97075699718659,44.19255055668374,2527.422333307506
2026-06-04 11:00:00,674.597927748433,32.656177700599315,33.42366037555515,2403.9956242243265
2026-06-04 12:00:00,1641.673181477721,29.66802104125329,21.78215261884559,1681.023650205789
2026-06-04 13:00:00,1098.5287765784808,62.09137056579013,27.900282488621222,1889.2720562007275
2026-06-04 14:00:00,245.1842232944855,20.212109391694483,5.696414008642291,
2026-06-04 15:00:00,864.6667841975287,64.13577632735047,25.658106440686883,2957.6191483535445
2026-06-04 16:00:00,1385.8052930641784,84.21893347877501,4.241087168750614,2207.176838365879
2026-06-04 17:00:00,1450.028754944863,51.30257938481985,24.973631313249285,1728.2373613968748
2026-06-04 18:00:00,940.8149896983899,,25.318610305562558,1484.6832920913946
2026-06-04 19:00:00,1621.0708704132119,7.135010489043928,,2692.323107337451
2026-06-04 20:00:00,555.0363432303059,77.93844442198672,32.902530011980936,2189.0139383044457
2026-06-04 21:00:00,798.0177853050532,26.40485306078803,11.980305257465282,1563.278874507548
2026-06-04 22:00:00,1627.614747967249,55.739553732042275,40.0907502562657,2716.380447972666
2026-06-04 23:00:00,1623.6364180016842,88.14098310728741,26.222677253312256,1735.9153347941838
2026-06-05 00:00:00,1265.7117070019576,53.999731450979894,27.680697057257483,2368.9337014377215
2026-06-05 01:00:00,1560.2669301077742,65.49914438432961,8.435180245775847,1942.994747661407
2026-06-05 02:00:00,250.91455382559553,,38.742038222641014,3256.5491353114007
2026-06-05 03:00:00,1570.4914595532198,6.3725600728401055,41.962465060727936,1779.4049391694477
2026-06-05 04:00:00,645.0538411353855,71.98634210459117,35.09958857777596,2181.82889523826
2026-06-05 05:00:00,,4.114896872494724,42.39310791638027,3314.9365533388122
2026-06-05 06:00:00,506.92872178147877,63.358546771019014,14.301195781383218,1969.3228778704624
2026-06-05 07:00:00,810.546463623608,3.0400200103176878,38.88924340796193,2653.6456423231
2026-06-05 08:00:00,527.0264078275943,77.74516605532368,22.51129828600467,1965.126791783283
2026-06-05 09:00:00,644.9648962280484,15.029607189135271,8.212356929517735,1532.4174561462228
2026-06-05 10:00:00,329.46342632179153,46.77016309438705,30.42722635746965,2617.849188637015
2026-06-05 11:00:00,603.5005014502974,54.14641269900011,31.10129191105867,3223.6662240992146
2026-06-05 12:00:00,1072.8824847214019,41.72154125623368,13.624678605294367,2250.3858011915927
2026-06-05 13:00:00,851.1513037548087,31.327950552050964,2.2097065916130827,2614.9707396541808
2026-06-05 14:00:00,689.421894101049,42.63547236010648,9.793279399764787,2578.6866678389088
2026-06-05 15:00:00,1368.9686190570937,28.716002095423125,18.590212097651015,2171.6883755185395
2026-06-05 16:00:00,1618.9669513686404,39.992888890196824,8.372768086634215,2591.2829414059343
2026-06-05 17:00:00,1386.541678934075,32.94325619882473,9.537317722542584,
2026-06-05 18:00:00,664.4011936000546,51.39222929213593,18.22118923281986,2093.8795996664094
2026-06-05 19:00:00,1365.5516853238412,22.17525043980353,43.31861102957666,2228.8695983609878
2026-06-05 20:00:00,358.36631020588703,88.99043338734711,34.626714677936526,3114.418235481209
2026-06-05 21:00:00,321.5405797551946,45.577425851012734,15.068929653968821,2031.4990791498353
2026-06-05 22:00:00,687.5659629614702,18.280424889891357,42.870579032416124,2633.7878010432355
2026-06-05 23:00:00,1473.094027374897,43.45894071148725,29.408458859384236,1748.1480585796871
2026-06-06 00:00:00,518.7920203119131,78.11094652770936,21.039784364166167,1830.396431013246
2026-06-06 01:00:00,207.5307951277553,2.940804588071208,21.60520875402647,2661.700638465953
2026-06-06 02:00:00,323.90620985080363,61.480316600548704,19.072756584757244,2900.8508474698674
2026-06-06 03:00:00,1559.8664465002862,49.7691339146596,11.251650312021347,2270.4460707051912
2026-06-06 04:00:00,1177.431584070389,16.09066149894206,18.01181645740305,2003.7093632333097
2026-06-06 05:00:00,530.4419777289604,73.75540309813793,24.227440897909272,3211.5702674577724
2026-06-06 06:00:00,1044.0029030579083,33.830731391286506,24.233203432129724,1585.1964116029897
2026-06-06 07:00:00,996.8853581230957,27.14838056458016,34.51642369735079,2813.4998990636286
2026-06-06 08:00:00,1214.2411633491242,74.7031420752642,16.787105714923513,2749.3585744689162
2026-06-06 09:00:00,496.41884251674776,57.82872911105815,32.53911328937391,2749.5148417283676
2026-06-06 10:00:00,1569.4850782304761,80.94505844705938,26.436040905822125,3264.382933289401
2026-06-06 11:00:00,625.9265555360219,,43.321197799180716,2829.1996320596636
2026-06-06 12:00:00,1280.0238117596027,66.93277155595825,17.952536745495237,1933.2868977601265
2026-06-06 13:00:00,127.41189883276532,75.44368476710554,40.65352442747477,2042.1593708878495
2026-06-06 14:00:00,733.5171208200503,5.871827595984385,37.10827208112474,2121.3330437197783
2026-06-06 15:00:00,697.9066905299741,70.06835733937484,29.057228521936104,1364.6982156060228
2026-06-06 16:00:00,1023.9235285911246,55.61987688461233,29.798636536653156,3218.37166235734
2026-06-06 17:00:00,223.65164502123406,7.1861938898521975,4.72459712268207,1454.4604681160881
2026-06-06 18:00:00,1443.223335334384,46.26343504631564,42.80988264611102,2769.5679924046904
2026-06-06 19:00:00,470.2273630048665,8.338768940571896,5.705186793812732,2833.3381101709547
2026-06-06 20:00:00,1250.9642852994173,66.49930095336678,25.78226558471431,3071.801606324133
2026-06-06 21:00:00,1465.4606095149584,49.63865253691159,15.523115219762797,2462.0607367505972
2026-06-06 22:00:00,1055.1908256105723,85.86804482969447,19.913487044753477,2823.0552900987277
2026-06-06 23:00:00,1359.5014514273753,17.299048069887515,27.848052476819948,1935.7181413784972
2026-06-07 00:00:00,1225.1625307655095,54.93697727431368,40.98946062682215,2865.726422916859
2026-06-07 01:00:00,704.400655158413,19.83080997677373,21.132953437181264,2021.1730482499604
2026-06-07 02:00:00,1475.059516357061,,44.46010043348341,3195.960804696062
2026-06-07 03:00:00,600.9923288053976,65.31582351011623,27.08373087546599,1643.1017963094039
2026-06-07 04:00:00,1071.0619601775793,65.28508531032894,8.064373476255678,1963.0903524153023
2026-06-07 05:00:00,1367.176156540617,73.54158517075228,9.360408972575101,2347.415848265774
2026-06-07 06:00:00,744.2250466812629,76.96597028829018,32.508885565927045,2929.286170011005
2026-06-07 07:00:00,614.7049329496226,7.8771836377787565,3.217502946708797,2872.478120716367
2026-06-07 08:00:00,880.8882172937987,31.550776979443963,22.13502935377798,1742.5054360814572
2026-06-07 09:00:00,1490.537940393561,62.15390431202271,7.5216408313547305,1602.8949628847724
2026-06-07 10:00:00,1680.86699734763,45.37417957781788,20.06161994782518,1938.3361690176064
2026-06-07 11:00:00,1026.6418018618133,17.97015926117644,33.99636657115566,2315.883718519395
2026-06-07 12:00:00,1224.4925490502083,50.19115174483612,21.187768842623104,2431.9105941340763
2026-06-07 13:00:00,1635.565157806154,37.2617730961868,8.191848795160787,2201.188941006086
2026-06-07 14:00:00,267.52964740200207,35.713406711233155,12.084716295692267,2692.4892449608146
2026-06-07 15:00:00,494.53358237248057,73.06808085177408,17.171741900696027,2197.873781554199
2026-06-07 16:00:00,1305.1300106276901,37.276251711064134,4.060692073402247,3287.290920871469
2026-06-07 17:00:00,1500.3655852509094,3.35445098775775,26.710855987569364,1848.0345807612257
2026-06-07 18:00:00,1556.9493481619825,6.167637161307123,27.73148681623421,2617.481453407199
2026-06-07 19:00:00,805.6822006533854,77.2057197105542,3.734684793832968,2583.893671186277
2026-06-07 20:00:00,251.87783389617363,86.4934720911144,18.70169813166313,1891.3069159527965
2026-06-07 21:00:00,844.2285114093538,62.26843094455797,19.216030046927898,2164.5440114794574
2026-06-07 22:00:00,492.2488033519914,33.42877817490714,15.688061016314453,2067.4946008239385
2026-06-07 23:00:00,595.0339734942611,84.53542810573074,25.54054857456892,1662.2480260430275
2026-06-08 00:00:00,,59.989474687440485,16.222129562644916,2302.3199465262423
2026-06-08 01:00:00,228.39604624400766,76.14568587874105,19.322008297023466,2111.990731345867
2026-06-08 02:00:00,1506.8880697171935,69.16085505929382,36.091036087430645,1674.4664561410345
2026-06-08 03:00:00,827.0374459010874,34.74339910376072,8.132811638928864,2244.7480953772993
2026-06-08 04:00:00,1113.3086828710116,43.60449587571991,28.241046593350518,2185.8723333433522
2026-06-08 05:00:00,252.4087931006543,17.565761738760855,23.246153674397206,1575.8679230848654
2026-06-08 06:00:00,673.5104332073754,26.989254939225333,14.423152049091359,1575.4938380278227
2026-06-08 07:00:00,252.49156232523782,70.25318385450043,33.01152488557807,2659.7654976759645
2026-06-08 08:00:00,1734.6243288978862,80.56407687759663,,2783.8196899059185
2026-06-08 09:00:00,1472.3448038546258,65.47697766937566,22.003907186270595,3276.4788818087
2026-06-08 10:00:00,881.3756824059824,42.40045900244081,30.377449849932802,1482.7098499683095
2026-06-08 11:00:00,480.1243321502409,8.69932493563753,36.30077355117987,1547.5091339943324
2026-06-08 12:00:00,1686.8736789247487,6.068367434161891,43.797426761477354,1408.818069782613
2026-06-08 13:00:00,685.814212735852,34.31497525054399,28.691416208560433,2417.679704589553
2026-06-08 14:00:00,373.6735338685371,42.280132970322015,39.475359357616846,2607.7678900199753
2026-06-08 15:00:00,1057.3794603717233,55.21173537698342,1.0480278050101055,2147.399249057531
2026-06-08 16:00:00,1704.4160045861875,1.5775674034427518,24.330370479939212,2975.594664018379
2026-06-08 17:00:00,106.51149385054838,89.08533725150126,10.444492145888717,2742.0688156079805
2026-06-08 18:00:00,504.81223353179786,33.39056062295982,,3370.264883988406
2026-06-08 19:00:00,1695.360988697693,76.4804250782998,24.406724750833252,1589.5794649293252
2026-06-08 20:00:00,390.84614365717545,48.61203680422099,33.86036627056014,1422.4628951192528
2026-06-08 21:00:00,292.51386778769375,12.609111453467838,19.139990988872707,1877.0877816957145
2026-06-08 22:00:00,1069.3182668596676,71.98333417557245,30.484727771155136,1340.0054101653725
2026-06-08 23:00:00,1565.1344996012108,64.17460966786896,22.5476471690018,3258.483998519677
2026-06-09 00:00:00,911.0866900796744,47.94181155870129,20.231778102214744,1938.2984832451684
2026-06-09 01:00:00,1790.759236363692,46.79522512870642,13.771292179177868,
2026-06-09 02:00:00,1254.5918892145878,8.785684911832597,17.8341146380442,1967.946229045358
2026-06-09 03:00:00,225.92734225776115,59.370556423074795,16.391007754954828,1816.1981061765293
2026-06-09 04:00:00,1787.814623859358,82.10081886213268,29.432236096654787,1619.965920347248
2026-06-09 05:00:00,793.4202025263237,9.298797810700894,6.10481449628214,1972.7684326911847
2026-06-09 06:00:00,588.5843075373202,24.452519107752536,5.076000222263464,2592.379753856747
2026-06-09 07:00:00,1048.3946120824055,81.3054096363468,30.040571745172258,3340.4045193438087
2026-06-09 08:00:00,617.3229060954693,26.306607973961604,25.03711507467075,2471.993284771014
2026-06-09 09:00:00,246.97776210425894,59.20098682401344,19.928804256676933,2418.689038807911
2026-06-09 10:00:00,102.42818323460043,48.59881667993983,7.707486913947756,1374.0523380208085
2026-06-09 11:00:00,864.2916999644459,54.073156845343725,19.085192922249707,3064.2079329021544
2026-06-09 12:00:00,1522.6678177852068,38.00521224037553,35.74819758608051,1394.1668874949037
2026-06-09 13:00:00,1072.9358155711302,27.69924087928029,40.14333437472731,3203.0877756173063
2026-06-09 14:00:00,1798.6524082038495,5.319477114940538,31.913369078425685,2431.210623249108
2026-06-09 15:00:00,587.63929760024,67.24100359718061,3.6361357387587563,1653.7798709914746
2026-06-09 16:00:00,576.773610092094,67.40231813528618,,2248.585523213563
2026-06-09 17:00:00,371.5740823977051,60.69459086700637,11.60336594003696,3389.4674094347165
2026-06-09 18:00:00,378.9081000510698,58.28340714264623,14.871054693161822,1940.6739892925953
2026-06-09 19:00:00,584.8172132170813,22.690824762909834,9.61842115023932,1865.8655139520151
2026-06-09 20:00:00,1447.8280769649962,2.9886991051999177,35.133254787289005,1547.8123795892625
2026-06-09 21:00:00,1639.7865440819614,72.97567032280413,29.538493396040277,2553.9989324607614
2026-06-09 22:00:00,1757.6481885030582,44.71132967692859,27.920742402363956,1487.376697929322
2026-06-09 23:00:00,494.8924119639695,28.308593632533032,30.390794825448147,2908.616933988562
2026-06-10 00:00:00,1598.2058275439558,10.071939703470736,11.41797950177175,3230.369380094172
2026-06-10 01:00:00,658.0336517714729,6.5822215902235675,20.56435423031591,3256.929333552549
2026-06-10 02:00:00,291.8289256787035,32.049138239770784,28.863163748155525,1526.6241310426194
2026-06-10 03:00:00,1579.0423733842815,,29.01013721520522,2472.3514544412346
2026-06-10 04:00:00,1181.3795788941516,82.76641369071092,35.841481961225746,1503.9306952945499
2026-06-10 05:00:00,380.04252333780494,80.81087145056276,13.632574534276864,2501.2338971170243
2026-06-10 06:00:00,830.7131377721043,82.88007429271929,34.89478935466018,3011.4592289401203
2026-06-10 07:00:00,,81.7875555385115,20.36811714714517,
2026-06-10 08:00:00,1352.5507668073349,47.92300289243523,30.487598450593133,3131.31303482403
2026-06-10 09:00:00,870.8075920612557,20.52799183156444,21.051652722872618,2983.516145183693
2026-06-10 10:00:00,1781.7759066808544,72.02614587247702,42.7388474708015,1880.7515348738496
2026-06-10 11:00:00,193.0664698413117,20.02045476187953,8.889299648632356,2623.2147940531277
2026-06-10 12:00:00,703.5259524316193,24.781447631334647,30.70022389762371,1315.565465599876
2026-06-10 13:00:00,919.2302840869615,21.759634642206812,26.367540033798992,2131.688023442215
2026-06-10 14:00:00,955.3270430721436,46.833433928926716,8.600165801700763,1799.71635234702
2026-06-10 15:00:00,637.0908980555826,29.64264822704811,3.9042787757133888,3267.944326481321
2026-06-10 16:00:00,1339.7084234658657,14.71988841665539,36.1623531147532,2151.316924618636
2026-06-10 17:00:00,1587.070024931257,41.33243365855553,7.927858680435667,2673.5352996872093
2026-06-10 18:00:00,1695.8228133623672,78.77774425187987,9.206294042574143,2837.1613794745754
2026-06-10 19:00:00,1468.6587405591945,51.77920409054752,44.05110585551773,2923.7463312311656
2026-06-10 20:00:00,,79.17186892399525,32.55947746497175,2845.1279032368107
2026-06-10 21:00:00,1035.9270110539924,18.43262447204323,12.021421030453789,1907.2466280742428
2026-06-10 22:00:00,1504.0099849255848,15.860674756857307,27.001754246670455,2740.7421631313664
2026-06-10 23:00:00,615.9566455515188,52.2263641871594,24.500920889710585,2452.919912750795
2026-06-11 00:00:00,777.4138955856645,,38.15682377060929,2554.4825960747894
2026-06-11 01:00:00,638.7521234915254,59.75536510657916,33.09011290463547,1301.7106963483852
2026-06-11 02:00:00,894.5584702614732,71.72178440138356,37.59572952170017,1842.3409620009988
2026-06-11 03:00:00,585.4853476056819,67.8663493130437,10.306289871003948,3254.4357631028765
2026-06-11 04:00:00,1734.7394518325596,84.86124445561194,29.16964499214823,1909.1597749420241
2026-06-11 05:00:00,631.8358676096359,36.444820414974025,2.770597770408734,2219.8325967242495
2026-06-11 06:00:00,266.6757147885977,19.368420060088088,4.033386940285684,1692.0153626110562
2026-06-11 07:00:00,995.5891822857028,50.03122495536183,32.39518943900228,1591.0653589977485
2026-06-11 08:00:00,197.0684333567998,10.856137697015518,2.0744845163329795,1738.2048341412806
2026-06-11 09:00:00,287.9233827245869,26.7077499765152,26.509660391622404,2462.6593906206435
2026-06-11 10:00:00,472.96196163361867,19.502036918419858,37.97782433155932,
2026-06-11 11:00:00,889.3954247996409,36.2941707949402,17.71743957039326,1985.0182777819996
2026-06-11 12:00:00,836.5265849253474,10.898275175197169,2.9729792209561627,1979.1566996367392
2026-06-11 13:00:00,1459.476165404745,3.8339152647807087,32.409287783663984,2484.6952324624235
2026-06-11 14:00:00,1357.1069116029928,59.45466641207283,41.90620390842264,2049.159707155584
2026-06-11 15:00:00,824.7410997841922,55.31215906779263,32.555541250563785,3211.873700766375
2026-06-11 16:00:00,667.2971528785708,64.04394530744085,26.451678692122112,2093.48088954875
2026-06-11 17:00:00,637.9969329045476,59.774393184149616,,2329.9287302908806
2026-06-11 18:00:00,1415.7916483998154,11.17222662167213,1.6765274579578677,2420.1174963378626
2026-06-11 19:00:00,188.52309057615855,26.90602044243252,31.565572773078344,2942.3423697739895
2026-06-11 20:00:00,121.79680416802991,12.52786828113136,11.165151737148891,2484.202472771256
2026-06-11 21:00:00,1452.4254662753017,76.02454378232213,38.75915779602373,1802.2257103093807
2026-06-11 22:00:00,911.1488391813838,67.47442532664157,21.520021228634896,1560.3731339153715
2026-06-11 23:00:00,322.4979355410792,18.935903259723577,24.347965624388074,3269.3265480468244
2026-06-12 00:00:00,500.4620888106521,31.376522403600514,34.17320794772014,2983.2822887421253
2026-06-12 01:00:00,1685.2567202655503,87.02873431151507,35.2949467433471,1348.2269416067231
2026-06-12 02:00:00,1561.1550585623265,53.88018285128898,29.276636655544998,3025.21086707945
2026-06-12 03:00:00,1306.6345853807534,72.30284815980299,42.29099987816069,2540.2553672000145
2026-06-12 04:00:00,919.7828915734551,24.548602094416893,44.221131198098455,2389.677893573381
2026-06-12 05:00:00,984.5501645253557,19.694709895958162,42.662959552483144,1325.6812759494737
2026-06-12 06:00:00,1757.9157099827296,70.76860666734281,37.26388415513352,2939.814518407272
2026-06-12 07:00:00,1741.8097546032882,62.042648515598174,,1715.9365299066253
2026-06-12 08:00:00,465.9573778359183,61.60703569984697,30.18633774679337,2828.760547707566
2026-06-12 09:00:00,1478.877762719041,50.184477782798254,,1333.3233194682164
2026-06-12 10:00:00,435.3125324839286,51.15847250711285,12.945311260040949,2972.3426642989907
2026-06-12 11:00:00,463.0137124027174,66.47707797225658,1.2502818352925895,1348.3828835455852
2026-06-12 12:00:00,1249.3581580797804,25.030220819786383,7.046034290295642,1795.37509855229
2026-06-12 13:00:00,788.5018675988323,32.396393461269064,20.32609699544429,1863.3842462766984
2026-06-12 14:00:00,1683.6254920810843,78.5756725762849,7.447608234719228,1630.7681400245453
2026-06-12 15:00:00,251.316549323215,28.48900289008204,40.67319024577735,2310.222212010275
2026-06-12 16:00:00,969.5935893761382,49.62155185275761,36.450764154752406,1895.7447151950887
2026-06-12 17:00:00,1661.486601753306,63.53491229659488,4.150924131938802,3385.904749027239
2026-06-12 18:00:00,1636.9932228151588,89.99330958815271,11.952203480559707,2517.9344660674215
2026-06-12 19:00:00,366.0996628067601,39.74092850308455,37.039162922906385,2489.603432613905
2026-06-12 20:00:00,723.284090163976,39.100266019619994,36.334029568634435,1763.8262232235559
2026-06-12 21:00:00,1152.5063800793837,75.99036576959641,42.599824205182706,2158.2478213013137
2026-06-12 22:00:00,370.9713041113837,72.68977690212783,44.89210151116385,1560.353788156
2026-06-12 23:00:00,1745.6376924777558,66.06575347437482,43.955882782609365,2901.311429725811
2026-06-13 00:00:00,1655.0738588370225,42.22743772940357,19.046071371743423,1995.4344169223016
2026-06-13 01:00:00,383.8153043585976,29.830581694303707,12.014451527289419,2879.128250125742
2026-06-13 02:00:00,305.9642841436752,55.17701295005153,34.37004837879075,2080.5615998518983
2026-06-13 03:00:00,245.194420774051,78.98387308871604,14.168007280737354,3376.3902042411755
2026-06-13 04:00:00,1646.054228862273,79.65619378056421,36.48161584577851,1659.3554067347059
2026-06-13 05:00:00,429.16047665228336,10.65635271126902,,1303.2001771549958
2026-06-13 06:00:00,807.6843785254031,39.123175259370406,35.93280011033797,
2026-06-13 07:00:00,863.0473216084051,42.3602541016887,13.13871470754846,3301.20172018446
2026-06-13 08:00:00,1118.3187751630649,88.00776770961404,23.35320188436812,2658.813515302557
2026-06-13 09:00:00,221.95008437062245,61.34182335659002,25.817046918496008,1480.0193977711801
2026-06-13 10:00:00,485.48964958087714,37.24493113632428,42.49675497968581,2435.0088031790733
2026-06-13 11:00:00,1683.5336577621742,3.319151852717777,12.730293380538361,3209.9225658892274
2026-06-13 12:00:00,1644.297182356568,51.31927924882844,42.214282528535364,1313.6627425480267
2026-06-13 13:00:00,1428.1941005896767,9.550761831813695,36.4137922804915,1650.5156469593774
2026-06-13 14:00:00,132.98211755096622,75.2660462039509,33.15933837981459,3010.5792678154944
2026-06-13 15:00:00,655.9115064433736,67.97416079076223,35.62229184414551,3177.204923812714
2026-06-13 16:00:00,1167.5298500829433,41.98531523182791,27.638702018722505,2785.0373038233693
2026-06-13 17:00:00,567.8233600149088,39.19975937921127,11.739520460349377,3382.2763436436235
2026-06-13 18:00:00,1646.2973815914215,80.86316793562041,9.33777862895352,1489.4534521317955
2026-06-13 19:00:00,1177.612085115151,26.672793187213426,39.11902317741718,2445.9206832567766
2026-06-13 20:00:00,222.24141943795752,23.162776627502602,32.906133714216665,2738.488917559931
2026-06-13 21:00:00,1645.309501020695,84.58857152149282,10.380988441481758,2775.5539127750844
2026-06-13 22:00:00,1728.2033188995783,73.02287947105995,28.064108098473667,2966.3176922227835
2026-06-13 23:00:00,232.11111126593335,74.03567778298031,20.692045182225847,3227.0146947087046
2026-06-14 00:00:00,1005.0123992642353,18.37224947055737,7.980827478376133,2059.447035795941
2026-06-14 01:00:00,615.7192797640897,13.753343237353162,24.40171281171523,1390.2231248960352
2026-06-14 02:00:00,767.826430018384,3.316629933725006,13.38684006852236,2061.1280204100126
2026-06-14 03:00:00,405.40707052408123,22.09669429376252,5.234741462933148,2710.3910031131936
2026-06-14 04:00:00,1082.7225734211013,69.9029537625749,21.546165135998077,1748.2577834006513
2026-06-14 05:00:00,1728.5649005231141,22.36341927000933,26.96477629211672,3000.943198273292
2026-06-14 06:00:00,955.2234204617354,65.89019223994399,3.0638820567706224,1761.5053612179447
2026-06-14 07:00:00,240.95478837061796,23.419835617700514,18.69208097408386,1321.133144998364
2026-06-14 08:00:00,1154.0022669115942,36.18103231760978,12.337124472814153,2366.9696258695167
2026-06-14 09:00:00,678.3790905671369,,2.3486259911182263,2825.5692999476023
2026-06-14 10:00:00,1555.0728223052063,22.788244084288067,6.529152182906255,2034.2762151273514
2026-06-14 11:00:00,838.9528521379993,34.49698582954582,7.117502988008612,2872.6811790272523
2026-06-14 12:00:00,427.82733520181756,27.796759061404014,9.046466917190731,2220.649101654117
2026-06-14 13:00:00,424.87955857494643,10.756623783370204,36.34861314326854,1660.6006963441444
2026-06-14 14:00:00,1406.8991072259726,44.60057864964342,20.337642125038126,1490.1726269778053
2026-06-14 15:00:00,551.4989171225118,34.7034690366372,7.471783659897023,2792.2330463054295
2026-06-14 16:00:00,1404.296770070679,62.844950636847926,5.413066544827127,2110.0010539660434
2026-06-14 17:00:00,450.008428303219,73.76591467868761,14.109380184077718,3216.824912639918
2026-06-14 18:00:00,646.866826792226,49.43822459011183,36.1126828229959,2434.5356230052944
2026-06-14 19:00:00,891.327853147489,3.865481565772981,17.03623330934431,2031.7080782634753
2026-06-14 20:00:00,1703.4329444788661,56.08408970489022,8.035483852933275,2032.8809466784187
2026-06-14 21:00:00,1683.943422081502,5.929774971863588,18.781111988031036,1576.0195153505633
2026-06-14 22:00:00,451.68218821788923,55.85571280031322,25.433708520630532,2546.957222537229
2026-06-14 23:00:00,708.9723701132237,61.96766548495778,2.3017040800726094,2522.5509843616765
2026-06-15 00:00:00,353.97896037141294,18.60131885795914,28.616239263367618,2979.986753066636
2026-06-15 01:00:00,966.9746348329451,73.92180723623763,18.38443313265073,1722.51362118086
2026-06-15 02:00:00,882.9903361809332,82.08657671009033,1.4279385057725529,1910.6582491992376
2026-06-15 03:00:00,1631.292276166245,73.36473980612995,30.651133553640758,1504.1997351007215
2026-06-15 04:00:00,1681.0091422448234,28.15471792887531,,1920.2186247647041
2026-06-15 05:00:00,752.0645647123965,53.21122810766146,28.668950696582044,2199.0144430842415
2026-06-15 06:00:00,935.9545031322821,82.41854827801927,16.044929574330578,3324.4596525033658
2026-06-15 07:00:00,1623.6016235484262,29.539160633833642,24.30261357890229,2671.438606037318
2026-06-15 08:00:00,1471.4032731666045,73.98247618162283,18.034939069871157,2944.0352525363105
2026-06-15 09:00:00,106.21572928590378,1.8432866822909906,31.827356127026555,1983.5707589630292
2026-06-15 10:00:00,644.1012591120902,1.324556547836188,26.677528194282303,
2026-06-15 11:00:00,817.016211291414,68.6143377701681,4.599161008407789,1839.1118780179927
2026-06-15 12:00:00,490.5176822614939,68.76883480931379,29.296116561635884,1838.5821510985743
2026-06-15 13:00:00,,71.21896971885414,31.238490230863267,2524.5421894161973
2026-06-15 14:00:00,164.23366121265542,83.77238857204645,17.310895947046774,2017.08937815556
2026-06-15 15:00:00,1193.728532618593,11.493661752005295,39.53457436222699,3100.5376150998854
2026-06-15 16:00:00,546.2674938213815,21.646663663548264,38.092631613178355,3375.9434903966458
2026-06-15 17:00:00,188.99020333323227,81.43151791326888,8.707327051588466,2020.9266510532418
2026-06-15 18:00:00,492.66482789770816,16.774021601739456,40.78771757337822,2780.6265747427224
2026-06-15 19:00:00,1463.2537198214152,,20.398384345783413,
2026-06-15 20:00:00,1547.5316087991293,48.211207003632566,32.84498471590891,1708.371224237791
2026-06-15 21:00:00,921.2126168286145,,36.82026830655838,3227.8180491233315
2026-06-15 22:00:00,807.3201396947665,26.388465912796423,23.224946527066354,
2026-06-15 23:00:00,1762.351278953029,,18.560485332315892,2847.6099765063673
2026-06-16 00:00:00,440.9599212997188,76.85916038486124,41.279860219064325,2029.9802487760562
2026-06-16 01:00:00,466.1107808528344,63.97092557570596,11.15755632915862,2070.8712907188396
2026-06-16 02:00:00,596.1742009618796,56.34760136948904,12.306683419642358,2256.443011066817
2026-06-16 03:00:00,393.6874410778484,45.14692720478592,16.911293816591233,3115.466753915793
2026-06-16 04:00:00,744.9215169471172,27.582874559457952,38.81649423070488,1594.5290771735454
2026-06-16 05:00:00,1648.4181858825814,11.612797107414245,42.30668362537534,1414.5961134529832
2026-06-16 06:00:00,1146.0913290685762,37.407767076382505,10.682979449213923,2144.285719718941
2026-06-16 07:00:00,800.3091326408482,3.538145958105039,39.01028649577479,1416.728708198385
2026-06-16 08:00:00,1688.4983507710651,19.783974144749703,12.36093021661705,2743.961854420625
2026-06-16 09:00:00,182.38919520889795,39.491020452666724,43.70821485699508,2896.6826575571476
2026-06-16 10:00:00,457.46950243316434,38.255861524800444,27.285947247189622,3094.8960289818438
2026-06-16 11:00:00,1062.0106286729902,4.942293358732323,1.3118045676848253,2862.068715515554
2026-06-16 12:00:00,1146.4394594284045,53.42635366375092,2.501715779131827,3224.337926754626
2026-06-16 13:00:00,167.24776115644232,49.92189877093802,7.489319355407172,
2026-06-16 14:00:00,785.1658884421247,7.951283057861243,9.253218944025296,3265.7588437446434
2026-06-16 15:00:00,1203.5617402124838,84.9415116689791,34.77524140437025,1705.5326678396627
2026-06-16 16:00:00,1286.7199288857828,9.84506732662655,10.801698562345795,2349.7125790222335
2026-06-16 17:00:00,1184.8378342776577,77.08023946012291,43.64223128219383,3387.254259380308
2026-06-16 18:00:00,644.9574814135717,,28.988930516929283,2731.314183339703
2026-06-16 19:00:00,258.9842101164462,79.5230174590391,31.47077040715478,3145.1463477774405
2026-06-16 20:00:00,826.091158912868,2.7550561661838175,10.58392684854913,1363.826967048996
2026-06-16 21:00:00,318.8825435256943,68.44527083839833,40.27907782018373,3130.6915869937184
2026-06-16 22:00:00,1710.960219485134,33.19048220572251,30.38384120407698,2765.197792601405
2026-06-16 23:00:00,907.790472238468,66.70129521213246,39.03384747104201,1658.5864113741923
2026-06-17 00:00:00,639.3405964066749,36.755323282823085,43.08516827817399,1353.9300084895528
2026-06-17 01:00:00,1402.7169209021301,7.310805087533915,6.5282029928222425,1845.845814063871
2026-06-17 02:00:00,946.5126073898485,69.3080958901874,,3223.1240538848174
2026-06-17 03:00:00,627.0578408211651,7.341488993601483,36.34994436994397,2703.0791712706014
2026-06-17 04:00:00,1480.345162064363,83.0687188005484,39.109546600143496,3230.885118994981
2026-06-17 05:00:00,1574.1586567019074,5.536689185457862,26.68550251863137,2236.9166432379448
2026-06-17 06:00:00,1244.1138826907509,43.65994972166487,17.104024101022908,3266.916899994006
2026-06-17 07:00:00,179.8395180930344,65.35006434572081,29.715703987309844,2272.215612434512
2026-06-17 08:00:00,1062.7488962831046,35.99893536649136,14.449219194068121,1728.9349212785023
2026-06-17 09:00:00,1397.6013503953786,20.333779238726688,11.4889704547526,1617.9262747873395
2026-06-17 10:00:00,332.0551205420897,68.5590955642464,22.47838921919968,3387.004807373593
2026-06-17 11:00:00,488.7402773538257,70.80222872619665,10.510768414680706,2001.111589096599
2026-06-17 12:00:00,1600.241678615832,83.11985357193868,22.28295876586761,1636.1113531669341
2026-06-17 13:00:00,134.20692715022585,34.47869482836592,43.09068624039717,1317.6577048705794
2026-06-17 14:00:00,1379.6361343041592,46.05640437026209,37.95049756716518,1899.6960897122071
2026-06-17 15:00:00,905.4145972745189,33.31843141330041,42.43176045800098,3167.143901565332
2026-06-17 16:00:00,859.5126700273316,,36.478474893283774,2421.4195734223335
2026-06-17 17:00:00,112.0641052413082,67.84193357684717,16.609041181636176,2628.1136082024054
2026-06-17 18:00:00,1492.9769926430376,31.229014206509035,36.7299904962686,3237.0213181701192
2026-06-17 19:00:00,711.702331082163,39.105300337319335,41.60829271634142,2376.9638280247614
2026-06-17 20:00:00,1019.3015732109229,36.92695552853848,42.66957466483039,3060.3876762904906
2026-06-17 21:00:00,1251.411166770621,,31.06070543013987,1980.0498839603426
2026-06-17 22:00:00,1294.470279944457,82.6838107238505,10.30013232786498,3351.913911966562
2026-06-17 23:00:00,1725.166100004323,60.34128945635658,2.7480827480463974,1465.50913437615
2026-06-18 00:00:00,1003.2779205022355,42.9708510523867,7.476810039046853,2822.1420035778556
2026-06-18 01:00:00,779.5232366565268,70.34925521176062,43.484064387333596,2687.189202196618
2026-06-18 02:00:00,1721.2961650359034,58.04644784687024,21.332260264481853,1702.5101622867155
2026-06-18 03:00:00,1191.5873995433858,6.3943217834854,38.61938465261053,2116.5723975777255
2026-06-18 04:00:00,606.8556056701445,9.514059191276907,21.46194275656481,
2026-06-18 05:00:00,314.98921718607096,4.374608022553367,30.075973672232934,1498.4350234982403
2026-06-18 06:00:00,1532.3426524908082,41.65665303236246,2.0621941933826804,2528.054848196766
2026-06-18 07:00:00,715.7087247500576,74.50095565616787,11.994057479652138,3386.7066756868476
2026-06-18 08:00:00,,28.864402072270334,20.195848321873928,2475.135096212118
2026-06-18 09:00:00,900.3879129220268,35.19025629523087,28.74776607478318,2445.0458044466604
2026-06-18 10:00:00,438.1806256515652,81.94346264474227,8.546932274339854,1384.6587854445515
2026-06-18 11:00:00,1122.8672346547905,75.48440663318227,34.64026442790156,1592.3624690637498
2026-06-18 12:00:00,203.16121721615994,60.18928200204784,17.03380706999444,2377.760087114748
2026-06-18 13:00:00,802.6821817810268,24.745536606210365,36.96715184629092,3368.8749847865497
2026-06-18 14:00:00,1029.2453974282407,11.416691959271471,5.3106399773829605,3140.8762444699037
2026-06-18 15:00:00,841.2798560015844,2.4292352185301205,30.909289858024366,2014.4391548836518
2026-06-18 16:00:00,1372.7426979266845,10.523949861793458,13.906446661086449,2440.308933879068
2026-06-18 17:00:00,1507.4724227270312,27.041083482530908,35.99685966139519,2460.674666733687
2026-06-18 18:00:00,1411.1132258564028,50.10931565857511,18.695498789866065,2739.2572868005846
2026-06-18 19:00:00,165.9820112800636,6.696007364962433,30.275383819596925,2744.342286602191
2026-06-18 20:00:00,430.01890975815274,13.124272270341962,42.10943182000483,2958.564225610545
2026-06-18 21:00:00,1012.2327657484163,17.11618250540675,1.9075718086056317,1352.4391521633331
2026-06-18 22:00:00,1689.197468754462,57.24640627551425,1.4891384227124398,3281.728400338636
2026-06-18 23:00:00,1519.4265175885987,55.805292109231075,34.892287095775394,1447.1302965774178
2026-06-19 00:00:00,1532.3086641980628,50.01814964712161,29.44129426635544,2299.936234101574
2026-06-19 01:00:00,615.4539293914473,23.294626797938626,13.891107702195036,3231.1164803539896
2026-06-19 02:00:00,830.0614250337944,34.029652518467145,22.753454922067547,2324.1045413852676
2026-06-19 03:00:00,900.2001104370936,9.60538475405913,2.8451692863502247,1433.6373518895452
2026-06-19 04:00:00,367.5316916948477,21.154993734466885,9.467606635894594,1781.4040416050723
2026-06-19 05:00:00,152.81582141557573,80.89576515605965,19.677840479195368,2515.200186273688
2026-06-19 06:00:00,1709.7349290828786,88.19256543278873,37.69795431374522,1484.509397587835
2026-06-19 07:00:00,509.21139562796145,58.641703121986225,22.10535604584373,2189.7236551363226
2026-06-19 08:00:00,507.91313633017324,82.59727299008439,26.799950199143062,1991.0958590019504
2026-06-19 09:00:00,241.74439140689122,58.204029135726834,39.44516684772634,3011.936018430903
2026-06-19 10:00:00,1678.4631783044235,3.9544872633868193,14.588032197909193,1531.2770705044434
2026-06-19 11:00:00,1085.5530953976122,89.7118700637904,31.83077012849046,2733.8767453334513
2026-06-19 12:00:00,1233.9626571131016,9.806754850101607,38.913359381843144,2153.8370488394094
2026-06-19 13:00:00,1649.6807083471892,61.7551203286104,,2534.27642899189
2026-06-19 14:00:00,687.5542871313421,23.502422073656312,16.68503926650463,1731.616721033144
2026-06-19 15:00:00,1156.562428934743,35.88631904871945,44.111647651131626,2580.3777379994135
2026-06-19 16:00:00,165.9590730391087,58.4881424472835,44.26161685103329,2715.3532275738366
2026-06-19 17:00:00,417.5132979929199,39.847374088385926,10.822116932933268,1447.4862857882636
2026-06-19 18:00:00,1513.1178686529022,23.298599244870413,3.923616911275637,3031.1229619241676
2026-06-19 19:00:00,1403.5062057751707,30.7657106321709,12.920550897642327,3108.633637065307
2026-06-19 20:00:00,696.0925754771497,31.397782406162694,18.50020612136224,1433.463516933869
2026-06-19 21:00:00,740.5780672161612,86.37982750123102,20.404246440971203,2566.6937250043
2026-06-19 22:00:00,1007.0425370410851,72.07655841718714,28.22747752253864,2547.424143641677
2026-06-19 23:00:00,100.40970796472874,41.81084066166661,40.57812144578804,
2026-06-20 00:00:00,510.11537126464737,18.784061910381407,15.535312523915149,2018.9274693074979
2026-06-20 01:00:00,453.99407463396454,73.18043381337638,38.39931956196517,3334.74414369887
2026-06-20 02:00:00,525.8210094745979,14.989239973145242,5.113072520771584,2466.44657976436
2026-06-20 03:00:00,1470.0399323068502,19.731137325638304,2.8424867548214476,3259.7447857571606
2026-06-20 04:00:00,575.4455561289534,33.57519187377345,23.177988057432295,2718.8537353425063
2026-06-20 05:00:00,425.5862474852519,79.35098943082711,3.625137826546615,1359.6200882688804
2026-06-20 06:00:00,957.2478833481536,12.729013508435813,18.269551254306126,1463.1977159016233
2026-06-20 07:00:00,1571.5965618336443,11.878843164052821,40.45823714224631,2816.575806271588
2026-06-20 08:00:00,,44.96377395916867,11.625253593128829,2464.5923597749406
2026-06-20 09:00:00,233.51161274775777,25.60053815733705,32.06293410549574,1567.018495659739
2026-06-20 10:00:00,705.88805094443,51.61678680668623,14.304077265162942,2589.5316245425943
2026-06-20 11:00:00,1371.0081017604623,41.19566493680689,2.9764824306539666,3001.603457193212
2026-06-20 12:00:00,1036.173925981151,39.711360465258295,25.49438558205361,2881.2631032784852
2026-06-20 13:00:00,1488.5487282763906,10.965594373342402,37.73355358361707,1816.9411660673406
2026-06-20 14:00:00,1731.3066509356977,13.553422432235774,19.016611727075254,1842.2094299776923
2026-06-20 15:00:00,1447.526210477749,74.07599339276966,,3332.459390714439
2026-06-20 16:00:00,1126.4652340343807,79.84356364388525,40.60103829693994,3163.5500845207043
2026-06-20 17:00:00,938.6806996890468,21.88683442678727,35.74655856042746,1968.508360304831
2026-06-20 18:00:00,168.11744679205333,11.097984635704446,9.53056157328405,3030.5144283049176
2026-06-20 19:00:00,1773.34736398387,5.7540838021714436,33.26889421206025,
2026-06-20 20:00:00,751.9179083775723,55.138487623028816,23.08329310704669,1713.3663127857853
2026-06-20 21:00:00,358.78796365867356,64.6664359125183,33.82253954698773,1680.511713075225
2026-06-20 22:00:00,1233.4050541739764,34.18008903908529,22.7586842229776,1484.213627528382
2026-06-20 23:00:00,583.2900914622809,61.491152206666925,6.630159220765325,3094.8240439388464
2026-06-21 00:00:00,1095.823060582781,64.45333458479783,26.076015654326522,2515.494486229608
2026-06-21 01:00:00,1097.505443335805,84.24546304432458,22.653895665482956,1843.807794237271
2026-06-21 02:00:00,,6.7737537673245445,23.78855628022344,3082.1755687279474
2026-06-21 03:00:00,1521.4016464265724,18.1139633675661,39.67170796041829,2985.5581947249225
2026-06-21 04:00:00,550.4440046442531,7.098812896131944,40.37283005507506,1511.9981880682867
2026-06-21 05:00:00,862.6754057501481,78.25146006691384,20.955632697691605,2652.692684843441
2026-06-21 06:00:00,1014.0766186046516,71.54025724298761,21.052209816323888,2815.8505632041183
2026-06-21 07:00:00,1228.1620253044093,52.14314428534367,23.668226190395103,2803.237407670524
2026-06-21 08:00:00,1432.7521458595022,8.446043494555301,23.861928246707304,2818.5996864932686
2026-06-21 09:00:00,771.1723808930353,25.324799920181047,42.817034343880955,1655.8613498629784
2026-06-21 10:00:00,1198.2798049642133,27.497066477208005,29.573620564609712,1961.6815539644158
2026-06-21 11:00:00,356.0386202164825,,13.208107775069534,3072.774867859371
2026-06-21 12:00:00,1685.5017709222136,23.965906569267677,24.387619065975557,3186.622675477854
2026-06-21 13:00:00,751.199970915706,7.49342788825298,,1886.2966617862276
2026-06-21 14:00:00,1340.1864173599454,66.03784486494365,29.14995572461444,1348.3409839732801
2026-06-21 15:00:00,134.579839199702,27.618138837331607,26.75118595448004,3105.510589048827
2026-06-21 16:00:00,448.8181429381719,41.26130175507375,8.820390803347644,2091.8928594326735
2026-06-21 17:00:00,928.0403253500826,12.362330513425176,2.478100319498329,1991.8734675158664
2026-06-21 18:00:00,1593.0291951449892,72.42679900211759,15.865094304141595,2028.699327346114
2026-06-21 19:00:00,,51.33233704624113,19.810974800651156,2172.9624903320473
2026-06-21 20:00:00,1680.7798198995943,81.24112073267779,3.7193865413478107,2094.359905475334
2026-06-21 21:00:00,922.4547241907538,45.09696911281467,36.85856287287323,2489.504888180477
2026-06-21 22:00:00,933.7634644511149,84.7868847917913,16.139407250452045,1465.7745848461993
2026-06-21 23:00:00,303.56954045090424,80.37627018993801,41.1998408318542,3340.2344080478815
2026-06-22 00:00:00,1464.5156150587736,52.30492722487182,7.794044745059667,3266.547172391539
2026-06-22 01:00:00,519.8412011940063,84.11651599533783,3.505138105241791,3262.2539578925484
2026-06-22 02:00:00,1629.3412319329357,29.754898509215153,,3146.4830105720184
2026-06-22 03:00:00,1648.4011745616733,33.54215248067481,,2686.6852345816324
2026-06-22 04:00:00,1703.6271901860546,5.047537666237287,42.24556812542589,1764.327981771708
2026-06-22 05:00:00,984.391831475253,53.438880701982924,1.453349531964514,1403.9153230073819
2026-06-22 06:00:00,1251.0594341321953,65.25123332367507,19.15526570259754,1508.5742360417098
2026-06-22 07:00:00,1423.476996104828,69.84320793154718,41.776901939187404,1980.3842509777717
2026-06-22 08:00:00,322.7248517057915,14.333649458103194,17.914401096109806,2358.1543535411492
2026-06-22 09:00:00,1121.6272314957453,40.53015743581253,5.096808346420273,3385.8314494880674
2026-06-22 10:00:00,158.30643221562985,16.740825876358493,14.327377485918632,2214.431332768658
2026-06-22 11:00:00,945.8623417608339,59.929334048028146,22.91245732871507,
2026-06-22 12:00:00,363.2325587543866,15.057227145537363,9.146674243106656,2759.830219094969
2026-06-22 13:00:00,410.968974135544,,21.528715026303523,1679.5413379403722
2026-06-22 14:00:00,720.5808633774226,21.526483463865787,37.79910061457685,3258.9367032807368
2026-06-22 15:00:00,835.1431834180551,26.93480169965379,39.39519068865097,2410.972672269742
2026-06-22 16:00:00,1159.3931217047184,76.73066267143898,3.167472327272213,1880.138325763714
2026-06-22 17:00:00,226.52831134547662,41.803617302969414,8.079747754313233,3263.728871311565
2026-06-22 18:00:00,956.2759941036559,3.1356391762064995,13.112765973739384,2613.4462989737954
2026-06-22 19:00:00,410.4627214302719,45.01817635703547,27.174097439054478,2315.7484356233417
2026-06-22 20:00:00,1075.7577975539612,8.524356848830951,16.883769386868554,2518.3274109176255
2026-06-22 21:00:00,1183.587840844012,88.69567996317065,38.13780019162732,2871.434659700976
2026-06-22 22:00:00,1046.4057361398516,53.34192977054861,32.533562204449254,1624.529807755202
2026-06-22 23:00:00,1355.102367813123,23.831402967377084,5.420065016994361,3116.143904476773
2026-06-23 00:00:00,670.5357152095322,,28.480530110532012,3314.964301626247
2026-06-23 01:00:00,1400.6812057763225,7.841172200976181,5.97255551526705,2490.6992686751564
2026-06-23 02:00:00,835.7040389039292,72.19032607992472,12.221569464004244,2732.7687782749563
2026-06-23 03:00:00,923.1136471484145,83.35419679391057,8.826307875506034,3105.6503097771056
2026-06-23 04:00:00,1201.7736163438215,78.8255505503482,8.614725764831018,2087.102325974651
2026-06-23 05:00:00,131.20925279868072,31.416426604572088,28.121403090181804,3384.9467692530366
2026-06-23 06:00:00,1211.7901764144221,29.993362648259797,25.798616592383105,2729.052875544485
2026-06-23 07:00:00,1151.594753422596,4.1227973982507,8.745238722659982,2190.397266551762
2026-06-23 08:00:00,626.7400984805759,58.97463192438159,44.567603438411,
2026-06-23 09:00:00,245.8502843291321,48.606525792891745,19.560816224204927,2395.528068278217
2026-06-23 10:00:00,254.59026485216995,41.88182704813338,5.271050438817212,1534.447300230567
2026-06-23 11:00:00,1669.4803698748885,81.77915484678893,6.305036746025065,2971.317140015569
2026-06-23 12:00:00,1271.7748460839232,15.941222196373321,26.691323403970166,2485.1887185311575
2026-06-23 13:00:00,316.07444341025865,1.8602977354262278,44.0790537488728,2971.275671535166
2026-06-23 14:00:00,706.4293878251408,7.525164238748124,26.165848471244704,1625.3150747716782
2026-06-23 15:00:00,1107.2210896327138,20.88005796663583,42.75782497113204,2430.5500292816287
2026-06-23 16:00:00,1520.471898654103,3.9624138844476686,20.541845433353178,2909.910971647117
2026-06-23 17:00:00,174.2235788121145,45.75309024723906,20.177008560688527,3375.4395919406766
2026-06-23 18:00:00,502.27632349901506,28.954050515788445,23.00032380989882,3157.234280409043
2026-06-23 19:00:00,1612.573283502146,17.06298771806381,31.68672015884443,3115.1342168273427
2026-06-23 20:00:00,115.58143531248803,67.75748267043093,17.175102523858637,1819.6662901074358
2026-06-23 21:00:00,442.3784747496086,19.196168034695173,39.01098543787411,3059.7676635889993
2026-06-23 22:00:00,1730.3410991540422,62.1968539884476,2.2883809297984343,1655.4906828402225
2026-06-23 23:00:00,1142.7831390876909,32.08457662043986,20.34962458125146,1716.0260955517106
2026-06-24 00:00:00,544.841323283761,46.552670698967354,23.483641399116387,1531.2451618612913
2026-06-24 01:00:00,213.88486047294094,84.11416654676746,27.70941848357623,3100.9527144989534
2026-06-24 02:00:00,147.92527876027768,4.324295498607341,13.147164144097983,1527.3344425477692
2026-06-24 03:00:00,516.0666353827763,45.52354116549411,19.809118723376756,1590.0341074645212
2026-06-24 04:00:00,1598.5258933011478,77.04364346915803,22.319661009418493,1816.3630151730104
2026-06-24 05:00:00,807.0532123057661,53.329708104961014,31.224039062061383,2502.591059153346
2026-06-24 06:00:00,1324.5667275821882,25.64147600989894,35.03594412837582,3148.3783891308467
2026-06-24 07:00:00,1661.0845601459282,36.393621027908054,33.464402403126634,2178.279126036693
2026-06-24 08:00:00,793.6687847247882,61.543640956843134,16.029654300741754,2447.2004933027492
2026-06-24 09:00:00,425.171530763575,80.28225859392847,44.9758230116464,1649.6277399102312
2026-06-24 10:00:00,979.1004824567631,4.6549072634484325,38.3412737186359,1858.4862973853624
2026-06-24 11:00:00,1643.7422680017526,7.366955148243501,12.441028418378632,1581.2441012201273
2026-06-24 12:00:00,1467.436504034091,29.929585601253294,9.584655449604412,2160.8295742208884
2026-06-24 13:00:00,211.91073371736144,,14.816935025669181,2539.704883224204
2026-06-24 14:00:00,1277.3737601318892,24.578848873794136,20.903173531984375,1896.4410130702536
2026-06-24 15:00:00,1072.2257881802213,20.693029877703403,38.43517264606301,3076.5912967070644
2026-06-24 16:00:00,1642.6873997889234,18.428429348109038,35.24793960695951,3360.600537113932
2026-06-24 17:00:00,308.2184086455053,12.625533051366968,38.45482943425854,1552.3251898606202
2026-06-24 18:00:00,1007.8613924479163,84.12191772977619,12.966113056054454,1337.5061176321808
2026-06-24 19:00:00,1595.086578970217,13.832862287647622,27.11229378788079,2958.5315055290457
2026-06-24 20:00:00,797.0404374609631,19.19193595413272,13.462958740204476,1700.3496233870242
2026-06-24 21:00:00,919.391360145874,22.917649434289928,5.797019071657698,2041.6078445878038
2026-06-24 22:00:00,219.78315203382908,84.03832370860742,31.10470071288595,2127.885558379202
2026-06-24 23:00:00,572.8441887631484,68.25855789049655,,3224.8587166919833
2026-06-25 00:00:00,651.6613035872105,71.2832492980808,30.378701515084742,2683.56025310894
2026-06-25 01:00:00,1706.7081628663077,10.323485098926326,29.510429415838,1385.2799296360706
2026-06-25 02:00:00,580.5345129199704,75.43157887639478,36.65093155465675,1331.1015054997247
2026-06-25 03:00:00,883.4768499584084,37.3291842817502,7.140402600796833,1719.0930048135883
2026-06-25 04:00:00,1241.2175200592756,24.391249332902596,35.47312653438768,1968.1610758326938
2026-06-25 05:00:00,375.71173309339156,52.24175743330764,44.96816714163443,2317.500051581858
2026-06-25 06:00:00,926.9520581411866,74.17427861768932,38.44586773777969,3059.4627658485965
2026-06-25 07:00:00,1355.516367109043,70.30004144566693,34.07973135841731,1961.1172876729947
2026-06-25 08:00:00,1573.6538621460122,80.20977594972075,30.135275606567134,2090.7281604704763
2026-06-25 09:00:00,1164.6407669261255,83.60376455537451,19.558385326158895,1991.609653020281
2026-06-25 10:00:00,1237.3909760388115,22.19286435706971,33.1420073872305,1318.8272056691019
2026-06-25 11:00:00,314.68190339376724,,,3305.9232321480513
2026-06-25 12:00:00,1707.82004531879,2.301939989251231,28.785924438240684,1591.891356686595
2026-06-25 13:00:00,325.37593172362,79.25962767459033,36.03624864510445,1904.1017042268186
2026-06-25 14:00:00,1416.9439932090572,14.756921481254311,20.745611090780727,
2026-06-25 15:00:00,550.187747023142,77.6712582984998,6.3351193338251885,2330.1406279291177
2026-06-25 16:00:00,1687.1083442921276,30.315471656807077,25.598980014806447,3257.548841379248
2026-06-25 17:00:00,1323.9312169281152,33.7638895083213,12.661915263299075,
2026-06-25 18:00:00,1381.4833120632272,4.482770649063484,17.91505628688261,2225.883539535842
2026-06-25 19:00:00,,30.092212289113444,1.766255773413945,1346.9871761203146
2026-06-25 20:00:00,853.1679602797734,,17.842785868386866,2918.8862649109114
2026-06-25 21:00:00,1150.2824308017869,3.2737186998227683,36.587248669960005,2646.5749014642925
2026-06-25 22:00:00,1408.9551509512216,37.163145101158555,24.87978414528321,2769.3671937850154
2026-06-25 23:00:00,276.73093905106225,3.794567053333961,1.431223185094726,
2026-06-26 00:00:00,1736.0210379726982,34.01218483470678,21.67312809055328,3206.0293620684524
2026-06-26 01:00:00,1613.3751399427451,16.365017029445916,13.823872496397927,2160.07064683248
2026-06-26 02:00:00,559.5926038424934,23.44743700088511,22.01222883747553,2379.5786570528617
2026-06-26 03:00:00,1498.6924131549642,79.10625521136629,18.80647974370659,2760.1073667683218
2026-06-26 04:00:00,981.1506691676999,39.8083806353483,42.00708566052479,2393.1773463004656
2026-06-26 05:00:00,885.0710186554317,25.368021234770186,2.8118011543726955,1697.6048606242887
2026-06-26 06:00:00,634.5379798793892,53.451115637598754,31.077872496405018,1965.8482978943152
2026-06-26 07:00:00,1087.6465972737071,13.64751942509983,38.44517023727663,1493.8183830914911
2026-06-26 08:00:00,1340.811500096116,24.085853060456174,43.20649772462092,2208.488344156325
2026-06-26 09:00:00,798.585938436689,49.61606911665708,8.81599396794902,2579.723395481289
2026-06-26 10:00:00,1169.6726281140966,22.139550724478127,24.377411286512533,1548.9128829651954
2026-06-26 11:00:00,1288.8319659640163,61.44236862867772,2.917941401957324,2624.232955087271
2026-06-26 12:00:00,1308.907088925986,44.74272590109751,22.964075076023896,3175.0314934794296
2026-06-26 13:00:00,188.34236682300644,69.70702725266749,6.520155939803205,2009.2198392695911
2026-06-26 14:00:00,1561.5712696646137,85.39376367929971,37.86745368674339,1766.2695020595215
2026-06-26 15:00:00,879.0306351005815,11.306635151919288,6.010280114636053,3175.3127340679966
2026-06-26 16:00:00,546.1073388835646,30.78518588862449,23.584687857005793,2753.084995384852
2026-06-26 17:00:00,510.9996627154587,29.439866596178184,23.928227035681164,1521.3292229187632
2026-06-26 18:00:00,921.1239918347158,14.455279821015628,43.75262190899064,2157.035099329638
2026-06-26 19:00:00,1607.6136170972306,73.1169792226789,29.819150537711078,2715.5881594845523
2026-06-26 20:00:00,743.1908888604997,,13.664972895379284,2506.2061374484547
2026-06-26 21:00:00,1374.5337695320236,44.11386690426151,11.595169637278094,2598.9489506347336
2026-06-26 22:00:00,264.59184267827163,48.861599223720255,6.642921048382855,2490.983865345245
2026-06-26 23:00:00,909.296393656805,6.299428282222166,34.28664785815862,2975.9288671402696
2026-06-27 00:00:00,1785.8664386676505,50.44015435710706,31.393292872022897,1972.896609273655
2026-06-27 01:00:00,1409.744264746973,71.42939563774765,27.834593601556662,2787.7709305886624
2026-06-27 02:00:00,457.8984303490421,52.070654048963284,2.796979489799487,3381.2668292379967
2026-06-27 03:00:00,952.4505052864482,24.612266940717284,34.564470121348954,2118.9136013404786
2026-06-27 04:00:00,497.16209820256313,60.411796237756015,29.243053394533085,2961.2014605650656
2026-06-27 05:00:00,796.2535763462657,33.17247026690704,43.411110196861486,1816.829397985959
2026-06-27 06:00:00,1426.1428403494401,49.49372230143044,26.83689371457973,1891.9830957965037
2026-06-27 07:00:00,1411.0821859936862,44.3933173318243,14.373883893115158,3263.2141357854407
2026-06-27 08:00:00,487.7706424340547,34.924575085901026,17.78690429633009,1354.4705481222466
2026-06-27 09:00:00,1667.7796408632623,64.98014025507803,8.73699103664223,
2026-06-27 10:00:00,1107.3659107002056,,32.80822401686095,2314.1334654052066
2026-06-27 11:00:00,745.8712946354246,1.46391414444632,32.13975304095591,2143.8800055787915
2026-06-27 12:00:00,953.2904873274631,84.09187021150268,9.828600681017754,2621.2564355935656
2026-06-27 13:00:00,1128.6211308441643,46.52484711140702,7.973530220020258,1704.716305756802
2026-06-27 14:00:00,1051.8139041378352,63.3651373523306,4.388217060896562,1448.148709173916
2026-06-27 15:00:00,926.8885604115029,77.15058638965306,41.12693272199738,
2026-06-27 16:00:00,958.3857669519801,42.572228615970026,11.255072682573449,2401.14600850278
2026-06-27 17:00:00,399.9002477274065,75.31269252947523,16.143195177079374,2480.203857878314
2026-06-27 18:00:00,1481.645937317955,16.808163931512997,13.342198368609587,2563.1363994391804
2026-06-27 19:00:00,1020.9925438997261,15.165910568703488,19.199482514874806,2452.1901910992656
2026-06-27 20:00:00,322.83576489799526,59.51495182819767,32.418147172829265,1816.0791390394938
2026-06-27 21:00:00,1402.4670726907225,78.4427274941046,39.30620788395652,2905.5544455349036
2026-06-27 22:00:00,1685.1547632414963,80.42592980070751,9.034344979255767,1484.338549652737
2026-06-27 23:00:00,1710.4217287028355,58.292900795574944,,1716.5431470595843
2026-06-28 00:00:00,727.3301450989936,47.76854148862925,16.512734258669347,2852.69381894014
2026-06-28 01:00:00,330.37868505328186,30.493984804989942,44.14319540508088,1887.4248816210286
2026-06-28 02:00:00,981.2793652762108,88.2200369883405,14.152443008499382,2336.2942273797507
2026-06-28 03:00:00,291.4356898936752,29.452916113296293,1.3164900643458384,1987.1152557966736
2026-06-28 04:00:00,1687.7786114714493,67.23256354361179,23.688158856873187,2364.660544393607
2026-06-28 05:00:00,412.08536650374816,48.346380191545066,7.63216770814126,2027.9771798894667
2026-06-28 06:00:00,529.7019619169789,55.15759848475586,2.9577547800095605,3387.836778802706
2026-06-28 07:00:00,791.2820957044497,36.01976900238773,31.723846205699175,2050.7029376521077
2026-06-28 08:00:00,751.3795965505138,86.86925816703005,33.219408430372084,2616.8037765350555
2026-06-28 09:00:00,1450.9269170764114,51.87972702283513,21.27075657712611,3165.5207570668426
2026-06-28 10:00:00,875.738594936636,84.4630991108323,30.7829627372894,2639.6634881659757
2026-06-28 11:00:00,390.30604200567274,1.675636039478357,24.68253572287389,2488.300235730178
2026-06-28 12:00:00,554.256822326326,51.967681904009766,28.711248739764994,2495.381854988037
2026-06-28 13:00:00,965.4927548187875,64.82963318554916,27.25497482027029,2342.56749293911
2026-06-28 14:00:00,350.6716596244293,67.3121352334374,30.296201618446066,2995.9188429493556
2026-06-28 15:00:00,1139.814648598224,81.54294247856964,9.783748541619536,1405.890564558902
2026-06-28 16:00:00,1061.770421136948,1.3917432013369786,12.82309128161481,3158.7728066515883
2026-06-28 17:00:00,1314.993937849838,1.0293841740934029,20.35837857833845,2531.21366251585
2026-06-28 18:00:00,1694.0978461449251,43.03144801077416,20.629632414444202,3082.633764637071
2026-06-28 19:00:00,1650.8327538719645,3.607139745477988,35.07411530982379,1321.824675342838
2026-06-28 20:00:00,1708.3285507170133,87.73339727595133,17.16532100609941,3125.480448319397
2026-06-28 21:00:00,516.0165149402916,20.763800534183886,8.150226866604024,1552.2887902638604
2026-06-28 22:00:00,323.66102128690284,43.06716091347118,12.064502701607339,2814.5578134240386
2026-06-28 23:00:00,613.8703908439625,6.441249071087901,10.44827410490605,2174.694925064472
2026-06-29 00:00:00,1621.644793702735,47.46230903924201,33.19304084726497,2730.2520213056414
2026-06-29 01:00:00,1752.49090685993,34.81609513811936,21.694943043543212,2619.198449122465
2026-06-29 02:00:00,1560.8524168198092,,32.17975071072327,1643.1327488412078
2026-06-29 03:00:00,287.0301259168241,30.826059735964,19.313665953335587,2380.688905339859
2026-06-29 04:00:00,,35.83780579983415,40.148366510171826,1882.1839937085356
2026-06-29 05:00:00,819.7086464963362,89.10301272346966,44.274893539800324,2476.917369980826
2026-06-29 06:00:00,115.82749429600125,19.501842600824418,30.473070382914912,2849.8068944109727
2026-06-29 07:00:00,852.0693592719291,49.48538576793887,39.00775251839363,1470.6426706218597
2026-06-29 08:00:00,178.3175884482949,88.87108387867795,23.349063755570757,2383.101089415153
2026-06-29 09:00:00,1024.5924659738998,71.48970950667203,42.123316975571946,2597.022623600743
2026-06-29 10:00:00,675.5418466429873,89.40970757850592,37.589805369604434,1920.2716525541491
2026-06-29 11:00:00,904.8393871098829,87.17855000475507,44.63825715770572,3301.307313871615
2026-06-29 12:00:00,1142.389613263299,44.56901924637973,28.416124354422344,2392.635933564342
2026-06-29 13:00:00,1576.9618628902945,62.977450638480356,35.28509657180206,1683.2858886764589
2026-06-29 14:00:00,1225.2326800022786,10.829438297762449,24.886198159041392,1526.3553497784965
2026-06-29 15:00:00,,40.26224542916537,12.401284587942605,2437.4850532472674
2026-06-29 16:00:00,1493.0273512396207,73.00265026173608,16.60922752970934,2088.0006003665508
2026-06-29 17:00:00,1639.4896338743247,45.97484356696576,40.33623824817791,1704.3489053136077
2026-06-29 18:00:00,303.59194293473524,63.54021392073364,3.461709650339305,1364.4668222501266
2026-06-29 19:00:00,1004.2860618397455,67.37186836860064,27.02511498727396,2489.860168079548
2026-06-29 20:00:00,583.6703315621551,23.558753570617554,17.389297430180783,2557.0604973506897
2026-06-29 21:00:00,180.0040363908106,78.93724419188833,18.01447167224445,1597.7854624810839
2026-06-29 22:00:00,1236.5293816937751,41.92419635091693,39.92113308220576,2563.649904517639
2026-06-29 23:00:00,1566.7103216806836,19.706474222317393,38.56818448003397,3299.1427848859566
2026-06-30 00:00:00,376.93451261156986,78.02201347917149,27.34906452518862,3354.420780978453
2026-06-30 01:00:00,1481.103217960631,38.185873743456575,13.008429285790692,
2026-06-30 02:00:00,1550.772747012801,67.77780701579506,21.92007923112906,2994.865019755055
2026-06-30 03:00:00,1654.378752533022,49.77494342772177,18.964909326725504,1739.6724570979957
2026-06-30 04:00:00,550.984651446289,34.98658594887054,16.559193284909792,1628.5138832414532
2026-06-30 05:00:00,1636.7202108228119,73.07900093843267,5.5225654565210425,2234.3899647992444
2026-06-30 06:00:00,645.1266830519348,,24.897011015474096,2601.22667776896
2026-06-30 07:00:00,1038.9746228743547,35.76002711600582,14.280577106477278,3086.4252364175936
2026-06-30 08:00:00,185.8627004148796,10.754210459826306,30.07554948881125,1787.1223863872833
2026-06-30 09:00:00,174.59785022686413,80.694632925237,15.044973176323353,2307.2605910926986
2026-06-30 10:00:00,1324.634461644745,4.156793095408323,19.971193697931277,2659.6245081093766
2026-06-30 11:00:00,855.6159625622448,77.82367400475701,3.3038564645539314,2235.7470945222803
2026-06-30 12:00:00,535.6970381276699,33.036575714600836,44.671675075841016,2253.806721866497
2026-06-30 13:00:00,423.7029432423473,57.90114995162512,23.334856864107735,1772.746038159386
2026-06-30 14:00:00,1238.9209344606707,83.075775421376,2.066454143223604,3371.9879003132596
2026-06-30 15:00:00,100.68262484307779,14.501888779846958,24.814148985490338,2297.9058951556312
2026-06-30 16:00:00,1470.0149876346522,51.458592331854106,39.295575969448585,2418.758085351533
2026-06-30 17:00:00,234.724330420879,69.03452475094709,34.99229390771291,1758.974511702341
2026-06-30 18:00:00,425.53234534380306,68.42496111199611,31.839894101695982,2379.687108496819
2026-06-30 19:00:00,756.6018720084523,47.78124039935585,7.136444802357536,1836.234072922044
2026-06-30 20:00:00,924.2598575173761,56.60181193167477,29.940431475448783,1724.9061279052796
2026-06-30 21:00:00,703.4916968837011,68.41990247782316,34.717128632539456,1879.0167269801623
2026-06-30 22:00:00,645.2106804732996,75.85145976040964,26.18643881448185,1305.79526186109
2026-06-30 23:00:00,1738.6572205244204,68.80136562195187,40.28095619889547,2497.3173352035365
2026-07-01 00:00:00,1190.6854581137702,32.506439943130594,13.18755039853496,2113.7080115979707
2026-07-01 01:00:00,139.83602412455997,89.70864969413824,11.654366788527025,3187.2469403072537
2026-07-01 02:00:00,831.2990443553324,39.67073974101809,39.261068777476424,1385.4850645862946
2026-07-01 03:00:00,1587.5147895647494,3.1773585455450744,28.517522691623906,1390.7206317970752
2026-07-01 04:00:00,612.4755168981355,33.272908691106124,1.0636777029239703,3160.334386356425
2026-07-01 05:00:00,260.74578611646,12.37268295707205,16.53778197448631,1565.9537486291165
2026-07-01 06:00:00,1389.2541117028602,11.808392799825375,38.74566337584568,1304.5362186604038
2026-07-01 07:00:00,1130.2235142913382,26.056618569513596,2.2020585122367047,1675.7191137973289
2026-07-01 08:00:00,1069.5312633050567,5.750418981776215,1.1429088435063908,3030.1399677049685
2026-07-01 09:00:00,191.08015133259346,62.27758476845111,13.37540878310571,2985.6995737962147
2026-07-01 10:00:00,338.8483166523795,7.5850106939695525,41.21600162840823,2014.2776427712472
2026-07-01 11:00:00,1158.3339735622935,19.092770433800098,40.66501358468072,2702.8649262456893
2026-07-01 12:00:00,453.3005304800209,9.268074589976624,23.825525615266347,2365.2243854052385
2026-07-01 13:00:00,956.9191355723214,6.621928050369766,25.342422330143396,3199.9434786764027
2026-07-01 14:00:00,1026.2988662499688,24.829898233019208,15.608352497956307,1418.489298376587
2026-07-01 15:00:00,581.962223460597,51.89900812177293,11.724413129223635,3007.6761703469265
2026-07-01 16:00:00,1712.3227644205379,86.85701452376891,36.8697615853332,1658.257205797666
2026-07-01 17:00:00,1532.1889816204778,78.92454223711496,5.676973861984223,2122.4038846066946
2026-07-01 18:00:00,1328.0349629757575,78.9581193646339,22.443592318659974,1703.1100180130084
2026-07-01 19:00:00,232.58957289599545,16.66996620735153,28.913479417871716,
2026-07-01 20:00:00,280.42103282533304,24.57674022130599,5.5619327763252855,2724.4849774818413
2026-07-01 21:00:00,937.7282879704247,7.799005194782207,23.862712200783232,2450.5849635679565
2026-07-01 22:00:00,373.21269362467564,70.28368225245147,26.4109366681475,2766.142377287676
2026-07-01 23:00:00,1763.0512880001058,7.213650832215014,33.669826662324056,2643.086039269815
2026-07-02 00:00:00,369.48439784659604,50.54591470305594,11.332786162491447,2930.528316936963
2026-07-02 01:00:00,928.6953202887557,23.060925936831616,13.906410144793366,1802.7539677101522
2026-07-02 02:00:00,719.0057966305592,22.66666142855828,26.05893045185347,2200.716491375513
2026-07-02 03:00:00,1186.9569164719665,89.17452991703685,44.25756203919102,1618.4157116438803
2026-07-02 04:00:00,319.36189511202235,68.35340282108983,10.569700044085035,2202.1464848624073
2026-07-02 05:00:00,831.5379276720645,75.48760288790346,44.379768393432414,2773.552677982717
2026-07-02 06:00:00,566.9985557721442,51.90645899561712,32.43107145439718,2751.921437647138
2026-07-02 07:00:00,1609.1775919418697,78.52027157804368,37.34761106372102,2789.79649691938
2026-07-02 08:00:00,168.99571062898164,58.44865798580541,4.944215802398926,1948.4118101531487
2026-07-02 09:00:00,1653.3367398109808,,14.21848824694782,2690.6493449609397
2026-07-02 10:00:00,1516.0900355401006,26.03913415806167,3.540396304643166,2071.6792711367702
2026-07-02 11:00:00,605.8702179493862,53.98343957467766,17.34806778013971,3283.4332968206045
2026-07-02 12:00:00,1441.794112951078,62.4216899663834,44.17674503648228,2021.0693683487114
2026-07-02 13:00:00,153.06305257587084,35.971420147474795,5.632014737078893,2566.338291493215
2026-07-02 14:00:00,1743.6714354987691,79.29401043396074,25.744402424332776,2875.3059998035696
2026-07-02 15:00:00,995.2114024026419,88.20248151626974,1.2671074038077421,3203.455600955316
2026-07-02 16:00:00,615.577744311257,44.94548473216688,32.35804390593876,2219.650067253213
2026-07-02 17:00:00,716.391461410951,35.767018277586175,9.676478464369808,2057.018727237363
2026-07-02 18:00:00,212.88910088284553,43.00247564152482,6.701719633489569,2203.059168164837
2026-07-02 19:00:00,1781.8941738714666,76.89357037014192,15.828783735074655,1979.7623382545398
2026-07-02 20:00:00,166.79630675617716,58.44668987111692,34.92594910931519,2673.2414291413597
2026-07-02 21:00:00,1213.3421093513605,4.984741154110461,5.690975797693275,3258.7052044180264
2026-07-02 22:00:00,852.6510771009791,49.25312202966862,11.112915815142596,1564.74911362767
2026-07-02 23:00:00,1713.1575709208157,2.5397109239463136,1.3724345511616196,2477.9363360173293
2026-07-03 00:00:00,518.1995585215518,70.28964801930309,43.610253958607196,3185.062323256695
2026-07-03 01:00:00,1004.5476006946193,30.219792345279274,27.054406399510007,1510.240543777637
2026-07-03 02:00:00,920.00555459068,43.00866590844231,32.675584000926776,2337.1173626091895
2026-07-03 03:00:00,1294.8729548851722,72.08235142577925,29.660859530864638,3116.982151306937
2026-07-03 04:00:00,215.61739431911485,5.1339447384327785,7.352040590265672,3190.949644595373
2026-07-03 05:00:00,429.4415210397032,15.110196667653328,27.17735731573574,2380.1395384211246
2026-07-03 06:00:00,464.7601941578447,36.41847350361522,6.782286186215533,1352.3989573822066
2026-07-03 07:00:00,1354.8562832308724,21.463339555554892,18.65440397437763,1521.8422746984256
2026-07-03 08:00:00,421.5357837554581,31.073226893980618,26.034377980712893,2532.105165006591
2026-07-03 09:00:00,1074.9359986146603,89.83755167242938,25.59076902049486,
2026-07-03 10:00:00,465.91449485162127,74.46188494406915,6.2392307432406025,1613.7773315136687
2026-07-03 11:00:00,1564.7624151427633,79.66726153144967,2.515182664446976,2921.445905342439
2026-07-03 12:00:00,1701.7152726323854,84.39786238735401,36.12230981044781,2876.453323008551
2026-07-03 13:00:00,981.4380574018088,31.34329334796341,32.94058722782424,3069.822794793491
2026-07-03 14:00:00,698.9251031556031,27.43984924388607,4.600031800848475,1522.043786662822
2026-07-03 15:00:00,497.89821752974854,21.831561838914666,6.606282827268352,1716.1042503033173
2026-07-03 16:00:00,184.62770258917442,74.88040510642291,40.27368616114329,3049.2190027031666
2026-07-03 17:00:00,556.4501295357422,61.48011574338146,34.84167167135832,2814.2839782653637
2026-07-03 18:00:00,1212.2008259070403,22.01930644097608,44.831053033533664,2992.5078684388845
2026-07-03 19:00:00,1007.1487832256585,34.55245079973049,12.175447765020955,3378.4659173066366
2026-07-03 20:00:00,1704.8701730775767,46.09734699001905,22.463331510227857,3115.3063729269743
2026-07-03 21:00:00,773.671346235891,48.004465097364076,11.40422134674365,2392.9728267844966
2026-07-03 22:00:00,1279.5676819582707,80.0967678411026,28.40320609300163,1952.6131880742405
2026-07-03 23:00:00,931.8486707077063,34.870385832302254,6.078226520017991,2496.3208318068723
2026-07-04 00:00:00,971.3795670711598,81.85863871454559,6.598699600693456,2641.0317554923504
2026-07-04 01:00:00,555.2163348269997,40.28171286846128,4.163067221825396,2004.155496645204
2026-07-04 02:00:00,873.4163206313995,67.42716805651949,31.517787619623345,2918.967778717825
2026-07-04 03:00:00,900.3344949216023,83.79263447866998,22.739193407061098,1494.7829645815623
2026-07-04 04:00:00,1301.2922869731876,81.7742376527307,28.18017351960372,2936.724986431591
2026-07-04 05:00:00,1699.0879986163936,6.068805189315624,39.689246049931796,
2026-07-04 06:00:00,659.8461717202573,19.307682252914717,33.57445332923578,2345.7287275151293
2026-07-04 07:00:00,171.74079658820736,43.444582872372486,21.315808399334404,3109.016573314859
2026-07-04 08:00:00,943.7017133510875,39.40833180582655,44.31166348934596,1481.6400754449348
2026-07-04 09:00:00,1025.5842646535866,58.03935817051143,21.075268450246824,2387.251766637756
2026-07-04 10:00:00,386.34893692425595,85.07910552346169,5.94782962227546,1634.7220218187645
2026-07-04 11:00:00,1392.7898306693135,11.004019303737445,44.676808879119505,3179.1130751279643
2026-07-04 12:00:00,1774.3794843505357,41.215421196947396,2.0041121206532813,3047.9256067706233
2026-07-04 13:00:00,1707.8170189143837,18.1245823719554,25.194876617461095,3261.226210916324
2026-07-04 14:00:00,435.0802660002087,80.57557625741732,14.600201502787208,3137.4629172131963
2026-07-04 15:00:00,1588.117507831293,86.8476365363471,23.15629464474733,2846.7619507185805
2026-07-04 16:00:00,1297.639181899864,43.60444968824116,25.58336991415895,1688.267310735856
2026-07-04 17:00:00,,10.256916497804527,11.564219436253454,1935.2554929046914
2026-07-04 18:00:00,1019.0386903520393,70.89122533831792,25.50178525243952,2343.395832446816
2026-07-04 19:00:00,1544.3202974701787,63.04558019382351,34.26668892824365,2536.68324118092
2026-07-04 20:00:00,916.2293973852344,32.56570356831763,12.726432838735928,2942.585130157741
2026-07-04 21:00:00,734.4525274787156,79.97926518323774,17.87074986581191,1776.615219192828
2026-07-04 22:00:00,938.5207381441759,87.84903819066093,12.802678499218548,1569.3825277086228
2026-07-04 23:00:00,1084.5206668595833,50.648992572587396,37.10462816348091,2313.481358246636
2026-07-05 00:00:00,421.43201142319305,51.349784109642016,32.899219405222254,1631.4669628331333
2026-07-05 01:00:00,1631.5431414538841,,39.33264323760992,2756.847284892102
2026-07-05 02:00:00,1246.1178130103435,53.02103720251496,8.482195287673008,2508.8248691926065
2026-07-05 03:00:00,1176.5571594737312,40.12816652671134,4.237504079029068,2856.3263737396583
2026-07-05 04:00:00,269.1435845070848,27.89500139659662,6.252874169781627,1433.2167752757277
2026-07-05 05:00:00,1127.095694893406,6.979482490627217,8.0848066442664,3325.8648769328283
2026-07-05 06:00:00,305.633125805437,23.490999514112115,24.455637069691303,1300.0116270190497
2026-07-05 07:00:00,233.78604783217838,18.609063821312134,43.720131095961655,1983.429071528423
2026-07-05 08:00:00,996.4285225920686,49.241736625301456,16.71835833113841,2727.233066069103
2026-07-05 09:00:00,784.7354078790414,54.54863193695985,43.17436385184903,1394.7983551104496
2026-07-05 10:00:00,1100.9774592655795,55.16288346323547,2.6808349795239077,1475.0341208509747
2026-07-05 11:00:00,251.6776856973056,35.54810909306544,41.782376923844964,1461.0310181792627
2026-07-05 12:00:00,832.6712068403393,38.48944629800914,8.970714721418732,2521.1704261140567
2026-07-05 13:00:00,,75.24722023801696,41.148899371651346,3181.44316158093
2026-07-05 14:00:00,1778.0701460709981,43.38472040302745,3.474006925080291,2466.41765319575
2026-07-05 15:00:00,1053.9553611397964,88.91182656020389,42.721655689781436,2567.4998397873105
2026-07-05 16:00:00,1268.6426635994744,40.12593347078897,9.835123630029877,2026.6034675367778
2026-07-05 17:00:00,653.2110771604333,58.81270407098767,14.319418643219072,1339.3564331766179
2026-07-05 18:00:00,261.0561551248851,5.482306910412227,22.601463140530157,1345.3909072775543
2026-07-05 19:00:00,1758.9804667320122,59.14725327327417,17.75171877436091,3165.450929609914
2026-07-05 20:00:00,586.6403601514114,76.77694910293555,30.3712306475786,1515.402121311258
2026-07-05 21:00:00,820.4739147950762,84.87874762946336,43.8915417590034,3399.55768080645
2026-07-05 22:00:00,1204.7686668943775,89.76153443593957,27.68276559541739,1645.287484173684
2026-07-05 23:00:00,141.9854060663892,26.11389946278175,32.74535801520817,
2026-07-06 00:00:00,1477.4405218793877,,4.872231013450866,3292.8064915799023
2026-07-06 01:00:00,1012.1829230486545,41.113900712361115,28.623746879080237,2060.807483048255
2026-07-06 02:00:00,572.9692180169977,51.179755771190216,20.96939019004218,2842.3096963707776
2026-07-06 03:00:00,204.7335749971977,15.013313189896351,39.97442374846365,2036.7989512289037
2026-07-06 04:00:00,376.24730630655046,77.19731196103879,18.081288384296485,1940.3762191990352
2026-07-06 05:00:00,1621.5575600508428,81.9516359576683,30.89598233819644,1723.7885734084216
2026-07-06 06:00:00,1266.2411806910147,41.01988801705011,11.03876404339948,3023.9633044876155
2026-07-06 07:00:00,524.8329267827128,,12.412391475064624,1840.5128335792106
2026-07-06 08:00:00,211.5213004065502,,17.549386960580037,1894.6321421023008
2026-07-06 09:00:00,1274.0460310572817,61.8550694052246,,3397.8364586174325
2026-07-06 10:00:00,1073.0931341452006,28.788633726245433,12.170668933163292,1987.3519144351717
2026-07-06 11:00:00,787.6831915789995,81.94893272229159,3.185423059635609,2187.8264265473026
2026-07-06 12:00:00,718.1394636231086,60.72011026119343,37.8168385971082,3379.116461327153
2026-07-06 13:00:00,468.5842690794841,58.465993940507424,3.82926735921651,2075.530725376595
2026-07-06 14:00:00,1238.33913611378,50.786788314943436,40.04408268653057,2068.9192151953207
2026-07-06 15:00:00,1750.13564724958,5.074094209156579,6.520477118994652,3038.2003790491062
2026-07-06 16:00:00,398.7159179226039,83.94109677601725,3.8715164307569974,1955.0537738241533
2026-07-06 17:00:00,1115.0982540263558,56.88643690365194,25.772209615150672,1790.950817649055
2026-07-06 18:00:00,821.1145947681596,89.47151652109682,23.10743887328776,2188.741535868177
2026-07-06 19:00:00,859.3708269659303,48.82472002478695,22.614321028602944,2771.345681210005
2026-07-06 20:00:00,532.0503762172846,64.19986937965297,26.2781904100615,1390.8103524564572
2026-07-06 21:00:00,1502.7292886244124,6.0026506500937735,13.630490669242853,2085.22365715899
2026-07-06 22:00:00,924.93452705031,57.224519737283565,30.169768030902894,2027.1142940862646
2026-07-06 23:00:00,1023.7899487370489,69.05381543154179,23.10569766711606,1814.1185292502682
2026-07-07 00:00:00,618.0935517554537,70.2877722418776,15.728712546122312,2674.0034053991244
2026-07-07 01:00:00,409.07439163381457,69.5399370484954,37.366029347152036,1908.9791688687224
2026-07-07 02:00:00,246.04765994479482,21.139153829136422,33.019728238375244,2574.136273916806
2026-07-07 03:00:00,1314.0025395723571,,18.318855045563367,2359.1073670547166
2026-07-07 04:00:00,433.59827886935454,89.57120873561955,38.2951825500704,1756.098728734387
2026-07-07 05:00:00,1273.128102120956,7.728032889382513,41.491363004918064,1859.7887197885814
2026-07-07 06:00:00,763.6399582798216,84.3437316302464,24.62211575171195,1658.2601119437843
2026-07-07 07:00:00,806.8171616824075,26.76097829308887,,1418.9213511870114
2026-07-07 08:00:00,897.6017433577119,62.346283275835866,41.29485488806742,2600.295772520314
2026-07-07 09:00:00,725.1044638168235,31.09187194551576,9.337103284202758,2712.856257220102
2026-07-07 10:00:00,271.0539612784031,87.13013478020781,3.1306219623598426,1648.5999865782069
2026-07-07 11:00:00,626.3740770048379,10.033843389014658,15.409428390417759,2592.324007840754
2026-07-07 12:00:00,1228.3484131796954,45.29946670911747,32.98651915628575,3362.3779541209137
2026-07-07 13:00:00,1231.8334824970807,39.096253482844645,41.62405979955618,1456.2443993694264
2026-07-07 14:00:00,586.5813223079904,30.016087252740657,29.040568459835356,2329.7788322476135
2026-07-07 15:00:00,882.1744651480695,58.452525188333226,42.88089606653304,2839.380248652093
2026-07-07 16:00:00,428.8602876202937,12.663961164528406,5.064316928139451,1396.6193154424266
2026-07-07 17:00:00,457.6325386007208,64.78295521389902,3.6731641018728824,2934.374337394993
2026-07-07 18:00:00,139.1800502912326,88.27269901862607,27.58444583272122,3356.9735978950603
2026-07-07 19:00:00,1624.4691348431659,72.60572558770808,43.50911818968121,1485.8245134187816
2026-07-07 20:00:00,458.20133062734055,77.54149100894954,23.119737594007855,3026.6828014784433
2026-07-07 21:00:00,486.80759079198765,33.007670142931225,3.266669941329426,2095.021243475398
2026-07-07 22:00:00,575.3224354967241,29.914907976828463,10.73362086740807,1602.6440251114248
2026-07-07 23:00:00,316.5937218822293,47.017303567421855,11.77088788229391,2335.7057393123305
2026-07-08 00:00:00,1186.7469014083167,5.069668713842269,15.865713682025799,1450.189345140553
2026-07-08 01:00:00,227.74302040189718,85.1368739666314,2.9185488777933557,2396.4129571510866
2026-07-08 02:00:00,328.1441247547955,13.796880398441106,40.815278821908315,1340.649254808504
2026-07-08 03:00:00,1196.0864352031579,81.36816048596022,23.684813567745792,2830.0840275127334
2026-07-08 04:00:00,677.4230548184527,8.438817758031657,30.5209548899808,2324.736340204336
2026-07-08 05:00:00,1303.5113053920213,74.21361856339185,3.9556048233803947,2263.7732879638793
2026-07-08 06:00:00,1047.6220659392416,14.524664803161146,3.3810805833605735,1712.0021368583757
2026-07-08 07:00:00,535.2359942045722,4.39371365414107,26.804581969784078,2058.652627169008
2026-07-08 08:00:00,1206.4075158318576,65.03456107308737,40.041024462185156,1681.9258080854993
2026-07-08 09:00:00,297.6652564978971,25.943611715524117,24.253208042220066,2844.319211125053
2026-07-08 10:00:00,1011.8976512360517,64.5901575978071,39.624043593083144,1717.9531288093572
2026-07-08 11:00:00,843.1517785765589,50.40258729208096,36.68361601443053,2595.1819868086013
2026-07-08 12:00:00,555.3850907896493,10.683857730475836,4.337566574976513,1887.1757522422795
2026-07-08 13:00:00,1126.80849615715,83.95957652380358,9.886128872970355,2679.6626114389874
2026-07-08 14:00:00,1581.2671069784803,41.255961553949504,29.93926944283507,2434.9554137348186
2026-07-08 15:00:00,1798.1379895972304,66.36580772408324,20.514060832201828,2189.221126470712
2026-07-08 16:00:00,1133.1967068638216,45.59083090939063,13.790791800464504,2713.3017501619897
2026-07-08 17:00:00,787.9999863595892,54.78817127154722,19.41988966611108,2173.016350377281
2026-07-08 18:00:00,482.85207036754275,27.946849719745625,20.58878443590791,3024.878265407569
2026-07-08 19:00:00,537.06335197169,18.832067056307075,41.064299036150246,2832.1567622940584
2026-07-08 20:00:00,915.0734628546016,49.288748103318035,5.552164483017933,
2026-07-08 21:00:00,724.3720921772057,40.179488594419176,13.30815285953506,3141.827433430594
2026-07-08 22:00:00,1653.484688462405,35.72007599562005,24.652851929639414,
2026-07-08 23:00:00,726.1022950147062,60.85848036342145,,2416.8627287030486
2026-07-09 00:00:00,734.8558049472404,62.4550902489911,28.74804071420672,1443.7401567716747
2026-07-09 01:00:00,752.0086711377609,5.08688499212241,42.432280460445355,2488.5923396184126
2026-07-09 02:00:00,1522.2543576250189,31.14825998768682,36.00679269205682,2046.0396780765996
2026-07-09 03:00:00,1206.340145439733,37.64704497014758,25.511381046874934,2434.2371798878416
2026-07-09 04:00:00,1144.0870455421175,9.62340234361096,10.44603843363433,2658.973967044946
2026-07-09 05:00:00,668.0431380525657,21.995177136147664,20.83846618169855,2654.1610071863433
2026-07-09 06:00:00,1490.437100615147,5.59611995282534,31.508818744557004,2714.400491387803
2026-07-09 07:00:00,165.21856430469194,89.66554677691484,37.870335692787734,2726.464112594531
2026-07-09 08:00:00,1580.3551929747923,66.55359106431617,43.228393874585045,1529.4909792983588
2026-07-09 09:00:00,971.6748296496803,8.783063928745076,27.63992171006838,1702.5958939603165
2026-07-09 10:00:00,777.0253992678018,2.802194801318198,24.18445216139503,2624.136109538937
2026-07-09 11:00:00,945.1843772200657,65.01661421355294,1.7784446173305257,2157.162016335177
2026-07-09 12:00:00,1234.606401907513,40.08810274575736,4.172359042607917,2901.9884551421037
2026-07-09 13:00:00,121.70122508042552,71.02490710674726,7.868619896045612,1562.3094927519476
2026-07-09 14:00:00,1581.6381559790211,83.18936736583615,3.4094369723436353,1702.1982882831326
2026-07-09 15:00:00,859.4571930293678,54.337734622457155,18.637982507416766,2472.775749116593
2026-07-09 16:00:00,,17.65264963963552,15.822655986110375,2351.5708404625875
2026-07-09 17:00:00,335.01746157789705,70.61526920813428,29.043582946209288,1859.4340233510488
2026-07-09 18:00:00,847.0911364093516,86.06724514251933,24.56926474906972,2157.520811360833
2026-07-09 19:00:00,943.748711183444,52.64058454833608,27.222713413065826,1373.4606839189714
2026-07-09 20:00:00,786.1993806389122,61.69777280798528,21.76699692925678,1377.7800267881858
2026-07-09 21:00:00,1253.7221595057251,31.0352478582639,13.220434536387314,1499.3467059322304
2026-07-09 22:00:00,815.5240988906842,34.9559648247677,42.92431385764499,2511.264151721177
2026-07-09 23:00:00,1734.4098823391746,66.38425030892269,4.802003029446114,3113.8044706876226
2026-07-10 00:00:00,1118.771780300106,83.5716277582069,42.311203976473514,1846.4689074451076
2026-07-10 01:00:00,1472.7124906082452,56.97996646296735,14.694474062048325,1371.2736424191826
2026-07-10 02:00:00,285.90503528611407,71.29646385519592,23.557103596161085,2788.116914309856
2026-07-10 03:00:00,775.3951980080396,16.2755165499682,5.78906220441203,3096.2397019106397
2026-07-10 04:00:00,672.6410924601596,19.864359032959644,4.120967008324408,1590.1628490525136
2026-07-10 05:00:00,1068.1200598322062,48.35108712817171,19.899999743618526,2110.0701614748405
2026-07-10 06:00:00,1563.8929841044235,16.71332310961281,33.634684560705836,1633.34736523943
2026-07-10 07:00:00,,57.5145612496622,12.852050212136152,1523.3506042796669
2026-07-10 08:00:00,223.37715667600833,26.957133500128208,25.74330711315408,
2026-07-10 09:00:00,1545.540103867918,71.44640306135338,13.260614983004007,3331.826599974076
2026-07-10 10:00:00,461.84514626520763,72.92182084867656,18.098974679293796,2724.147813803601
2026-07-10 11:00:00,1236.8805325646833,42.27708356222642,40.88363801284829,3368.1107918959983
2026-07-10 12:00:00,1022.8928250133688,17.09214651834954,38.65694352177646,2212.230079747612
2026-07-10 13:00:00,1515.9191113082902,58.562971536292,23.70477191037571,3185.5265565374566
2026-07-10 14:00:00,312.651146721886,89.35804462545919,11.476647608771465,1730.6768717992397
2026-07-10 15:00:00,320.6310417284392,56.410589916884575,9.500092160253004,1547.5991707226656
2026-07-10 16:00:00,1046.5912124731228,4.183947473546699,42.979843533571426,2775.292106916116
2026-07-10 17:00:00,1708.8437107092304,2.53916384327035,9.91953024647025,2079.957494811535
2026-07-10 18:00:00,805.4961892302822,29.512215373815252,36.55940568015172,1967.1439657689134
2026-07-10 19:00:00,655.8015704329814,18.424758810576034,17.23468921956364,2709.6892137950817
2026-07-10 20:00:00,1131.371849436406,73.36155743575442,44.369033292562484,2000.316487715925
2026-07-10 21:00:00,1681.762620926553,76.18770436620404,,2502.372161721895
2026-07-10 22:00:00,1522.7773158358602,24.01707064663238,16.46673149607195,1928.8557231487391
2026-07-10 23:00:00,1792.3221382464737,29.98238514854045,29.048399670615417,2945.890935243628
2026-07-11 00:00:00,138.36659144404106,22.025980126645205,43.306739491580046,
2026-07-11 01:00:00,291.8588460116958,81.8460467160425,43.95322265504305,2423.4877034420624
2026-07-11 02:00:00,1136.0951977232573,45.735790781383116,32.11707044454735,1348.6697757637246
2026-07-11 03:00:00,1494.9799468675444,,34.20268008799956,2962.634645052625
2026-07-11 04:00:00,584.9153819215031,37.977905716264694,25.789695742813215,2602.7093271261497
2026-07-11 05:00:00,506.6588496581719,,34.254132521822605,1703.6978406850808
2026-07-11 06:00:00,1437.8588589480414,,38.83030481870185,1752.2840897911528
2026-07-11 07:00:00,195.84915155049367,31.231380957901067,22.388193340581022,1851.2351288601262
2026-07-11 08:00:00,727.9505008903947,57.46872651243974,28.273939564524532,2510.71321965068
2026-07-11 09:00:00,959.8756784069606,53.604524946360044,24.6419345902541,2451.4642994953483
2026-07-11 10:00:00,1052.59274639555,27.123987920947517,25.7487069952618,1875.1138112479675
2026-07-11 11:00:00,1338.6457665477208,14.292012078433133,40.1621080344534,2757.5308131517077
2026-07-11 12:00:00,703.237729832119,33.80332575159425,16.64714052904509,3166.986448460835
2026-07-11 13:00:00,1141.5633859468323,37.95258988362992,10.160097126427466,1391.3825030724308
2026-07-11 14:00:00,1095.1382187446256,56.95290567478983,21.076324852039683,2176.1129394276313
2026-07-11 15:00:00,1030.94737111137,82.39305996368087,10.155748381175668,2546.392248944101
2026-07-11 16:00:00,1188.8215983417608,4.220446980430337,22.92961872912884,2531.513927427699
2026-07-11 17:00:00,541.0635908157296,22.685830116224196,40.75435663571058,
2026-07-11 18:00:00,243.90288109386927,18.240718862880872,28.16707490122902,1742.1887382820705
2026-07-11 19:00:00,302.76184246756384,45.70420237374674,38.63904554533542,1429.8445147554553
2026-07-11 20:00:00,481.7900505116318,39.243371826841226,8.312400463082518,2494.826652354862
2026-07-11 21:00:00,950.3364903887349,65.88434851999678,40.63843807163578,2655.318764105881
2026-07-11 22:00:00,1528.7526759282343,22.57501621649288,27.478635233913096,1635.4585431893029
2026-07-11 23:00:00,1292.198681550253,53.91035455172851,2.397430704581111,1999.3233506183524
2026-07-12 00:00:00,1441.36902714348,79.66329646039638,28.85723403254162,1992.5878610896443
2026-07-12 01:00:00,696.6585606743554,82.05031885272912,42.86146607548039,3021.584896338545
2026-07-12 02:00:00,787.9113608025353,86.33182982052777,4.4833480209159315,1708.78474951118
2026-07-12 03:00:00,769.2592061840418,69.82024253511898,26.628069740661175,2451.459654783883
2026-07-12 04:00:00,426.1844134876526,81.63292365704343,41.28105852626745,2944.1645762518574
2026-07-12 05:00:00,204.06831884407245,21.873247606689407,1.4265874067124806,3042.1142050838007
2026-07-12 06:00:00,1104.5573578062854,18.584704047192453,28.76016876449622,2699.7887979979396
2026-07-12 07:00:00,1781.6683618149964,1.5774394564668546,21.895700840562355,1929.008279749954
2026-07-12 08:00:00,383.61049841544684,63.909147811189754,16.267530020538867,3028.397807140598
2026-07-12 09:00:00,179.3641938287654,84.43457971542325,28.611605557596544,2858.548656910266
2026-07-12 10:00:00,1425.203859100686,17.6372457087092,3.3188921618463447,2779.3851810414653
2026-07-12 11:00:00,529.3962113640312,57.68797821299222,34.13477403664561,1441.404337658515
2026-07-12 12:00:00,1510.3944690999783,67.4349185707382,1.1970969844671355,1390.856249368254
2026-07-12 13:00:00,1296.6923339586763,83.55766692817703,14.505172726863497,
2026-07-12 14:00:00,1707.6450129863679,,23.17418005812585,3284.0690825912543
2026-07-12 15:00:00,795.1763007863424,87.35614221463895,17.588979024928275,2924.8202489323407
2026-07-12 16:00:00,1225.348727066078,31.67590955011675,14.528941149045629,3046.098689636746
2026-07-12 17:00:00,890.2531273825601,32.14363950565528,37.55674640059623,2444.46278978456
2026-07-12 18:00:00,1172.0007854245239,,42.13263326796399,1939.6309025849553
2026-07-12 19:00:00,864.3181402131535,35.13166741931573,39.4433581358591,2723.2474832104567
2026-07-12 20:00:00,420.67481892092724,1.1268898175904036,23.986977774199985,2795.1388385346545
2026-07-12 21:00:00,963.4256072057475,66.12771023274188,39.90322370851325,2718.2517405574145
2026-07-12 22:00:00,998.593142443652,67.90281669158502,41.51790886798793,3288.0890191105727
2026-07-12 23:00:00,1478.0265420422738,67.48073981712257,19.00648947008833,2071.0759698555685
2026-07-13 00:00:00,1350.385199849088,31.706839328331526,13.471617818239599,1383.2808318071454
2026-07-13 01:00:00,1228.445760700455,47.4837631246943,5.323669055786095,3207.73314079056
2026-07-13 02:00:00,292.7580624393733,33.03764311772358,22.080044526166077,1637.0481495935708
2026-07-13 03:00:00,1325.0476941283155,2.4272396027274734,42.63706449929142,2764.368512713608
2026-07-13 04:00:00,950.5187658026751,51.057955773156266,25.679931235096326,3133.729323522637
2026-07-13 05:00:00,1619.9692113804706,12.014699281476982,30.37273247859155,1951.2969358307337
2026-07-13 06:00:00,1663.7805880219228,8.123677844138214,5.966888013641293,3043.8720057953456
2026-07-13 07:00:00,193.7662040230353,68.23941711401406,7.314865222259275,1997.3220651700326
2026-07-13 08:00:00,1495.090652602614,1.8460520152114006,21.43682352622559,2967.9416492961245
2026-07-13 09:00:00,164.08556371854004,86.35175148117663,42.85565115528393,1446.642712244824
2026-07-13 10:00:00,724.1883636815385,46.85772740601934,16.87452423002727,2676.010297208948
2026-07-13 11:00:00,1021.9099585558345,88.4884623328472,39.60929781797147,2721.989969215472
2026-07-13 12:00:00,351.7713576661166,6.16178395007105,6.2926981107313065,2331.9942431700083
2026-07-13 13:00:00,1368.7334813674306,52.93412984906628,28.148757105083245,2742.8908141116926
2026-07-13 14:00:00,114.20299709263557,32.090106201856095,27.426970984062798,3238.685708163066
2026-07-13 15:00:00,386.6183823378626,76.06994186047143,38.83448900309181,2841.0951324332786
2026-07-13 16:00:00,1087.3546107509087,33.148823435851476,1.1459349938156662,3318.7216608677854
2026-07-13 17:00:00,1314.458855463397,24.183394536104068,9.356993356693174,2242.085859089351
2026-07-13 18:00:00,1658.2932745796575,77.32222831189227,,2409.41053657831
2026-07-13 19:00:00,1299.3443082888605,34.344125157140226,42.79850787599244,1853.8512641991842
2026-07-13 20:00:00,1242.024759433272,2.4981654675899705,7.762520875875378,3369.763502381824
2026-07-13 21:00:00,770.3799487961293,35.7357299747007,2.6263434097046567,1415.787143838672
2026-07-13 22:00:00,102.1835233955624,59.25248194197383,24.516305768639555,2053.102876995302
2026-07-13 23:00:00,304.27073985055733,23.637998953767983,24.256572347081992,1925.164046014087
2026-07-14 00:00:00,1008.7427260852666,39.446895725839,38.138066476186026,2111.6745975689164
2026-07-14 01:00:00,1247.7208059355135,6.047647307118071,42.74982460782329,3227.207507091718
2026-07-14 02:00:00,809.6620826239862,53.34025844474219,24.695999454165765,2072.879535543881
2026-07-14 03:00:00,1342.1543195982633,68.31024822357504,41.91974402646484,3225.650970670001
2026-07-14 04:00:00,987.1659020647039,37.78481796469882,32.90700265719251,2189.0116094927257
2026-07-14 05:00:00,226.09953251033076,38.40070431932995,12.64060163180574,3095.0144153624374
2026-07-14 06:00:00,426.427626645513,8.857142374057563,41.85051128153276,2395.6752068514043
2026-07-14 07:00:00,,18.97273694156645,30.36749975200249,1953.8409711994614
2026-07-14 08:00:00,1332.3516692615472,14.766101978384228,19.220221040675888,2243.634577832563
2026-07-14 09:00:00,1621.0953779212414,43.87021141087688,30.93065171874495,2191.200265854227
2026-07-14 10:00:00,299.84732350559216,48.10374314461676,18.657764420725037,1845.819530379657
2026-07-14 11:00:00,1783.3783088456257,85.45567168429915,6.024085791470208,1908.2413329830042
2026-07-14 12:00:00,455.99141371488713,7.517603880673818,32.63506487578359,1691.5532347532144
2026-07-14 13:00:00,120.02578968729142,54.38824961079919,37.25985493551273,2005.6011701359776
2026-07-14 14:00:00,1795.6189963910422,47.85836893221348,33.06747275685306,2611.2521868232593
2026-07-14 15:00:00,577.8256052566924,46.94474571628879,11.081045381293768,2111.7721542902254
2026-07-14 16:00:00,1235.6330692713518,78.71117657707156,43.09194059301497,2795.8787429452136
2026-07-14 17:00:00,400.3599340997188,19.292923891898297,2.1112007144108604,3372.6541563447017
2026-07-14 18:00:00,1086.388504738541,4.62882141638206,15.638153084528184,2091.9122669174185
2026-07-14 19:00:00,1636.8594769727508,60.83216417944313,12.444067119535402,2271.5423495881955
2026-07-14 20:00:00,644.3079846283456,31.71901430810223,3.1175540150534427,1644.631329591005
2026-07-14 21:00:00,1239.4317592754107,2.5655025429146887,18.852106491501413,2123.6521001365636
2026-07-14 22:00:00,419.43610095730804,,28.41705296716208,2826.3481466604267
2026-07-14 23:00:00,1162.152177821833,28.530082905296258,39.832325993344455,1756.550079459172
2026-07-15 00:00:00,671.9655980897672,55.89861553379754,44.54634751242468,1682.3135021759813
2026-07-15 01:00:00,459.05403959951786,16.36013567038522,36.555941801793516,2090.3872346633025
2026-07-15 02:00:00,632.4094861961797,37.761836967852425,21.62194282336429,3019.163920007236
2026-07-15 03:00:00,404.0298164632589,43.94031455318709,32.84299474254935,2609.6800983941152
2026-07-15 04:00:00,1633.2573833244007,41.87212783140409,38.11944669794419,3310.9166929318735
2026-07-15 05:00:00,775.2177067391191,87.68072823334357,21.47351664242198,3199.5349133480136
2026-07-15 06:00:00,516.9748184564245,,35.542395097122,
2026-07-15 07:00:00,862.293329727086,85.63616859426354,22.236706405766576,1389.3608266751507
2026-07-15 08:00:00,644.9114835710425,52.792412045468964,18.005823598575798,2138.098941808984
2026-07-15 09:00:00,1365.512731482654,71.8197666323156,,2396.366905519143
2026-07-15 10:00:00,1751.0738502053405,39.304943003430715,30.737608455594376,2382.6982919593
2026-07-15 11:00:00,844.6572163859996,41.391571431871256,32.98281047801828,1581.625262319216
2026-07-15 12:00:00,1563.7567799528085,,16.696395831252744,1562.1166075246817
2026-07-15 13:00:00,1061.9672250513531,80.73817016997928,26.13809106846553,1398.4075871363277
2026-07-15 14:00:00,367.30063066019693,22.24331044738549,41.03431845953967,3086.8058447163407
2026-07-15 15:00:00,1274.0586615382806,18.732527194031018,43.95776760486815,3290.2626899431752
2026-07-15 16:00:00,972.8386451138942,45.164930474425645,10.998916012093998,1542.9385424577406
2026-07-15 17:00:00,1206.0310895285759,81.12465541436455,9.484571291387024,1747.5569739531343
2026-07-15 18:00:00,1612.4686013718303,29.68960331314969,30.774167870860534,1488.7120579433117
2026-07-15 19:00:00,848.7387701152784,59.02930076518268,19.246090976231528,3142.7545593957534
2026-07-15 20:00:00,1632.0019594695045,64.0255002089135,2.0657828903980295,3313.288340426106
2026-07-15 21:00:00,1376.1373242788134,70.30204517557986,16.2619223084805,1849.772811113869
2026-07-15 22:00:00,930.6283739925741,51.189276754965725,36.496768712779094,1937.5260428642873
2026-07-15 23:00:00,1125.4776306185383,36.81851086682829,36.086784936860035,2061.6063372671733
2026-07-16 00:00:00,653.4879252823195,,22.7661465479296,2355.1738946995356
2026-07-16 01:00:00,1772.1154095559161,55.40843704395389,21.793429135051554,2733.1680551543463
2026-07-16 02:00:00,1234.4969771856731,65.84230383536111,26.49832746711261,2359.2202248347107
2026-07-16 03:00:00,174.53964924427083,31.703473266933173,10.653455264797344,3297.1033215201064
2026-07-16 04:00:00,655.2572397716149,60.62547710927413,24.14591949520204,
2026-07-16 05:00:00,1159.6345373903978,23.943991932607208,1.486039842492529,2977.0715757776325
2026-07-16 06:00:00,195.76657225870764,22.81362566004862,21.924620410457884,2002.4144907082891
2026-07-16 07:00:00,140.60312524254272,64.61027596103895,15.786246035026073,2092.85014498175
2026-07-16 08:00:00,865.0412071972644,47.404131527401226,30.694262659761023,2788.541831791473
2026-07-16 09:00:00,665.5733054775391,61.81161832759269,29.087557702715614,3251.691930736196
2026-07-16 10:00:00,845.1076336563821,24.98002567658016,17.756778728043596,2804.021634962511
2026-07-16 11:00:00,546.5786267960088,54.28637735404901,1.320011185058029,2929.307208296733
2026-07-16 12:00:00,380.0201698030676,40.51009482357702,12.10003969337826,2876.6364085334776
2026-07-16 13:00:00,1271.543706866574,54.12946552925199,28.86730540832314,1974.0550725658222
2026-07-16 14:00:00,974.7708976552608,26.888296169735526,4.1844270927702,2889.5539096827206
2026-07-16 15:00:00,440.2621591239236,64.67513576477202,5.736266560672409,2947.4935964615834
2026-07-16 16:00:00,643.3020246419971,72.72771358819243,29.469541080951835,2420.140673366077
2026-07-16 17:00:00,1106.073443027654,24.132566173337406,34.25376564176886,2427.188101200314
2026-07-16 18:00:00,222.78989206321233,27.755229827152142,15.148187152559332,2895.413686431216
2026-07-16 19:00:00,350.67011575250524,59.842730004999275,22.54561488272872,3015.764810671256
2026-07-16 20:00:00,224.5175269825632,62.90708051301543,42.61130005928098,2008.1104282644078
2026-07-16 21:00:00,1480.939465614002,63.664871911373055,42.60391673574266,2983.2806569081104
2026-07-16 22:00:00,1379.0956964604156,61.760166925049475,14.530122076390924,3009.8389140183635
2026-07-16 23:00:00,1380.631984194737,35.959886808775956,36.63946650075197,1791.6638459290166
2026-07-17 00:00:00,1317.7530839092476,36.141977021927374,27.13353832350179,2805.5965651651036
2026-07-17 01:00:00,1237.9552202387777,23.678768504349947,43.92131770741672,1691.7212358559325
2026-07-17 02:00:00,910.8862561428974,14.958199290776305,22.014997067288245,1495.4031372750715
2026-07-17 03:00:00,1191.8728779620953,62.639386766324606,35.08710219268471,2506.5403253054783
2026-07-17 04:00:00,165.2146431395569,9.293801951535842,34.79803370305432,3208.169617445138
2026-07-17 05:00:00,1156.4895185165337,84.46351352402357,22.88704617585535,1374.4639494041028
2026-07-17 06:00:00,1422.3920994126913,74.57508102675916,36.00772502908154,3035.6534389493354
2026-07-17 07:00:00,950.6092126534634,77.3180108561958,12.485774665507845,2363.589542477364
2026-07-17 08:00:00,707.7726583263028,81.69352450075193,6.379133596770071,3107.880442314583
2026-07-17 09:00:00,571.6254491616645,37.36584239436837,19.707204764833914,3071.3015638591983
2026-07-17 10:00:00,1192.7634852755402,76.35636437818569,,3138.102290114206
2026-07-17 11:00:00,1277.7620376708448,15.06745572595679,23.032762760911265,2914.6353050940143
2026-07-17 12:00:00,1580.6449197663223,2.9261197201329754,28.951402100464787,
2026-07-17 13:00:00,681.9679401836843,70.85533412508266,28.463148059946516,1669.6529351225277
2026-07-17 14:00:00,1408.6129225554955,7.6569016717275975,6.833206159859339,1938.0916126373775
2026-07-17 15:00:00,1054.3049011218745,88.97869539200703,18.173062824597253,1809.2209586953225
2026-07-17 16:00:00,1600.8220341527344,61.05688223453848,32.10531480856249,2859.099437828927
2026-07-17 17:00:00,997.2805841025553,68.05702421154739,43.76756433755195,1622.6505506709855
2026-07-17 18:00:00,979.9707082765443,22.87654320873007,8.392780485069151,1682.678359793356
2026-07-17 19:00:00,1082.3910384495455,60.97402005885225,19.059443174921114,3145.8259135160793
2026-07-17 20:00:00,1373.8361037421384,4.846574415691192,5.184127191320092,2782.35260511696
2026-07-17 21:00:00,1739.9738140083837,75.56648907320047,11.664564224567265,3138.297953630082
2026-07-17 22:00:00,225.05770216680162,16.096544279809947,17.57741110635061,1592.64604234745
2026-07-17 23:00:00,190.83882406472918,63.06486794820558,24.78830290990342,2137.858849578735
2026-07-18 00:00:00,1693.8355735924754,20.978764609712822,11.144942818519562,1894.617457160267
2026-07-18 01:00:00,1000.7885633809503,7.092332078917804,11.012757091862172,
2026-07-18 02:00:00,1145.3351247637913,43.852937390896095,35.22451908216897,1897.4982169212844
2026-07-18 03:00:00,920.120122711039,16.066472714278262,43.35623316966277,2097.1248291535467
2026-07-18 04:00:00,259.21766943270666,65.92051496106293,15.238970581064073,1493.661238209695
2026-07-18 05:00:00,1405.7519433117332,22.143360061130153,31.271648819969926,2489.6238714363217
2026-07-18 06:00:00,1370.2818966505977,31.480057504988768,12.355540299748512,2104.6625911925294
2026-07-18 07:00:00,629.8956465377804,51.50209336253809,41.82989921848781,
2026-07-18 08:00:00,620.6067168882806,26.36217670438073,30.607703847277524,2778.3556162227515
2026-07-18 09:00:00,1524.3303475393816,34.640942342686586,36.31778160405308,2831.487651066317
2026-07-18 10:00:00,223.00733816025524,73.59033762259442,3.1715779007632516,3052.3900302358134
2026-07-18 11:00:00,1597.8787522061618,16.949676610931288,27.334262602587483,2319.6352597206633
2026-07-18 12:00:00,536.3248728230545,8.315941463892099,,3334.1834744024704
2026-07-18 13:00:00,1108.0740711843396,30.223842876838717,13.891863904107408,3219.5347035181585
2026-07-18 14:00:00,1691.190104303022,38.76953226423516,12.546919342521996,2457.8384127102763
2026-07-18 15:00:00,1252.808252612299,49.29667611015452,26.52109130194667,2234.3990552457763
2026-07-18 16:00:00,804.5306811939622,34.14570895957563,32.08536794031791,1306.372298596138
2026-07-18 17:00:00,1272.2081551392057,71.30214131982966,2.4596013095483142,2793.088516652391
2026-07-18 18:00:00,684.7653817378293,4.499434402494121,25.965669604642994,2486.404458504351
2026-07-18 19:00:00,571.3393077936164,39.42731089967166,8.500219273651659,3268.8427055207694
2026-07-18 20:00:00,1794.3615724889555,35.02077640442001,7.175960180988424,2547.887463006613
2026-07-18 21:00:00,1376.3433930056392,58.63448568181045,28.41725747616612,3384.9977971747326
2026-07-18 22:00:00,1196.02396154909,86.99858641886824,14.678285157568814,3093.0204709129102
2026-07-18 23:00:00,703.992393472842,46.42341118996873,20.398730257934016,3302.5556652114014
2026-07-19 00:00:00,183.57340956358186,88.83203937781313,16.839947615350006,1988.0918196985817
2026-07-19 01:00:00,152.79668925976455,27.900196147274574,29.526798086711043,1613.6055890112596
2026-07-19 02:00:00,1042.108134262958,3.74726379627903,21.68526970692463,2973.431438969763
2026-07-19 03:00:00,1395.455625766387,15.744021905400734,43.39218112966969,2951.013916235178
2026-07-19 04:00:00,1013.5446237545536,36.16611474493649,16.504841400684477,1744.0427727516826
2026-07-19 05:00:00,1529.3346222964947,29.153717917781144,33.572510971564746,2905.9637736833165
2026-07-19 06:00:00,156.82510625847678,9.637817657520612,12.320872973653959,2522.144051886953
2026-07-19 07:00:00,723.4785299240982,39.506749584473795,23.385136075550463,1530.0028042935132
2026-07-19 08:00:00,503.0196649961027,31.092303677701086,25.31306908368611,
2026-07-19 09:00:00,860.3640458671075,11.913110620712022,15.480808366760217,3255.3898017612246
2026-07-19 10:00:00,223.0398684300082,27.354424624459895,21.75834327215568,2363.5608454349804
2026-07-19 11:00:00,1722.0237906708232,79.89280892662975,13.288260067533656,2956.2678780622914
2026-07-19 12:00:00,479.5341818179136,27.882349028551275,1.2640343936552076,1360.7109719481086
2026-07-19 13:00:00,1667.923218322094,64.54203266854259,10.488525272066664,2828.9709670114466
2026-07-19 14:00:00,824.018363562359,55.47219008954025,31.80282358970083,3288.3585108887023
2026-07-19 15:00:00,1775.3910265338707,,34.92237307735659,
2026-07-19 16:00:00,1041.8992518823584,22.273281675526555,,2009.1908173537313
2026-07-19 17:00:00,1682.4158690988727,33.84230824178914,18.953891947995164,2657.9660602624845
2026-07-19 18:00:00,109.09328078017884,53.69754199892281,2.644089046098888,3224.148551695761
2026-07-19 19:00:00,1372.0059705075303,32.21703611269259,11.430767648297945,1671.21626612002
2026-07-19 20:00:00,1635.1861102742762,20.12578258810663,35.28564846838116,2147.7578410476904
2026-07-19 21:00:00,337.52496386422195,11.365184651355257,27.663395891662518,1628.2095900618665
2026-07-19 22:00:00,263.41394794465754,79.29925747395131,10.053902965992341,2342.973887661775
2026-07-19 23:00:00,821.7734322161244,40.1878548419196,12.327447785387015,2434.886227364174
2026-07-20 00:00:00,1687.2541404259898,56.64354063512078,36.939289011540644,3282.8275909154863
2026-07-20 01:00:00,1022.0571523237459,44.646522141175666,10.199704929575637,2166.2818229120176
2026-07-20 02:00:00,996.6759883269447,78.65842013385874,15.702939937273774,2490.6088884333667
2026-07-20 03:00:00,339.9144011088472,49.677201867890766,30.23178243280435,3159.05140551372
2026-07-20 04:00:00,101.34216885847194,43.78954619747109,25.68894497115546,1974.9505003699333
2026-07-20 05:00:00,1477.238154267284,83.28948814753242,21.27828903028783,2715.744124831939
2026-07-20 06:00:00,248.87675707660497,65.05237404803655,40.588608003108746,2890.039882526403
2026-07-20 07:00:00,1177.5446918500509,10.927941753870302,10.667260359462274,1994.1092928427197
2026-07-20 08:00:00,1654.8479726758255,16.815697046516448,33.622475197971994,1645.1164896143534
2026-07-20 09:00:00,454.70825236933274,71.05393480161032,7.998808987200068,2356.110037994774
2026-07-20 10:00:00,1230.9638216027483,75.39076758501594,28.092288673214387,
2026-07-20 11:00:00,233.78758040276608,49.52198378903638,39.30743679009778,1859.5711067636494
2026-07-20 12:00:00,1126.3837445239421,50.346515280130895,21.147678561038067,3344.1847524576206
2026-07-20 13:00:00,378.68392562044465,57.24203369377856,32.86895831641847,2354.5213392732194
2026-07-20 14:00:00,1351.1210528758027,40.08130391115491,37.09730753195548,3098.60315707119
2026-07-20 15:00:00,,61.53772199006745,6.985162694614521,1710.1665621410543
2026-07-20 16:00:00,887.7647149678986,10.654831923410997,32.05638339241284,3272.829806288174
2026-07-20 17:00:00,1119.0319214469569,86.55385257069739,41.47300505550176,2968.306012594946
2026-07-20 18:00:00,391.1647981326073,67.76377931774803,26.360306833643946,2998.253527997199
2026-07-20 19:00:00,1360.7842916499555,57.17450415680162,9.189378759265265,2118.50623791145
2026-07-20 20:00:00,614.4885790825847,29.15266307384378,6.585471389913491,2319.837685463141
2026-07-20 21:00:00,1226.032161851681,15.325038383648895,,2546.0440843872284
2026-07-20 22:00:00,369.0811861889352,37.431523780776075,5.554583836734032,2958.507626030636
2026-07-20 23:00:00,1269.8000206507954,59.8803299110912,23.589339149742088,3083.0191793269187
2026-07-21 00:00:00,317.91972377778495,57.40016716465687,4.067006039096322,1463.8951496390623
2026-07-21 01:00:00,823.1060436589721,35.05506280083586,10.829803483993963,3198.5310138196664
2026-07-21 02:00:00,520.2503253560906,55.58248905114855,20.35605953213743,3268.742970258948
2026-07-21 03:00:00,1372.2379240279104,73.42359830551173,21.852249017688944,2545.0635491492494
2026-07-21 04:00:00,545.4595076616868,3.339344738047029,25.877533346466436,1692.1762878353024
2026-07-21 05:00:00,1598.9194208721735,41.10527326579454,32.04705836103197,3018.671148677328
2026-07-21 06:00:00,1616.0943593912418,68.5114153335444,,2452.0339905541578
2026-07-21 07:00:00,433.95023587873595,49.60685787124057,4.547321895734463,3016.112552804397
2026-07-21 08:00:00,1143.5381065131312,58.981371825687226,3.6778026794103527,3011.0970658375645
2026-07-21 09:00:00,249.11999092393935,46.98419894187544,19.618613880456053,1482.1315629401643
2026-07-21 10:00:00,765.6130693227697,89.27683447672567,2.8413095748491095,2574.7449995783945
2026-07-21 11:00:00,1312.6469401521629,5.861316747524402,33.827575740578354,2314.603028464315
2026-07-21 12:00:00,1221.0195196448576,44.70298913774158,10.812007965693025,3286.8508869989873
2026-07-21 13:00:00,1161.9911379912335,9.136072871192074,42.32534970475818,
2026-07-21 14:00:00,580.3194682261541,15.220915028107768,22.401765224272904,1732.6002230009426
2026-07-21 15:00:00,742.6424140384834,35.0904131872253,20.638333107456873,
2026-07-21 16:00:00,275.0084459904865,14.84306814354337,,1612.30269469022
2026-07-21 17:00:00,1322.3387947371216,86.76815777014194,32.37877529129161,
2026-07-21 18:00:00,956.610954545165,85.26429012853916,27.721597801718286,1930.0416090678027
2026-07-21 19:00:00,1304.9015749876128,30.913758513633738,42.14645507501628,2492.4760865447033
2026-07-21 20:00:00,523.2039921546836,,19.57940748343139,2594.0608089666484
2026-07-21 21:00:00,651.5449886796125,48.504045532846966,36.575393733980604,2176.47549211173
2026-07-21 22:00:00,668.1660733421949,73.5872412659034,17.724089612816016,3347.426458497901
2026-07-21 23:00:00,143.76209657026754,56.84265927370785,37.887209669028614,1576.849652978456
2026-07-22 00:00:00,679.78138381206,1.0224684496600274,,2121.93808697719
2026-07-22 01:00:00,1465.617774980657,68.92252031926675,13.727751204785429,2203.8301864360633
2026-07-22 02:00:00,1625.4074427745554,67.46948279535451,30.826259496767975,2625.198592891981
2026-07-22 03:00:00,980.9711365810767,46.365320795416814,10.35938497787904,2155.24549220849
2026-07-22 04:00:00,874.3528818726744,81.35978861774178,11.082784229118866,1503.7756238815427
2026-07-22 05:00:00,152.40185178892943,81.85171230644573,14.431546876766248,3289.602996179735
2026-07-22 06:00:00,1594.6473738951504,47.62813922669135,30.87286586505654,2173.76607144124
2026-07-22 07:00:00,,55.110952576491854,40.1330760666222,2019.6148271558523
2026-07-22 08:00:00,1706.07513635736,89.69046440129584,30.680976649587414,2238.11646076541
2026-07-22 09:00:00,931.6676227697541,27.595000898216156,37.42382675114151,1754.850932470737
2026-07-22 10:00:00,681.2886390770352,29.890934565721487,24.91666594655667,1510.4655378041668
2026-07-22 11:00:00,1671.171339232522,17.266877337051177,4.032621739186393,1612.0148061286113
2026-07-22 12:00:00,141.46468828716445,80.73215758505025,5.420513306374029,1649.975136707475
2026-07-22 13:00:00,1088.4223212774482,,25.39324704814428,1715.1142202533797
2026-07-22 14:00:00,1033.1852916488738,10.402213549451528,15.423242620252823,
2026-07-22 15:00:00,472.8446820593495,88.37729425661894,10.704995240025475,2610.1884649927224
2026-07-22 16:00:00,829.108633295358,66.05559202633933,21.515304801315317,2620.6644598561384
2026-07-22 17:00:00,1208.8488101044093,76.69646775484273,30.32585659978927,1300.2048960800464
2026-07-22 18:00:00,1336.1230346992768,5.285420236414883,17.93964570037777,3234.0111004866394
2026-07-22 19:00:00,101.21865980118562,45.94152178585292,36.31185931492303,3027.9790791178757
2026-07-22 20:00:00,1692.650831154726,63.1752475187065,33.49502284914132,3324.2698828156836
2026-07-22 21:00:00,379.69313306778105,49.32224602689388,33.336254815020936,2055.971323933405
2026-07-22 22:00:00,497.08673817801065,60.3316244472357,44.3483463458051,2696.0784810477335
2026-07-22 23:00:00,547.9048576795419,,13.990119004351932,1652.843573437804
2026-07-23 00:00:00,164.29423213846002,34.31599860345746,29.367925798999387,3015.7693571627055
2026-07-23 01:00:00,309.1886101035524,76.53151213006517,38.641046967053796,1638.8722182041747
2026-07-23 02:00:00,1776.7948690050755,15.499533324110875,26.49907509221208,1984.569971696274
2026-07-23 03:00:00,635.8684535413863,25.108858897347353,35.738095749077274,2330.753197488665
2026-07-23 04:00:00,296.0118535763839,4.857760173531994,,2548.516504590776
2026-07-23 05:00:00,281.88514399685965,33.43398620883735,26.981619208811406,2475.2293510021364
2026-07-23 06:00:00,1323.0819450389522,34.81194948934671,3.4493212833904443,1514.4016245909943
2026-07-23 07:00:00,1552.7667288554894,72.66908315144534,44.373774656291786,2185.519606014087
2026-07-23 08:00:00,536.8189091643987,59.128629655779385,36.20081318373036,3238.109454832227
2026-07-23 09:00:00,135.54617096989944,39.86830767585433,39.22759915178378,3131.9739082788883
2026-07-23 10:00:00,479.2530313571049,59.03814409751359,31.54894823828963,2540.6453988347434
2026-07-23 11:00:00,196.07667435448747,5.697718195896513,9.186201443582776,2501.881608452563
2026-07-23 12:00:00,275.77139227107057,17.044166705635472,2.3652514663934197,1534.5178835635934
2026-07-23 13:00:00,833.5638037409921,,39.0448907403846,1720.544849851637
2026-07-23 14:00:00,490.8612304647754,58.0816469110519,18.438548764389417,1830.5434594686017
2026-07-23 15:00:00,977.1079934932197,69.89798462496101,12.610054545756476,2325.211029899992
2026-07-23 16:00:00,530.9393805372235,36.866978555770594,25.713610188913556,2835.847701001009
2026-07-23 17:00:00,1698.913411875011,65.3073145988379,19.519534988931653,2267.523246768942
2026-07-23 18:00:00,1640.1047454746497,61.87424959785686,29.67330381025251,1564.7281878585352
2026-07-23 19:00:00,1063.5703785177923,86.74201067491657,22.286902254398598,2222.632641723899
2026-07-23 20:00:00,702.5207863785565,20.146590151796445,31.67825817937191,1641.5298328726656
2026-07-23 21:00:00,747.9496994590505,50.09948117398491,38.55062385840229,2877.4094385550575
2026-07-23 22:00:00,800.1488813456448,54.55703534783177,9.604508482054717,1649.651806849616
2026-07-23 23:00:00,1336.884847629405,89.87966175914565,15.495046744881419,2313.321378043359
2026-07-24 00:00:00,867.7862923820244,18.905388652832002,20.219885809108114,2756.168565588295
2026-07-24 01:00:00,1556.4409090600257,47.56640377708901,43.33057171321608,1779.2159342849382
2026-07-24 02:00:00,1704.9611360816198,31.81049238651386,17.074678996089354,1459.6632260383856
2026-07-24 03:00:00,671.1084607441876,47.80447420353098,17.7683933820757,2482.9288997569724
2026-07-24 04:00:00,1053.1806183386561,21.659445587176428,29.75279101022069,1413.8255933592243
2026-07-24 05:00:00,261.5961126153595,5.237501680046442,19.44478723515777,2534.3141502331528
2026-07-24 06:00:00,440.7973812028103,51.95832539689431,42.85384480814263,2882.3469289310233
2026-07-24 07:00:00,802.8918034072722,30.89103411161406,40.35662546091953,1991.5635825118438
2026-07-24 08:00:00,450.54461703302405,17.192784755610596,23.58998622212961,2325.5337590694535
2026-07-24 09:00:00,1590.15283434082,29.830265380945004,29.370110293705395,3250.3998602723877
2026-07-24 10:00:00,369.08663530046675,5.385937928849298,3.553344722879304,2289.32861476866
2026-07-24 11:00:00,874.6233966402564,85.5893588340192,31.612143233425517,3392.7635289261166
2026-07-24 12:00:00,1129.6887087817886,52.72216443262018,32.11683840975742,1629.7050638511132
2026-07-24 13:00:00,1276.1686438734355,73.51441263988521,16.804769008301157,2788.7611952149073
2026-07-24 14:00:00,751.2179285350614,38.657519581748005,10.666046879511997,2670.4990562142334
2026-07-24 15:00:00,1577.4684168320384,81.39500541339054,41.263449679948735,3131.840108405287
2026-07-24 16:00:00,1066.1425568324735,44.015321718150545,19.775015635425618,1494.1307451801356
2026-07-24 17:00:00,847.163226760838,52.081133675859576,29.76306861127527,1888.433842153815
2026-07-24 18:00:00,214.30907788846224,44.769664225576456,2.4664669789552622,1577.576374096704
2026-07-24 19:00:00,889.9720963567805,66.261768332221,19.218955329380798,3259.499756771035
2026-07-24 20:00:00,1495.2509293867415,51.43239090658355,36.95938768461072,2195.93418175504
2026-07-24 21:00:00,1144.7197309762362,25.172304198655397,18.053344017631463,3211.1382756236453
2026-07-24 22:00:00,1514.6761713395013,13.95301828771552,27.53909104602258,1918.2546881535277
2026-07-24 23:00:00,939.8198400188196,54.94507061058501,10.233655221319736,1565.3730128594689
2026-07-25 00:00:00,301.3848986606191,44.537016577686224,19.32712854894062,1922.7282732706344
2026-07-25 01:00:00,,9.541837005954052,41.81605959434021,2554.066154588903
2026-07-25 02:00:00,615.4732294216051,36.20995445560089,25.923876986845634,3074.988442747641
2026-07-25 03:00:00,1286.5838015462473,46.81510155804037,40.684984200088984,2109.3204557724935
2026-07-25 04:00:00,1443.4418367008793,,40.68884917753991,3221.098184432317
2026-07-25 05:00:00,602.7798188545601,7.772993969169249,42.5425032186771,1812.8873253236502
2026-07-25 06:00:00,942.6116655015201,32.016085993894265,40.397233043524636,2756.4354433379103
2026-07-25 07:00:00,815.9021375379388,74.21639492122429,1.1443696764532283,2844.998036012772
2026-07-25 08:00:00,797.8887333974274,58.70972992767051,42.09665522959026,1875.3221305942936
2026-07-25 09:00:00,493.29281244025583,26.806290640537025,7.048215319756562,1356.6367444311077
2026-07-25 10:00:00,331.8308785500792,76.23482586001518,2.7567550488906245,2066.9984183065862
2026-07-25 11:00:00,434.3705489930623,44.90312867007962,3.437095521434324,1394.9119093428858
2026-07-25 12:00:00,194.06505817768837,45.35331832663099,16.352312587763077,3191.5829283445732
2026-07-25 13:00:00,436.822261100081,87.91627318883421,28.315379751826917,3302.4030521615214
2026-07-25 14:00:00,115.64152596314507,85.29336878803768,18.70169264683589,2844.2978234866014
2026-07-25 15:00:00,1166.339281081163,32.90940881991611,2.124388524572697,2826.037629159051
2026-07-25 16:00:00,637.8381925590609,13.511542451014325,21.965235903687446,1805.8746057646342
2026-07-25 17:00:00,1754.3460094257446,29.98433917275037,20.453752659896722,
2026-07-25 18:00:00,429.31898631970637,3.713010167713535,34.30136768207246,2984.419735307925
2026-07-25 19:00:00,687.9085695263096,2.848341917224817,13.302967530719288,2474.240056262072
2026-07-25 20:00:00,708.3299696906065,36.20147012637631,10.571371646952155,2731.4178146530676
2026-07-25 21:00:00,114.36754330618291,84.75076422005384,12.261314137771553,2937.246242981083
2026-07-25 22:00:00,1526.6535201670802,78.5508033696665,14.364552195713312,2159.8119647997646
2026-07-25 23:00:00,154.39058224535202,46.51841221866845,27.363254428155326,1603.5478389544671
2026-07-26 00:00:00,1698.3057190397103,51.30514792420393,21.747121359891512,2969.57727866208
2026-07-26 01:00:00,1616.526396859155,1.5280812103990264,15.823360867878549,2252.9078423796554
2026-07-26 02:00:00,1010.3872573461381,20.17960286920513,17.46982296448185,3036.5408847974586
2026-07-26 03:00:00,1024.1124773491965,3.2048972971601533,17.32064104699495,2219.1682081960266
2026-07-26 04:00:00,1211.4224690254657,68.15401840988949,43.78589456725396,1755.7344577603428
2026-07-26 05:00:00,757.9850202893078,13.962475846358299,11.251867474329913,1659.1105349729428
2026-07-26 06:00:00,1200.2778817763542,78.3451921204367,36.99470865197938,2862.2356887742526
2026-07-26 07:00:00,176.1062607704277,58.255863917145156,32.16127685388023,2507.267157867393
2026-07-26 08:00:00,191.88096649453516,21.418262209898487,1.2450802465562258,2149.6660909758416
2026-07-26 09:00:00,877.2917133532254,15.037108220409227,44.69975359752147,2333.445188001797
2026-07-26 10:00:00,1034.3579118802595,56.858598382151726,34.28333230787724,2454.2410711017337
2026-07-26 11:00:00,,81.17449124512679,31.02778179943482,1802.7745278341717
2026-07-26 12:00:00,277.92307764342365,64.93405948337997,18.83428713777204,2094.1477173651474
2026-07-26 13:00:00,1498.5014762296119,32.02065199270061,25.42893591222874,
2026-07-26 14:00:00,457.0804733965183,53.277139978909595,12.143919409368689,2115.6900781658173
2026-07-26 15:00:00,769.9422024670541,28.657790888145502,2.561269826410689,2351.1806483876003
2026-07-26 16:00:00,638.224139206602,89.92431144330064,37.78495297162281,1664.0508320141685
2026-07-26 17:00:00,780.2639638711782,67.64668777310476,40.445317721971556,2126.381631562665
2026-07-26 18:00:00,355.84234672339545,55.679965938351074,8.148708011026555,2109.538330944539
2026-07-26 19:00:00,956.0691264860434,38.6700637061588,35.630468217212254,1900.6080153687517
2026-07-26 20:00:00,1462.7924027133245,56.015553833100604,33.610717624568984,3396.8422820851492
2026-07-26 21:00:00,850.6078176441248,31.403829559592797,8.84850008518798,1454.6177688880118
2026-07-26 22:00:00,934.0430790269385,3.568970711764737,19.56046731329093,2650.197392500045
2026-07-26 23:00:00,1542.904894978234,36.16287848974032,19.601348516700547,1666.321073726515
2026-07-27 00:00:00,1300.2987948846524,83.81279294260816,34.43842736543093,3063.0003774988827
2026-07-27 01:00:00,933.772494483634,56.74079743487406,37.85707985414644,3219.812725619532
2026-07-27 02:00:00,538.0826019216054,8.472057573310243,5.170105341220324,2143.1037634788136
2026-07-27 03:00:00,1604.3754696364433,79.76443159215731,25.770646335784928,3029.3047437834903
2026-07-27 04:00:00,1080.9346828739492,24.929861591394822,34.51693386487095,1824.809843635127
2026-07-27 05:00:00,475.9509371881788,22.69548488436274,35.59238613886697,1594.1438653914493
2026-07-27 06:00:00,557.5035794846176,27.441096221448554,7.511715074937992,
2026-07-27 07:00:00,1465.326251191618,52.37099901521021,24.122226298634942,2017.5154291711992
2026-07-27 08:00:00,175.0474555486743,49.477240315623916,,2134.4508440497157
2026-07-27 09:00:00,1786.5567179489942,44.735824161436476,15.014817369752503,2083.2137781114193
2026-07-27 10:00:00,321.597855515146,64.8607808526238,19.705143552119075,2163.4033509860583
2026-07-27 11:00:00,1453.3164931747935,29.17185808881135,36.391774498798625,2791.070068190773
2026-07-27 12:00:00,771.1180385118608,70.60374241994637,4.930058932085541,1815.718279018044
2026-07-27 13:00:00,936.7675115886937,16.603629375695323,38.817704755115045,1339.0087511067557
2026-07-27 14:00:00,1597.1059816897823,70.65325022785383,14.690895536155598,2328.3291579006705
2026-07-27 15:00:00,801.9490223016625,60.07909936727517,1.0638139300095948,2241.4116128302144
2026-07-27 16:00:00,1013.7393812444986,61.8055395497352,11.303002382479765,1426.136478671204
2026-07-27 17:00:00,183.8094260955889,43.85825234432614,4.938028199402284,1580.9829431529688
2026-07-27 18:00:00,103.99070557467036,60.36313640859696,5.064935907834742,2370.833878838277
2026-07-27 19:00:00,516.159784102934,8.101937143791709,31.484772302274024,1792.9765960411164
2026-07-27 20:00:00,1256.9912579619045,76.78804941739368,10.414958768118852,3142.956417697039
2026-07-27 21:00:00,,5.943703780400495,42.128663970987226,1663.91422156494
2026-07-27 22:00:00,293.395329967734,14.237994378563275,23.723560050017376,1342.2575268818841
2026-07-27 23:00:00,798.6330336610356,52.334284056254035,21.244323350016415,2239.883915721227
2026-07-28 00:00:00,1201.322965633985,66.80761953564554,20.108474801686672,3370.9425322773363
2026-07-28 01:00:00,1310.5223868214819,7.786389226816558,31.4738561455518,2631.1323052436005
2026-07-28 02:00:00,403.3661459672371,82.94806845688646,20.899561551038772,2043.4624146500414
2026-07-28 03:00:00,235.29985053247216,87.65108074326217,6.658415673908441,1335.4228240825025
2026-07-28 04:00:00,1698.6749577074252,54.92956539768628,39.72757594819329,2318.391723458676
2026-07-28 05:00:00,543.1328503555729,43.830667528538456,19.849395352728983,1733.5786044907036
2026-07-28 06:00:00,1550.6890459348306,66.98415253289772,4.256201330778109,2660.2835794379566
2026-07-28 07:00:00,1567.9354657867912,30.22380435712128,24.29210344990149,2524.3178368357326
2026-07-28 08:00:00,1413.2884059963255,44.900534635354475,29.48326177205095,1856.9489283130883
2026-07-28 09:00:00,387.0171313093691,,13.125628422941377,1444.6537418592104
2026-07-28 10:00:00,1497.0624807321406,86.05333284649649,36.21497793764906,2885.540315884703
2026-07-28 11:00:00,1407.7259507106974,83.50915132855546,30.470137225644002,2529.474598645179
2026-07-28 12:00:00,1114.429083180569,24.357877959781774,29.61501144763507,3068.4651239681198
2026-07-28 13:00:00,673.2434597872196,21.689744579291943,19.516297926182943,1845.5800328371042
2026-07-28 14:00:00,546.2646272531249,27.492141027708968,,2671.0103360388657
2026-07-28 15:00:00,307.2116605366102,40.27668900257296,13.064323389766896,1549.2290511102383
2026-07-28 16:00:00,966.5870137314814,28.96089973848476,26.419042044679912,1912.8008066253717
2026-07-28 17:00:00,1094.943488366739,34.30493882077616,14.598426928795174,2678.732134942476
2026-07-28 18:00:00,710.8762838768382,56.236688738747596,33.771409130748374,3033.720740804066
2026-07-28 19:00:00,908.1104150574765,68.86478526136385,3.1028252902853435,
2026-07-28 20:00:00,717.9745775277534,66.46467964584461,3.0193301865021662,2977.592468768653
2026-07-28 21:00:00,1189.710297445192,73.48369747004453,36.67788265882682,2723.2801665738934
2026-07-28 22:00:00,1632.1406532541575,3.8644118861707932,20.107799086801528,2032.2170201659596
2026-07-28 23:00:00,378.66444547980626,5.248307281409291,16.01192240241565,3140.433569263322
2026-07-29 00:00:00,748.3949768353099,71.25508350128801,27.731181935714893,2369.3810386744053
2026-07-29 01:00:00,339.47662671646424,48.44401518689224,31.883571130234838,2661.318327346773
2026-07-29 02:00:00,1162.4044096933144,52.454519964828705,9.85285926115389,2340.825817997308
2026-07-29 03:00:00,1339.0798661306128,5.68023055907956,9.158974621808188,2250.7119170306128
2026-07-29 04:00:00,1684.251645415675,23.72292830424311,43.158632901434785,3080.7532062015985
2026-07-29 05:00:00,574.0822746436404,57.81353313480752,26.94522948092105,1918.8792715811142
2026-07-29 06:00:00,1715.3590499712313,77.46718821985017,18.165125000947796,1376.9213669638218
2026-07-29 07:00:00,207.54654209514717,82.61152234914482,36.26343456545828,3147.5435514444184
2026-07-29 08:00:00,1125.1235677198,45.53733512932227,24.106994186228356,3032.5503014074843
2026-07-29 09:00:00,197.12562288366095,49.54720671369959,11.63316365648158,2069.7769965961866
2026-07-29 10:00:00,1619.4161191953062,75.14141716514018,10.096353448229248,1689.4473912809435
2026-07-29 11:00:00,1000.675397019092,48.84858946651456,18.461807711472154,2718.620650401789
2026-07-29 12:00:00,1237.8921962967534,47.000408772821245,38.835417851434705,1465.3978976348424
2026-07-29 13:00:00,1513.6756740477692,81.55247936072487,3.7037083059473925,2189.8849866314977
2026-07-29 14:00:00,355.5280582227469,71.30401217397333,10.615144033209578,1480.3108752340654
2026-07-29 15:00:00,165.60565529482756,81.90745484615522,40.298680029514024,2555.610318190402
2026-07-29 16:00:00,1594.0979480518486,20.423987875522688,6.3563210346470225,1357.137606000223
2026-07-29 17:00:00,635.3864866801853,47.66941831232675,28.703531603623407,2621.4005888320544
2026-07-29 18:00:00,319.26414347618095,75.98001944480886,10.394500197325105,2713.7317039077325
2026-07-29 19:00:00,896.3841030480471,10.892156644572696,27.658141290523087,2323.0033967128174
2026-07-29 20:00:00,1117.120328683232,71.7249317321626,17.856583341146212,1667.5153915249848
2026-07-29 21:00:00,152.6500258182672,17.284631123923383,,1512.9272711171352
2026-07-29 22:00:00,567.3226190370492,72.92256919369358,26.62890297238068,1957.9139310877067
2026-07-29 23:00:00,155.75978627072323,55.468083442561266,31.053880871721784,2276.934027160026
2026-07-30 00:00:00,814.5701616323482,18.198003242153177,30.931995234495325,2648.637465374173
2026-07-30 01:00:00,1621.6700494126153,43.128521960619295,29.02951399919922,1302.6252677888492
2026-07-30 02:00:00,1770.5090995390676,61.68955981500867,23.009890361164015,2793.2342303942623
2026-07-30 03:00:00,1182.9808409561667,57.41290817863528,23.85679514181033,2796.695057463081
2026-07-30 04:00:00,374.7840794338061,39.02500046462169,28.968164831550222,2233.5293936342496
2026-07-30 05:00:00,1639.9439629988199,81.0436210739625,31.371411916852207,2021.1535360706987
2026-07-30 06:00:00,977.6212994401028,47.21444388941814,29.814576508580945,3068.847985807753
2026-07-30 07:00:00,361.3738305749608,46.02218956905327,26.825604856191877,2947.6337122655787
2026-07-30 08:00:00,1666.9353380678244,6.54030250478943,7.8569153313812095,3364.8797858872204
2026-07-30 09:00:00,1387.697386229275,83.0687146919897,10.267127693685918,2081.0546912117993
2026-07-30 10:00:00,1343.8989636293577,16.763374612375195,12.449856925555327,3204.348470199907
2026-07-30 11:00:00,,48.02267771585333,41.4651129118501,1483.5439603751997
2026-07-30 12:00:00,440.57769586395193,72.51751652462761,34.41338403906653,2164.0787391267895
2026-07-30 13:00:00,458.7113759027943,20.175341649052253,,2277.285649372184
2026-07-30 14:00:00,1270.0980973263336,47.93622280740486,12.090504855938061,2225.836064027262
2026-07-30 15:00:00,473.5286751876747,22.420956920877334,5.879227022743532,2612.70619570536
2026-07-30 16:00:00,845.741884565183,68.61285480419215,40.54540594311889,1657.4364615601548
2026-07-30 17:00:00,1429.4031035097003,51.226363940710414,40.27730469620835,3119.5495606251293
2026-07-30 18:00:00,1432.7192807663296,77.18185157516777,5.870606210610427,2458.7044389332423
2026-07-30 19:00:00,870.5450132939613,80.61566225608708,36.077533308245826,
2026-07-30 20:00:00,1446.7228950679166,58.73727993764043,20.652383049636157,1305.526452445118
2026-07-30 21:00:00,1525.6570535366966,65.55982090814605,15.254545044543764,2622.9750385452926
2026-07-30 22:00:00,1213.1187771832424,49.88058888993087,33.520599593183114,2166.161478395149
2026-07-30 23:00:00,488.32394892431427,35.214157242997075,28.030499806672147,2360.7080296738604
2026-07-31 00:00:00,565.8200266554309,58.68249514885428,35.321324734106845,2861.989472638599
2026-07-31 01:00:00,635.2299641948501,81.83768749037228,4.270469867849232,1777.018671507048
2026-07-31 02:00:00,298.56698314771836,38.08455385839798,15.017828878128082,1730.2888139502147
2026-07-31 03:00:00,564.3713546289067,28.982492347267787,15.049941418336372,2776.316417248
2026-07-31 04:00:00,456.1826813313046,35.570887531179096,15.509136060661682,2394.8680937827785
2026-07-31 05:00:00,874.0588746746237,39.750389088832364,23.10911439632744,1790.6421059295499
2026-07-31 06:00:00,1644.3438313828503,7.546931579016743,13.452607335561684,2316.4391328057723
2026-07-31 07:00:00,277.61653848172875,45.3613237987145,20.552878843850866,2265.072652132035
2026-07-31 08:00:00,1324.4554707105724,44.99396807645531,17.182214097078294,2752.033297572154
2026-07-31 09:00:00,1268.381107502317,53.37150066000656,33.3530261129025,1305.5883176004868
2026-07-31 10:00:00,262.782137727708,33.2909827119485,27.554035009702204,2532.1965581201143
2026-07-31 11:00:00,1668.37308833986,55.56657604004749,,2571.9241160757783
2026-07-31 12:00:00,1066.4027436665933,79.16125161440407,10.265691339636355,2865.5712880946317
2026-07-31 13:00:00,718.3333859306632,86.03691815406962,15.322095274383132,3167.383978674443
2026-07-31 14:00:00,1386.1155919420214,52.94148723655342,1.9312796949312685,2224.3985739345467
2026-07-31 15:00:00,537.5212792827779,4.790594903357865,5.768487120899476,2019.2924710486573
2026-07-31 16:00:00,1278.9667229787447,87.2620037567727,12.662386207511043,1514.8727927737013
2026-07-31 17:00:00,167.5090528728203,63.821723419766805,3.880403737288926,2007.3552742757893
2026-07-31 18:00:00,1526.9936639357622,30.90076472127504,27.515825615606907,1443.817795333256
2026-07-31 19:00:00,861.8904399362415,14.097035385771381,44.91772510064831,2985.9224312170554
2026-07-31 20:00:00,1182.377954408501,13.76425648902847,5.435869418877095,2994.7129104762566
2026-07-31 21:00:00,476.10429367136226,15.929252146424643,37.13412935744766,2176.1990803190342
2026-07-31 22:00:00,1251.0253115193616,5.055954423630007,6.227914879666475,1845.2465911406307
2026-07-31 23:00:00,1412.8084690185701,81.29172279010912,30.47621682704319,1547.8421584497707
2026-08-01 00:00:00,904.4624177034779,49.128372721632935,29.298934534596754,3087.5980486458775
2026-08-01 01:00:00,1150.1357709050503,63.29638773153151,40.71954513169277,3142.7400846093515
2026-08-01 02:00:00,875.7540704980776,74.70165732487936,6.013607001942544,1859.2081906386095
2026-08-01 03:00:00,1619.9553277383372,71.44714956365482,14.879556507603503,2605.6971517823035
2026-08-01 04:00:00,946.3776068743426,79.5519005118669,4.994309455606171,1843.1726960598162
2026-08-01 05:00:00,1531.0748053489922,87.08566140472071,18.924866335395087,1772.7659170015154
2026-08-01 06:00:00,1462.2984990594225,,41.11009963652757,1344.536906325972
2026-08-01 07:00:00,797.8581962922061,85.57985653348676,35.38701864672167,2512.034776930731
2026-08-01 08:00:00,491.1436361577076,65.37280540251065,32.80760441959404,1614.87724068967
2026-08-01 09:00:00,790.3396253516107,7.289468937418984,24.45321021395889,1325.979484020557
2026-08-01 10:00:00,1504.5695388178742,61.67869778789874,39.87337266276301,1520.1874451073163
2026-08-01 11:00:00,486.975310892967,62.11778270483153,20.775439122618447,1958.915302334409
2026-08-01 12:00:00,991.5417879581739,81.62159017753491,7.586169352428083,2705.2426992345945
2026-08-01 13:00:00,1470.3644715332707,34.19095978983819,37.85374981731429,1725.5084119974629
2026-08-01 14:00:00,700.911707718244,53.05712352419179,13.30408643427598,3163.9401813165105
2026-08-01 15:00:00,1191.7563829045855,2.0846920400450837,3.3598758050757147,1905.825661804195
2026-08-01 16:00:00,517.5736758829846,30.554696554138904,6.545673349426821,1995.575207789665
2026-08-01 17:00:00,285.77505712587185,6.539691628131503,27.79859231254252,1757.7520778991523
2026-08-01 18:00:00,1450.4531826578557,47.44669457607583,27.71160641253159,1832.9912078508605
2026-08-01 19:00:00,268.2466597948016,73.75284089511884,12.448059527609518,1455.683740561598
2026-08-01 20:00:00,561.3483716352938,,32.995926509623075,1919.018215303998
2026-08-01 21:00:00,1553.6860173956482,47.942253054642286,35.04016683757951,3105.1966651613084
2026-08-01 22:00:00,688.9977880337342,19.156768649458268,41.5021155498792,2745.691536930788
2026-08-01 23:00:00,1754.1770941740738,11.741273638315398,26.73724994184243,3138.063228117795
2026-08-02 00:00:00,1765.5483691155616,46.47871448215648,35.29462802249321,1520.2039301966488
2026-08-02 01:00:00,556.0692347710465,8.044227264525759,34.13638590995188,2256.794924768534
2026-08-02 02:00:00,169.66297782481377,53.274562171281055,12.343598132556487,1781.4352332582416
2026-08-02 03:00:00,1298.6075831491446,3.789034000228638,14.649940829257012,2814.552740167911
2026-08-02 04:00:00,866.6770545021843,,22.05322541312634,3337.49943192437
2026-08-02 05:00:00,271.2798347312797,49.94977620837485,1.8377145712869338,3012.2549060056044
2026-08-02 06:00:00,1302.7887922626728,53.635259748003335,14.085502018939835,1374.0841501771133
2026-08-02 07:00:00,152.99734549026607,3.579836778344469,21.85084642714647,1964.985358752892
2026-08-02 08:00:00,1579.3343738368117,52.030534132138705,5.755048992370324,1360.0173499460996
2026-08-02 09:00:00,335.7092994926163,75.6267247538037,6.556139062105519,1384.3506305550695
2026-08-02 10:00:00,316.4301938694325,65.2861397791619,21.38241637244301,1466.9821387452691
2026-08-02 11:00:00,398.6429065465937,12.675474248951078,33.16246138978097,1880.28655083818
2026-08-02 12:00:00,1732.452809436513,53.73024363316173,37.68495296051006,1938.8258120400756
2026-08-02 13:00:00,1278.3879124315383,60.830472506605,25.037811490208938,2140.9523777932654
2026-08-02 14:00:00,1462.3316102881824,4.313576955953968,21.88895545205617,2150.355298379222
2026-08-02 15:00:00,775.9794757456801,77.12594251284241,17.90834501222923,2919.9589248706798
2026-08-02 16:00:00,671.7316367584244,81.65779835879489,9.489755667254673,1596.9468115156897
2026-08-02 17:00:00,498.6228115313889,76.69025232924102,7.448728123832048,1631.255293188941
2026-08-02 18:00:00,917.1016481310952,74.39220065103108,35.843443873119554,2615.8370085116912
2026-08-02 19:00:00,1038.1088470080863,67.3019026630195,21.460291817342792,2500.6585196042433
2026-08-02 20:00:00,1174.0172342096841,57.375450784094454,35.7740908011092,1623.4098815124362
2026-08-02 21:00:00,537.1014567977807,61.397803443954416,,3089.7552963932303
2026-08-02 22:00:00,1712.7119375350842,72.76918110681349,9.531420232868669,1991.0247696125357
2026-08-02 23:00:00,388.5894469521309,59.96236279415611,23.453519625293932,2070.631431943421
2026-08-03 00:00:00,1741.610397102901,30.167699144704315,20.53673173859795,2182.966169752636
2026-08-03 01:00:00,125.25540826275645,34.4605380923605,19.650434267990658,1977.6739285517651
2026-08-03 02:00:00,917.9136760886375,80.838114685134,24.873126164967807,2470.6556097725156
2026-08-03 03:00:00,666.7253247981567,2.523865635947409,44.211603647319265,2116.160218632217
2026-08-03 04:00:00,863.5098036814263,63.1950317307411,36.76762629751279,1844.8129244851038
2026-08-03 05:00:00,1070.1297842673414,85.97520216584418,,3199.397222192626
2026-08-03 06:00:00,840.5015686216053,63.854307126259656,2.304141659745652,1947.536554294325
2026-08-03 07:00:00,805.2396455127114,89.4581669526286,7.174800138870261,2766.826743484526
2026-08-03 08:00:00,1345.6298062026212,62.191496592021444,4.729601049880793,2029.176217749482
2026-08-03 09:00:00,1265.9896676469898,4.058309600300635,12.582164222872173,2213.961972442691
2026-08-03 10:00:00,1516.5611794609415,74.6038794665762,20.44326964653262,1795.4813991427964
2026-08-03 11:00:00,524.9302681071424,26.3320621625994,29.25034289685914,2879.8922007132337
2026-08-03 12:00:00,1136.1984665819082,40.69909308413524,23.03657571661049,2848.1268279951314
2026-08-03 13:00:00,1094.8311351678517,28.776180515730303,40.74009225617815,1346.7038861970104
2026-08-03 14:00:00,728.5542784835709,24.90131545266147,42.35366219133,1426.4074846327128
2026-08-03 15:00:00,926.2978212345575,39.395107626610894,8.194921852688193,3236.990554964373
2026-08-03 16:00:00,633.4296436197388,34.70887891121996,38.52816849165054,3166.536379199487
2026-08-03 17:00:00,341.13547594887484,57.367133783990454,22.195776976585243,2362.7831048349135
2026-08-03 18:00:00,463.46205812664584,73.37045688788844,20.94649673796491,2336.050522272507
2026-08-03 19:00:00,279.37319888204183,27.44089013366443,35.537331333321,3006.0907662059644
2026-08-03 20:00:00,1261.218277823211,20.021182601159552,5.09818239797457,1590.745308458246
2026-08-03 21:00:00,1223.2365682855575,60.353679107460465,39.82969760644245,2672.768154826514
2026-08-03 22:00:00,1716.0308316857838,60.658485858939564,30.517987600095047,2299.564288423245
2026-08-03 23:00:00,1340.45330320031,81.20068029646929,39.511510736951905,2860.995161562808
2026-08-04 00:00:00,188.47792588542347,2.4191660943446656,44.757013419135404,1363.21586175518
2026-08-04 01:00:00,1603.216795679222,76.9206189283694,23.792195903719147,2544.723654420271
2026-08-04 02:00:00,1566.5477770077339,47.369193392403766,5.103536707992875,2469.129251952671
2026-08-04 03:00:00,853.6445453135877,56.29588593631679,8.327049968959006,3065.781492137289
2026-08-04 04:00:00,1095.9671858974666,9.132058209965916,15.239202672389638,2721.3562248655585
2026-08-04 05:00:00,,39.50272902561206,5.556329453927221,3148.336752630839
2026-08-04 06:00:00,1004.9174185418826,21.229914244228617,36.87504035006187,3163.2739754493737
2026-08-04 07:00:00,1639.0471082393526,23.62602767734331,14.062185445441813,2157.144401889407
2026-08-04 08:00:00,241.16588827731695,45.86446520616644,43.938992272874074,1588.6116808788076
2026-08-04 09:00:00,424.78817680476084,73.308579585877,31.91402300500165,2623.595677226595
2026-08-04 10:00:00,849.2834038502403,,8.630936291244536,3134.866806657872
2026-08-04 11:00:00,1094.0865741734178,53.59899635864989,21.945876465533374,1457.4020228089976
2026-08-04 12:00:00,1487.5873481667604,49.00821915505857,21.54290575186613,2471.6388734777947
2026-08-04 13:00:00,1780.0455957434176,39.03023784786961,22.67051296667989,1541.4990059856302
2026-08-04 14:00:00,761.0475440059979,87.57118764696338,24.570411508289165,1356.691582685924
2026-08-04 15:00:00,180.60658143814436,50.85713732684676,2.371615621980158,2727.2342432757505
2026-08-04 16:00:00,1461.9915556020521,23.60300944978777,31.197249532719432,2731.884184931544
2026-08-04 17:00:00,1127.4472224407739,21.47808049156352,22.436438112691505,2561.3818944923605
2026-08-04 18:00:00,437.52286007594284,55.41041973898762,35.802477550222754,3104.367888193774
2026-08-04 19:00:00,941.2083762564142,47.53164993067266,36.875381223458945,1469.8405235663045
2026-08-04 20:00:00,,1.6851044629694378,11.143545367635568,1521.0465495673945
2026-08-04 21:00:00,1409.7000380166944,74.87581812542436,3.1306096427782233,3115.524419756839
2026-08-04 22:00:00,949.3513003978954,63.66688952668668,31.942289668942195,2356.8811117611526
2026-08-04 23:00:00,618.8647012190605,59.90280678135121,44.02156269241047,1873.4108985602982
2026-08-05 00:00:00,1755.362389465439,7.121478535091647,20.65295140955965,2850.1296537691032
2026-08-05 01:00:00,1227.7164386260379,33.22297066535174,12.422963622118214,3178.247817469244
2026-08-05 02:00:00,794.0037828887077,84.24902120521797,7.893563361673163,2748.1669010262203
2026-08-05 03:00:00,576.7874811479091,77.77044247938137,13.647606285185743,2963.0584530247434
2026-08-05 04:00:00,1342.8750711060557,26.413321470388475,15.42846026034379,1893.2442044099043
2026-08-05 05:00:00,511.7118575094051,14.978240684823344,19.650488711116438,1906.4282547621392
2026-08-05 06:00:00,391.9069812552699,40.96882818800336,29.837913421441804,3114.660148744728
2026-08-05 07:00:00,1000.7176112355195,32.66890370142182,13.019174467529991,2591.2119821759525
2026-08-05 08:00:00,592.9785674950411,61.71814752683321,3.2429775926217426,1791.7417785148466
2026-08-05 09:00:00,1169.1387463701456,87.01269809750445,17.42425890919966,2400.7398124706456
2026-08-05 10:00:00,300.4957472861969,33.30712904844797,38.64770311099933,
2026-08-05 11:00:00,1213.3998777644467,6.537951366049539,22.927466477482888,1758.9530706266548
2026-08-05 12:00:00,581.6040975960938,80.88764674247228,43.45048534079803,2675.303457236246
2026-08-05 13:00:00,100.41298853867164,4.377525991348501,23.159347367904196,1388.5041846173124
2026-08-05 14:00:00,315.7912980460998,85.79616484664665,13.139547944561304,1937.7524083087385
2026-08-05 15:00:00,1687.14614231966,60.147569092804545,9.505815878789441,2715.340804624841
2026-08-05 16:00:00,,84.81033955133347,31.55907785856536,1613.6330375287932
2026-08-05 17:00:00,497.1353544616026,18.769712111759066,24.600776574207202,1766.6179643492478
2026-08-05 18:00:00,1423.2322377273351,4.622281777588879,27.575952875799427,3146.0959097526174
2026-08-05 19:00:00,1134.571708395756,44.450688066607775,34.22557873070177,2716.0743088063778
2026-08-05 20:00:00,1750.538009464778,41.10548389674115,32.93975242765529,2347.729291539015
2026-08-05 21:00:00,735.1296212079005,30.502812319684573,2.907985207401987,1742.87612346765
2026-08-05 22:00:00,1258.4830412791912,86.23142622059407,36.31316383298124,2016.960278822742
2026-08-05 23:00:00,208.0107281206616,74.20995216236747,24.438945510275303,2506.0940464034543
2026-08-06 00:00:00,773.6204895878901,59.8807999024278,18.235175355849996,1626.1564471998038
2026-08-06 01:00:00,1738.4900240199067,15.494387955766667,24.650854755795095,2311.6625677861966
2026-08-06 02:00:00,1016.267486565205,66.3547833314487,27.9478637321223,2158.846227689847
2026-08-06 03:00:00,589.3951556692358,65.70410846827544,7.578277634447067,2301.043416997998
2026-08-06 04:00:00,304.46063731863165,38.831067451824666,19.36627739436358,1521.6777246886288
2026-08-06 05:00:00,1295.9981783086018,83.30594596454722,15.765793248280087,1523.64388279456
2026-08-06 06:00:00,1196.2552738305355,15.86103151838193,16.41799357199369,3324.633000767275
2026-08-06 07:00:00,735.6958131264169,24.793043054638122,5.018737289921562,3356.672240822014
2026-08-06 08:00:00,1716.6002981719182,6.626966193306394,8.033113472010138,2194.9457816148183
2026-08-06 09:00:00,137.74478207934555,71.79513527780529,8.12061097379374,2956.8904526667584
2026-08-06 10:00:00,616.3305477741038,56.336585362490354,,2677.1619965384616
2026-08-06 11:00:00,1665.8181267092884,29.02968720563121,40.357627974490825,1545.5253946986168
2026-08-06 12:00:00,645.5902451430486,15.579416059894069,10.065204364521477,1923.0251804028653
2026-08-06 13:00:00,528.8298175537897,4.573151532557893,19.3124703376914,1958.667958153493
2026-08-06 14:00:00,1008.1746968831204,15.840355607708357,14.710814273162066,2551.12631320437
2026-08-06 15:00:00,1500.4629748649145,41.34233352405158,35.64486575225887,2517.951095860387
2026-08-06 16:00:00,275.3494934932138,22.99875024194395,3.2055630221159106,3239.368256775787
2026-08-06 17:00:00,1703.1352063977515,24.049413791445037,9.647909403579177,2959.076259350175
2026-08-06 18:00:00,1451.6238980079788,78.92629663342657,10.268227863610953,3099.3800956662444
2026-08-06 19:00:00,408.1254344376383,46.847252938037954,44.69036321378218,3171.5800885831195
2026-08-06 20:00:00,1310.4135340368766,65.9034256084289,26.11410079051736,2982.6810123654586
2026-08-06 21:00:00,754.4298284838471,4.178274463504735,7.114163632874801,
2026-08-06 22:00:00,783.9009527297418,33.49953865534456,12.97676212816888,1751.5272398024501
2026-08-06 23:00:00,1431.5931571460728,43.64607191819432,8.384172141408667,2500.711409844199
2026-08-07 00:00:00,1736.7341735672446,17.59110011370644,6.482601063255712,2748.093464551969
2026-08-07 01:00:00,315.3149838402297,11.697047188652942,36.07600924994727,2111.792734822648
2026-08-07 02:00:00,815.0714026939929,78.45703628648599,22.813115661055612,3081.5111649254713
2026-08-07 03:00:00,917.600733743316,84.60941481188189,28.77324602134638,3317.189844917765
2026-08-07 04:00:00,739.730088823496,8.01379612604126,15.575054867647825,2495.731024888439
2026-08-07 05:00:00,717.4215103175825,32.06266541627744,25.362583786962496,2258.8433306540583
2026-08-07 06:00:00,188.85673485471412,86.28742090485817,12.333037431042673,3070.0629455792878
2026-08-07 07:00:00,1265.4156549564595,8.401394248789375,14.553596096842332,1350.966048677712
2026-08-07 08:00:00,841.5645091040772,58.28408218620664,29.698469552136253,1570.9264932519209
2026-08-07 09:00:00,431.1494644946755,87.5277020160635,7.615405540446131,3075.881083913162
2026-08-07 10:00:00,1487.2569539135163,88.06190650374234,28.157761803368324,2837.260029860784
2026-08-07 11:00:00,1464.3532718577674,,38.4983319226176,2173.8870662290847
2026-08-07 12:00:00,926.8657677511195,15.484670592631874,6.298621951953839,
2026-08-07 13:00:00,607.3661239511929,18.985504032992058,40.48829634507908,2038.062404055313
2026-08-07 14:00:00,1184.757633853969,80.17452416607112,4.495609933151379,2631.0752515205268
2026-08-07 15:00:00,589.8586308215852,82.1397873853465,16.352005986058412,2632.102387684424
2026-08-07 16:00:00,501.21348155031046,55.101288304746376,27.86240987047176,1687.0969744898962
2026-08-07 17:00:00,1341.8749118447554,69.1896995528221,25.61424944521562,1898.1886459445218
2026-08-07 18:00:00,168.5529075256162,66.85388138086633,5.241207189755072,3223.61453766178
2026-08-07 19:00:00,261.10640075880974,59.902122221030524,36.152179382577536,1685.1711929661758
2026-08-07 20:00:00,111.53989584010262,74.62764898360258,43.818744898391124,1664.5067058800114
2026-08-07 21:00:00,360.00341700822446,62.001189450588576,8.974044724085884,2307.1924948411356
2026-08-07 22:00:00,217.2830148077811,48.52620521152744,,1493.614473299466
2026-08-07 23:00:00,1792.8640252258617,22.089116270345954,25.499615452917023,3178.7149968671843
2026-08-08 00:00:00,590.9769489219523,67.20604482655709,42.1810859347944,1510.3131904561892
2026-08-08 01:00:00,353.75562153772034,43.13597023760643,8.747782170337489,2594.770701365668
2026-08-08 02:00:00,509.69363859306054,27.23645987666833,35.84894129989468,2013.541898535168
2026-08-08 03:00:00,1691.4134716182289,72.373218541018,3.63038931959457,2988.9730594891707
2026-08-08 04:00:00,984.2723791414727,63.00751043141952,39.86064365931996,2538.602566111831
2026-08-08 05:00:00,720.1907637233567,84.4232211180983,30.66301457678388,2115.4428962668203
2026-08-08 06:00:00,1584.765478445673,15.724305961680118,17.291210492586924,3366.1332675441026
2026-08-08 07:00:00,771.4834599333552,,9.380540233905407,1439.0850757776143
2026-08-08 08:00:00,669.5145689280829,22.737312659847664,36.92745633695701,2513.351236784421
2026-08-08 09:00:00,452.38028833455047,81.41888569184611,27.542618141371708,3378.0934542424943
2026-08-08 10:00:00,742.2546006459995,9.855447868838796,16.85829752971206,2751.000550747336
2026-08-08 11:00:00,638.3634052287742,59.39840077359407,20.528776291310717,2853.5162264486053
2026-08-08 12:00:00,1251.4167308068397,71.40662921599466,37.36787686718457,1367.3914036169203
2026-08-08 13:00:00,592.290597940236,32.58768779245894,15.91279650770218,1344.8626425036211
2026-08-08 14:00:00,1081.2395689183545,85.91828906515902,4.943837836836863,1375.831235162605
2026-08-08 15:00:00,212.0166805543536,76.71503092815732,41.0964155769528,3382.6201945700873
2026-08-08 16:00:00,425.1915663840744,27.2210286719564,18.04312454495352,3356.991497555788
2026-08-08 17:00:00,792.5889617392929,1.6711572517238822,16.329050489069395,2002.46874410495
2026-08-08 18:00:00,1692.8137316447821,27.402488674507417,9.993583230541333,1911.0618141582406
2026-08-08 19:00:00,741.3283757166822,26.036631871896084,40.486593134047205,1606.513365587473
2026-08-08 20:00:00,1228.926006039718,80.2068500675809,,1991.1946282459926
2026-08-08 21:00:00,533.6482781163768,87.07378486467253,29.01360619206088,2077.3148541492674
2026-08-08 22:00:00,315.95707915449395,7.269158751353172,,2871.3939151939703
2026-08-08 23:00:00,199.5122201360852,42.94523973946519,2.5361990425415657,3119.216461131443
2026-08-09 00:00:00,619.2029475226773,49.80154786915182,37.46683503320861,2868.143751456915
2026-08-09 01:00:00,368.0237455547435,9.269137858343594,19.066374554350077,2657.5977123007024
2026-08-09 02:00:00,395.81776162741113,34.59729611323951,29.95088131166932,2908.3901639864753
2026-08-09 03:00:00,1393.290824257815,29.220335147972605,17.385800781924374,2850.844706218791
2026-08-09 04:00:00,126.92472060628617,48.70901553511077,31.602715279289733,2299.074356833829
2026-08-09 05:00:00,1048.2772137502384,59.845990076142485,12.188976240538762,2005.2879451688514
2026-08-09 06:00:00,745.0843470088902,63.610174834194424,1.964943867157436,1893.839505442959
2026-08-09 07:00:00,961.1349998445303,13.17119710159149,42.70265065066995,2726.6464649768413
2026-08-09 08:00:00,1056.811403264825,73.35234547307131,1.7201816177636422,3314.538661334973
2026-08-09 09:00:00,632.725080577373,61.390240651377546,37.26036874387431,2520.2149097648235
2026-08-09 10:00:00,601.685062313285,80.12766759045805,8.442054106188847,3216.305655191759
2026-08-09 11:00:00,1346.7831438693397,40.99090928975363,18.257690058489228,1329.8816790431897
2026-08-09 12:00:00,1581.1708798059672,80.55618888227505,37.18966456626645,2968.388358145612
2026-08-09 13:00:00,427.38877517949743,,10.061014613743195,3092.565581716167
2026-08-09 14:00:00,265.9518929097532,40.018430579974996,39.091134643101576,2625.0870596817613
2026-08-09 15:00:00,1626.252870866444,34.921755061075096,22.90139332048366,3261.528098659632
2026-08-09 16:00:00,694.8222882005778,84.02026933235285,17.11075235956017,2538.817285050729
2026-08-09 17:00:00,1037.239564126784,,30.14726085639879,1805.1274953061736
2026-08-09 18:00:00,711.2233456840058,83.61383583298873,16.02114776716213,1753.006181841208
2026-08-09 19:00:00,313.86397178828724,71.93075532172736,16.28068779583971,2467.256160054702
2026-08-09 20:00:00,1101.8637964111376,55.22747209693588,33.27516120128534,3203.616254042043
2026-08-09 21:00:00,992.7394480083705,11.310897153335041,14.632617879720746,1451.9726860856617
2026-08-09 22:00:00,445.08905062503527,26.941779859539764,9.833996527594705,2569.220075642913
2026-08-09 23:00:00,868.1773759088724,87.22697423175684,36.536429631849174,2916.5872932622515
2026-08-10 00:00:00,1454.810756826598,29.428566785564197,36.436325483998196,1542.3443462094951
2026-08-10 01:00:00,1103.7243752834152,9.299683410898,22.89377096310225,1545.216350495227
2026-08-10 02:00:00,264.7594560138913,,24.172847111170025,2068.868793006135
2026-08-10 03:00:00,1031.6365452895297,66.3263786543879,31.6273715337761,1875.1504644544054
2026-08-10 04:00:00,1294.6551087922976,26.40573710555642,23.40806883754707,1716.4597336767486
2026-08-10 05:00:00,1447.5957898272773,27.492806161821033,19.34975819464623,1717.257764583825
2026-08-10 06:00:00,1169.4998836782536,42.731475710281764,44.775344505056815,1574.4049680921553
2026-08-10 07:00:00,359.51887971933235,2.939216528840743,7.496178825512593,2582.7934274721
2026-08-10 08:00:00,1307.2945532032732,71.24974792214356,27.08003108655387,2745.0637675265825
2026-08-10 09:00:00,1251.481138338578,29.220902067397176,,2776.166076445994
2026-08-10 10:00:00,141.5257009990765,76.984916078176,31.237461811969048,2417.943349891073
2026-08-10 11:00:00,799.9710349034134,72.434107522403,39.76062515988249,3301.10316629769
2026-08-10 12:00:00,,59.864780947571695,15.798727695605594,3149.118832939138
2026-08-10 13:00:00,1238.0005092311937,29.913863171836695,12.967690955450525,3311.025399599188
2026-08-10 14:00:00,467.4308809285652,46.952173987844134,38.455985023692605,2116.4705040670738
2026-08-10 15:00:00,1104.4822690562396,40.58980392621835,18.341041352160264,3143.3446359055515
2026-08-10 16:00:00,1652.450135084093,31.160487876132006,32.22602221452169,2902.036868754456
2026-08-10 17:00:00,1456.264032754633,76.48412974798286,7.500937450221027,2013.9430963714276
2026-08-10 18:00:00,1666.4781515681016,44.03212963741221,34.25687751657369,1523.8458428588606
2026-08-10 19:00:00,1763.4601437855729,75.11235570394604,25.155236557094252,2733.504624783296
2026-08-10 20:00:00,118.13921591047671,10.364444198622362,12.818912156060279,1586.5498806559488
2026-08-10 21:00:00,1158.6601698417119,13.55120618542988,22.75817441419182,
2026-08-10 22:00:00,801.826976190141,87.98150715505493,31.665519536946952,2350.7656105319534
2026-08-10 23:00:00,1561.7526335697069,53.31139317194197,1.5230019892848818,2727.7533238117935
2026-08-11 00:00:00,528.084993415524,46.36950094141536,29.048550587821698,3245.07808011434
2026-08-11 01:00:00,1767.7501314956294,47.560889619825936,24.829994244024075,2545.804094182893
2026-08-11 02:00:00,1143.3035482243704,20.158920888924523,10.692591380856234,2709.967509311399
2026-08-11 03:00:00,1449.0135837890127,64.96465150567559,34.13116725495266,1951.0290853170538
2026-08-11 04:00:00,245.51923979870614,8.545475511948139,14.352283323860851,2743.3144944999317
2026-08-11 05:00:00,411.87840409007055,52.02581046616907,13.18188098804885,2219.3592535331563
2026-08-11 06:00:00,1389.2862441581453,51.798422896145226,21.7336073559702,3099.5554840559253
2026-08-11 07:00:00,137.37708746685013,82.36276974788248,30.75058585058405,2124.1460791930963
2026-08-11 08:00:00,1488.6925760194308,47.83027009933257,41.8692229385552,2283.3712454787697
2026-08-11 09:00:00,123.71333177624948,13.198579941701977,7.219718697812574,2208.4342895115415
2026-08-11 10:00:00,1217.1020264041647,51.97504007308647,18.44459731307628,3003.3579520455087
2026-08-11 11:00:00,720.65966439407,9.12816034851458,3.9475420705557167,3302.7683137250015
2026-08-11 12:00:00,1139.5412496226386,19.13765134169303,34.37623288875667,1987.2802320648752
2026-08-11 13:00:00,1283.2533918814934,3.768663992680036,20.700247145979873,2297.558591600361
2026-08-11 14:00:00,682.2078726167172,46.68312883889535,32.104881948280145,2782.445160055795
2026-08-11 15:00:00,283.53616178842043,8.52340276112794,15.17655465495664,3180.3014062729353
2026-08-11 16:00:00,218.3979751720516,42.77609968928829,38.149958621878234,2336.7714633766436
2026-08-11 17:00:00,1101.1912383563313,84.03210814384882,24.532435442565045,1528.6763672761272
2026-08-11 18:00:00,985.1141013479896,65.05876575872055,42.51874416024082,2074.2099053527754
2026-08-11 19:00:00,1361.7417155059252,7.889639006051081,4.467844122337505,2455.7599594242374
2026-08-11 20:00:00,966.5503670066931,20.95467328658704,23.62818027985127,2176.8016725286684
2026-08-11 21:00:00,818.1578430524945,60.955955370515646,34.724030823898744,1691.7670262549473
2026-08-11 22:00:00,776.7482030015924,80.62846563115235,27.406716515239047,1377.6779402207567
2026-08-11 23:00:00,144.95973441603468,3.929754221991885,2.0205421787810813,2743.5581987677792
2026-08-12 00:00:00,670.4472428843171,73.30815072313287,43.78290184713075,3384.7481006319995
2026-08-12 01:00:00,1759.2342677916401,51.001435350109475,14.12360249533953,3230.333931182896
2026-08-12 02:00:00,1585.044479586051,49.60212795137894,11.96822612012081,2734.8689128077085
2026-08-12 03:00:00,659.9427139581701,86.24537326504885,22.3690345266895,3067.2125978845015
2026-08-12 04:00:00,1099.2521886128327,67.5403705211128,24.854956731027354,1837.0279987811057
2026-08-12 05:00:00,1540.4044674103397,76.66057925699396,34.716678053952315,2607.112315764737
2026-08-12 06:00:00,850.1663724751168,32.50560568947534,18.304040936995523,1427.2688523378274
2026-08-12 07:00:00,130.52836837525663,50.33839963372848,20.35825656433734,2785.086247356161
2026-08-12 08:00:00,226.66778509168813,55.7711052910716,24.538236301088563,3336.731911950964
2026-08-12 09:00:00,967.6676262928013,29.62097069225939,18.35303238863219,3107.674345157504
2026-08-12 10:00:00,1748.046938648993,51.75208312031856,41.24011548045086,2422.3258370204385
2026-08-12 11:00:00,1278.4562217720752,22.06232877369453,38.4550865319071,2956.354460556831
2026-08-12 12:00:00,220.55752544556822,13.76043472507332,21.018842583426647,3282.1875008911456
2026-08-12 13:00:00,421.91348884616673,34.283353075682605,1.008573942841954,1753.6369136723524
2026-08-12 14:00:00,1411.249343468645,66.79677695843289,40.641117803288346,2965.842877252494
2026-08-12 15:00:00,1530.447591925616,82.540656178576,6.470809231336471,1866.678611734592
2026-08-12 16:00:00,1150.0807965206045,41.73655058334269,11.758546268538034,3141.5895860733
2026-08-12 17:00:00,1195.5193883706881,58.21130825651342,7.70389651207752,1506.5444619493055
2026-08-12 18:00:00,148.17366565175388,10.170304656783943,8.911885079165046,1674.2586796266671
2026-08-12 19:00:00,1508.5014412885644,81.49727451115726,36.326611667152726,2813.294573290784
2026-08-12 20:00:00,1440.0678538904103,51.60577500772416,26.498063433300665,1667.0327581128229
2026-08-12 21:00:00,540.3597449756901,70.45010403863897,43.068187177515334,1631.9140339963933
2026-08-12 22:00:00,1304.7504239413618,71.70526688200405,11.183954542243525,2466.4804425376315
2026-08-12 23:00:00,465.25283092249674,23.826766846761426,22.367935957774296,3053.4731991890485
2026-08-13 00:00:00,168.56127378757208,48.096526333184606,44.00684823962868,1863.781593076721
2026-08-13 01:00:00,441.93212240364136,86.48269788892699,37.36351462808987,
2026-08-13 02:00:00,403.6690904823092,8.977474489053673,33.05908988130161,
2026-08-13 03:00:00,674.1715944492403,61.79144092463114,9.314908860314844,2516.1213420146046
2026-08-13 04:00:00,811.3641451982787,86.64150294513031,34.85383764002751,2657.7817827432673
2026-08-13 05:00:00,964.5161155461035,27.75136261680797,16.29286539422038,1384.9264918850072
2026-08-13 06:00:00,910.4815883641578,77.66886500498698,,2070.9846724377976
2026-08-13 07:00:00,560.1468301409919,84.09552154133617,27.803093373739767,1853.1293553485402
2026-08-13 08:00:00,149.59013657592658,67.49067263613944,27.81200330706718,1615.0081075276921
2026-08-13 09:00:00,1128.6727578031562,21.588219795319286,32.96703276419473,2118.284591229661
2026-08-13 10:00:00,772.7662107405024,30.726063975566856,30.114892076257046,2045.298812329609
2026-08-13 11:00:00,607.7426675588345,4.187027203178035,4.008318689665952,2830.6725240724268
2026-08-13 12:00:00,1573.799772811871,74.99933784783661,21.12326914176072,2556.002315001182
2026-08-13 13:00:00,1369.4636232568716,76.6153955994861,30.216950695679085,3217.5101444842403
2026-08-13 14:00:00,1558.2014322331518,,14.023691215292061,1605.3559244172616
2026-08-13 15:00:00,941.4707510111837,32.37497876248277,14.774494237521147,1425.4720711794046
2026-08-13 16:00:00,322.5831286155217,7.836181459952928,6.480972101203084,2422.67635373137
2026-08-13 17:00:00,1283.576441406163,68.02212728242694,19.419059382893636,1302.1569910826486
2026-08-13 18:00:00,450.3254258931979,65.66083123128314,44.42053910947168,2954.209780583428
2026-08-13 19:00:00,850.0904374559185,82.22162443476219,13.554051896673645,2362.5430662385197
2026-08-13 20:00:00,210.50134121311044,66.01734986947723,24.383223278188314,2324.9377097215765
2026-08-13 21:00:00,1503.0242841190702,,33.70243912227971,2061.241555320766
2026-08-13 22:00:00,314.099089780751,67.38996099345596,1.5938799189079091,2087.4450559124016
2026-08-13 23:00:00,1635.2657619838265,57.13115975979616,40.619340622325154,2205.3807243263773
2026-08-14 00:00:00,1569.192023844647,39.000009082999824,18.008208127897294,1333.6679232946633
2026-08-14 01:00:00,889.7906995467183,81.28844046916272,39.24110341528322,1475.4461531540298
2026-08-14 02:00:00,1365.425947316784,58.936202899764815,2.713696991577034,2360.6008420235976
2026-08-14 03:00:00,1153.0566254908606,36.45362365496591,7.409196282001737,1615.2567569615885
2026-08-14 04:00:00,1465.2285919741662,8.428767271194193,15.191295997012606,2935.401477528696
2026-08-14 05:00:00,834.0686713360504,26.872732175490007,16.200318014784266,1876.4188654095042
2026-08-14 06:00:00,1435.874423215395,49.391679399884666,38.302945813232725,1505.5892384335805
2026-08-14 07:00:00,886.1765890107515,25.531547931441313,1.492849077082349,1793.9408443972445
2026-08-14 08:00:00,1699.6418393327494,20.689945964693287,29.2089181646659,2049.906283327155
2026-08-14 09:00:00,926.8325714027509,47.9380227538184,6.7777471918562116,1374.1648780492555
2026-08-14 10:00:00,886.4527622873402,16.114010784720378,37.22148863128617,1597.5186012112908
2026-08-14 11:00:00,1434.6221646579716,72.2364956359342,35.25722370214814,1980.0781844027913
2026-08-14 12:00:00,1496.6820759934244,44.10876546949656,22.996525206092826,1952.0089950005045
2026-08-14 13:00:00,1042.6314943459902,52.07378688267587,10.358237922544507,2980.8120627756625
2026-08-14 14:00:00,405.65628294162815,14.11711081616402,28.917797202484476,3070.8364981565715
2026-08-14 15:00:00,895.1889926278852,29.887293871013696,7.875365976936408,1706.179058201455
2026-08-14 16:00:00,1745.7232549464532,37.49798181024261,9.361046874076752,1560.2737562169796
2026-08-14 17:00:00,1380.0765281666147,72.93094191596876,28.57435569791574,2631.7412170749785
2026-08-14 18:00:00,1478.9764265945248,69.54419755466758,44.61405162789947,2989.7094669604057
2026-08-14 19:00:00,155.8033479927082,20.844995256103644,40.206676839112035,3323.818504170676
2026-08-14 20:00:00,895.3610864780718,55.83993826302369,27.096723738081792,1314.27219796768
2026-08-14 21:00:00,1199.2559272178441,22.667615841707786,24.695617825766643,2168.7240381962893
2026-08-14 22:00:00,1511.055562167727,88.95399685643184,44.92893472035678,2841.37445159821
2026-08-14 23:00:00,183.7652110907115,85.73902515364749,25.085474495891322,3039.9745276361446
2026-08-15 00:00:00,1549.1461055911843,51.130560126335226,,1430.8004922345053
2026-08-15 01:00:00,1032.28159246125,63.20232889857872,41.02044357411502,
2026-08-15 02:00:00,435.43374997930187,72.32730401656941,11.304109018248683,1906.771306537837
2026-08-15 03:00:00,639.33386796449,65.16885938399645,5.291143573059594,1456.6536145995633
2026-08-15 04:00:00,579.2802379776533,63.284753506335456,28.899961511920534,2327.1154216848013
2026-08-15 05:00:00,1002.4603582904089,86.311306707508,5.217383885824956,1632.1220207287065
2026-08-15 06:00:00,187.8656558489241,54.08459346134821,17.418535625930247,2847.7157879295382
2026-08-15 07:00:00,369.51146944987,57.63093779189595,19.637404965595703,2856.6497793688523
2026-08-15 08:00:00,,76.58491878899812,25.091674950166258,3068.34230647377
2026-08-15 09:00:00,325.4267842695788,60.6202872393982,44.63302001291034,2092.8942388102796
2026-08-15 10:00:00,496.77365807881586,66.23100335955951,10.723195826659953,1327.9505741843516
2026-08-15 11:00:00,870.7300295270675,21.841013071501177,17.53328065430413,1845.4454705864073
2026-08-15 12:00:00,979.1055097926618,34.04275624624131,6.8185654740689525,2282.4045690030816
2026-08-15 13:00:00,1398.1378153440696,14.109819768358479,,2757.423686773706
2026-08-15 14:00:00,860.4651253325192,46.01312436779769,33.01762002154467,2102.285229942157
2026-08-15 15:00:00,1442.769855760416,41.559738660541925,22.21138022237867,2425.70163174099
2026-08-15 16:00:00,1151.1887219772777,89.74749047087165,11.816575804758726,2400.953533657005
2026-08-15 17:00:00,292.26955702049815,55.39757010058328,28.319083843996896,1646.462933652465
2026-08-15 18:00:00,365.7634452678256,70.99358926430368,24.72293982822938,2608.4039501680268
2026-08-15 19:00:00,842.9573332646104,30.727305697431227,8.53217182976358,2222.4286292313354
2026-08-15 20:00:00,774.7119682513674,75.00753448950888,18.85000362209373,2996.6292734702356
2026-08-15 21:00:00,1364.0252583834008,55.74256201740382,20.14867203194858,2750.28353707069
2026-08-15 22:00:00,1087.2531376554982,63.032317512261024,44.23518116594305,1534.0852910148647
2026-08-15 23:00:00,759.8262377038238,27.20433923750144,38.36857661484296,2326.392661076794
2026-08-16 00:00:00,390.2924818656556,49.828816860906365,33.31231468403813,2775.2381528377937
2026-08-16 01:00:00,485.62307395334176,57.42929063381117,40.10618912212969,1482.7246241954194
2026-08-16 02:00:00,,53.42942614767571,33.36131385646346,2964.243768368926
2026-08-16 03:00:00,819.8459683296472,,40.74968162553227,1766.2094807532387
2026-08-16 04:00:00,975.3767650631426,80.94626713983726,3.400337054698351,2356.4780704947484
2026-08-16 05:00:00,390.15164001379725,87.41758115104149,21.066913207744328,3275.178703692536
2026-08-16 06:00:00,1226.9406289857618,60.40109253462205,33.86352675064068,2499.801893126796
2026-08-16 07:00:00,1549.315859455144,87.50035758118594,26.665015050840594,2190.5143485782896
2026-08-16 08:00:00,538.497161537731,75.09054200283988,8.707311222634614,1314.2693475381996
2026-08-16 09:00:00,935.5741839141052,25.104060490256376,15.981651807255506,1580.1686078255639
2026-08-16 10:00:00,1758.396459335533,39.041774590065444,14.982072501174414,2515.194158705774
2026-08-16 11:00:00,666.510958936237,22.21692735482187,12.499264180110785,2337.03258537285
2026-08-16 12:00:00,1111.578786370394,1.3735473139203034,16.097964354614508,
2026-08-16 13:00:00,253.3326903404154,17.736339030074866,23.653544692289323,3238.7533593276466
2026-08-16 14:00:00,1130.2255042150534,1.3613921795319344,38.614237090464144,1998.2133285944756
2026-08-16 15:00:00,252.37401461785046,65.06562306019362,33.64943714532528,2428.016588532624
2026-08-16 16:00:00,1730.7002400504975,38.87255249718676,37.75098697671428,2494.2981600006733
2026-08-16 17:00:00,1316.6265085229293,28.819150709929385,39.878564760775795,2407.6836191342372
2026-08-16 18:00:00,1439.8716398307008,68.79315930747173,19.310620068294718,2302.9293222342085
2026-08-16 19:00:00,1296.9774133117826,75.0913229411484,16.225156497176876,2007.8338456250071
2026-08-16 20:00:00,1102.5393613299918,87.80165893983931,3.5354287941031197,3208.403629383201
2026-08-16 21:00:00,864.8517278453592,58.13920903609647,41.94163136256311,2246.686849694204
2026-08-16 22:00:00,1559.234745593806,42.076077310064605,3.896212789278333,2409.742621426759
2026-08-16 23:00:00,1726.6206348232072,28.168522843061794,33.6099626763007,2678.6037660435086
2026-08-17 00:00:00,948.3614939369382,20.78632062006614,17.636765396485835,1442.0776891062228
2026-08-17 01:00:00,1683.6095835639453,19.95040959295151,42.7463540779642,2940.705097072815
2026-08-17 02:00:00,1091.6659469804797,37.41785435006209,19.462488921101677,2376.2653511806748
2026-08-17 03:00:00,1015.2531177239364,89.26898562062576,36.93076745960752,2680.07156527443
2026-08-17 04:00:00,872.6206460241063,1.0759790719288906,13.43681261520177,2921.2253373687518
2026-08-17 05:00:00,455.78919460120375,18.55132485355907,14.159903558729253,3135.6087206048505
2026-08-17 06:00:00,106.32342339070063,17.76697543391807,27.202854034651104,2123.662875601155
2026-08-17 07:00:00,510.5605856553042,64.82363421237402,44.911235883128846,3004.002774632736
2026-08-17 08:00:00,966.5293917260608,32.371140756227504,23.773186391084636,1843.5574806883938
2026-08-17 09:00:00,745.9319188415793,41.69621160867204,42.197580001304786,2686.7048670104696
2026-08-17 10:00:00,862.4248876044775,14.227547611821542,35.594992442944026,1515.6853314272428
2026-08-17 11:00:00,1767.1019732588843,37.04473646004835,36.01802982379834,1342.063981590558
2026-08-17 12:00:00,695.4630301378569,10.184783259619408,20.182239521665622,1501.1025648365435
2026-08-17 13:00:00,868.7109969121834,48.440852622083895,18.00785900760323,1970.7032217811993
2026-08-17 14:00:00,326.97643729979325,9.71651451907418,9.444559555995877,1365.298689031795
2026-08-17 15:00:00,181.528145142879,71.35524592441091,43.41341574728076,2624.0316715932513
2026-08-17 16:00:00,1418.1961748072408,51.427552861103564,43.21331894752808,1964.743530602756
2026-08-17 17:00:00,1070.1613976223637,65.433140765843,33.87098030964805,2846.3897422000255
2026-08-17 18:00:00,1393.1981702746216,38.24795841208886,14.035107793517458,1396.4217861661718
2026-08-17 19:00:00,354.7667581071378,34.95272509855823,11.787899775060415,1755.0732897497462
2026-08-17 20:00:00,1072.1089110105745,9.74059112534886,44.49885066502637,2156.807193192367
2026-08-17 21:00:00,531.1922063803383,47.62314902681121,3.92788386475981,2103.568280817497
2026-08-17 22:00:00,487.7050887300339,46.79069267228119,38.116828854217594,1575.097212956315
2026-08-17 23:00:00,119.59422389007494,42.661081956014876,16.640152021228886,3387.6873085214797
2026-08-18 00:00:00,321.57923006742226,66.90613445673799,,1897.3231197510554
2026-08-18 01:00:00,625.7557895494821,75.09289160287955,37.607016544948834,2814.1673777680726
2026-08-18 02:00:00,298.69389300459636,,4.986532704235753,1762.0560641446082
2026-08-18 03:00:00,1775.9593486985937,13.804051109809102,16.583465854891315,3143.4875425247765
2026-08-18 04:00:00,624.6755024907161,56.363296326107616,42.88906819546121,2114.2924513143544
2026-08-18 05:00:00,321.55070939395785,8.14875640636847,31.75890016193528,3191.8952268771195
2026-08-18 06:00:00,438.4399318075282,62.82138358220241,34.21732325145918,2017.8533312313393
2026-08-18 07:00:00,,34.98367959394027,34.33023324204096,1318.1520251435184
2026-08-18 08:00:00,208.87399057014045,12.792407107699507,3.665083659213559,2385.742905264769
2026-08-18 09:00:00,1566.1380212399667,77.72252627087538,9.941134103458971,2402.0546659173024
2026-08-18 10:00:00,1734.5494547031503,55.64674217446542,22.61558326757332,1551.6517838561347
2026-08-18 11:00:00,519.4706151345474,32.570522147329946,17.198610228916507,1793.423504180514
2026-08-18 12:00:00,865.1619566044609,3.7347189888944587,19.080140897845553,2945.3407410608334
2026-08-18 13:00:00,137.628566750145,48.82061305132134,35.38368465952959,1377.1872317201844
2026-08-18 14:00:00,1189.2073820362766,83.1671031852747,1.645886342980352,2328.0060420420295
2026-08-18 15:00:00,803.6742986894011,54.077805110510546,30.061644758134506,2413.857059168482
2026-08-18 16:00:00,559.0993923726446,87.47690381113489,1.0048501992801881,2746.2953274198603
2026-08-18 17:00:00,451.6230880482344,13.144149526070809,3.7745751253547226,1378.6581615402838
2026-08-18 18:00:00,1211.8392320198927,51.57915430894048,18.964589272855456,2529.8572868899746
2026-08-18 19:00:00,807.5689527549346,72.03312927257222,38.00173487141214,1306.5058768141846
2026-08-18 20:00:00,405.42079135085044,47.77312507018874,7.379813684836261,1856.8745713073004
2026-08-18 21:00:00,1271.4854385276008,9.104905682885061,25.40334200165891,2349.3369361646105
2026-08-18 22:00:00,1060.6228811623791,52.876854137702374,30.854229980376743,3213.6908085937957
2026-08-18 23:00:00,1559.7424933801435,55.44467361997998,11.099446903575064,1565.8386136116244
2026-08-19 00:00:00,299.7090280900379,65.85512311430638,23.542531231861652,1655.5071709068777
2026-08-19 01:00:00,1435.6332233055755,68.74782484972718,41.101920458080464,2705.4251352060382
2026-08-19 02:00:00,1244.9785375893402,69.59876925074404,23.53805511608344,2087.2095570270376
2026-08-19 03:00:00,,60.04655103386798,7.9222147186565115,2609.1849440380306
2026-08-19 04:00:00,1281.1952407819251,20.207195591260575,28.623829054251967,3394.653750981961
2026-08-19 05:00:00,850.6303910957117,36.97698226971366,27.056807920374617,3372.4304888325937
2026-08-19 06:00:00,,70.07556756268148,2.186009431117774,2042.798516938285
2026-08-19 07:00:00,340.73929605042883,85.85500152267238,4.986153852892931,2358.2432430321487
2026-08-19 08:00:00,1192.8167643867546,8.026279870459359,7.898379626204473,3199.849333121726
2026-08-19 09:00:00,749.3660772870081,48.66276432395034,6.9967194127222765,1493.5520910579708
2026-08-19 10:00:00,1726.5849400044922,28.814482147863274,12.416493904681058,2249.8381980573786
2026-08-19 11:00:00,660.95732199347,21.06005659419785,20.98063422236499,2092.9124314645637
2026-08-19 12:00:00,1735.7160461360602,46.01715083325464,,1919.2538225880944
2026-08-19 13:00:00,1632.5259468712734,54.94195130953177,40.18859522180227,3387.8288450369314
2026-08-19 14:00:00,559.6515000281158,1.869728596333831,27.932814013878833,2840.4535173419936
2026-08-19 15:00:00,1466.0210206049271,70.43838492590599,39.5503513983211,2116.368684025136
2026-08-19 16:00:00,1792.5271430659602,73.96950968209084,24.18973029637435,3040.9459724973804
2026-08-19 17:00:00,529.52710369118,86.93046338654604,4.954300710330958,2328.2988114953196
2026-08-19 18:00:00,842.5211878496434,17.07729225699785,21.384647758923133,3132.9312659725033
2026-08-19 19:00:00,984.3072521634914,53.915178050124375,37.16943206106406,1859.3976758242147
2026-08-19 20:00:00,601.3829308665693,38.96965823939911,9.540565755352755,1769.5604775128375
2026-08-19 21:00:00,125.95022739825059,30.79967878842621,5.013428265116589,1819.30203061964
2026-08-19 22:00:00,474.21971513579535,51.341377177937915,15.495128486883445,2430.8092098626103
2026-08-19 23:00:00,579.2927033809895,70.63209529689597,18.111504548166142,1911.7581214257827
2026-08-20 00:00:00,854.1194922409181,3.0516977266236998,14.475337761859794,1608.9513367074067
2026-08-20 01:00:00,390.8742133027832,87.27661001839061,6.950594567480463,3388.7186288620373
2026-08-20 02:00:00,1584.5324063758435,73.07946112780826,12.03695382775544,3190.909777626961
2026-08-20 03:00:00,1298.3489256432713,67.85267962445648,31.020425802492852,2633.526118735467
2026-08-20 04:00:00,244.84081185142537,68.6744770140648,17.980854716899213,3172.2400352402865
2026-08-20 05:00:00,,35.62640315606008,28.832175563216452,3264.4717487664193
2026-08-20 06:00:00,1211.2160098895547,67.89422902518842,24.597366316424228,2719.8274129182546
2026-08-20 07:00:00,1725.575995194167,35.42254856566323,25.158329353737436,2389.227535251747
2026-08-20 08:00:00,105.13548130547412,80.98490783215658,11.936180549703023,3152.203763650822
2026-08-20 09:00:00,521.4851646698722,16.772792114275802,23.94789344179999,2492.37369351711
2026-08-20 10:00:00,1677.2455149380362,27.018920755148482,2.038167409980878,1566.2811399931354
2026-08-20 11:00:00,1684.6276561770812,50.06904130021777,19.996724662296753,2070.3976009607622
2026-08-20 12:00:00,1324.9969129300835,29.409782193967253,26.195404220356263,2236.433998644292
2026-08-20 13:00:00,1401.797645780818,38.75711483127933,9.00780733958081,3264.2749338847507
2026-08-20 14:00:00,255.5210284804001,44.825619356474924,12.288574274953861,2684.289491842227
2026-08-20 15:00:00,973.5889191229971,77.21544804440227,10.659364871887254,3138.082881871371
2026-08-20 16:00:00,493.69108519129895,47.56411057117366,4.104550031678665,2890.942571763866
2026-08-20 17:00:00,408.07067414314935,33.25892652669588,16.305722130163964,1950.7078616976341
2026-08-20 18:00:00,1477.5156085096653,23.048518599125305,44.07449372388533,2809.288885434785
2026-08-20 19:00:00,329.56483235693065,37.37216211250555,16.570737884398845,1710.1294454401368
2026-08-20 20:00:00,896.7077828938549,46.90051329287892,21.26361136082693,2157.1062046066822
2026-08-20 21:00:00,1695.5830072962563,67.40422229108803,29.73583904208051,2992.7929000274576
2026-08-20 22:00:00,415.9144944610823,11.773341079338142,29.533901051440715,2585.0512400219795
2026-08-20 23:00:00,1762.588820354999,20.723217753284427,42.79537912081946,3033.3662625004913
2026-08-21 00:00:00,1790.2895757938004,34.78920741231192,38.73282217756151,1834.8775229351077
2026-08-21 01:00:00,1044.549162960085,33.0754580556368,35.9338302326267,2874.4725480973193
2026-08-21 02:00:00,389.24265830116843,35.86557979686384,42.87159793424566,1724.8811590278567
2026-08-21 03:00:00,637.3783094995226,71.62339255298889,11.153676961259551,2445.1387620358155
2026-08-21 04:00:00,821.6378155501097,29.849741863633408,28.150384563358873,2210.4226483543057
2026-08-21 05:00:00,625.851181408979,45.66893805583715,40.03665773577488,2468.5993013186944
2026-08-21 06:00:00,577.0804857900769,56.52772592435279,28.46207896423648,1584.6201904593722
2026-08-21 07:00:00,1752.7905056678078,21.663890966340855,44.00650088270226,2058.5785385773247
2026-08-21 08:00:00,360.7202066067676,64.96388945613097,5.415519411880677,2700.4980448189644
2026-08-21 09:00:00,1346.657444818666,49.692907456707005,20.330542122900813,2472.9146675701577
2026-08-21 10:00:00,100.69749204659728,40.76352350979265,44.003967947979994,2452.8364937148212
2026-08-21 11:00:00,1113.5105379840406,73.07077837970994,17.700993257076735,2372.7432354756343
2026-08-21 12:00:00,1657.103106721889,22.671078067481197,33.54048050436939,3282.1583110816446
2026-08-21 13:00:00,589.4879599584724,79.60266138467476,2.337727647460564,3262.596365673442
2026-08-21 14:00:00,415.39415793812265,50.93333744763663,31.572833043733773,2056.304442876418
2026-08-21 15:00:00,1207.8556512933258,55.21656426478958,42.12357623121345,2038.97952432683
2026-08-21 16:00:00,1311.4223924072685,78.88024781103591,17.83907654836012,2465.2867588034287
2026-08-21 17:00:00,1269.6518822183682,73.7648592185909,1.9371928687848965,1500.7731966923363
2026-08-21 18:00:00,642.8386960363358,54.539024125149126,2.2280313934012894,1936.3140716117834
2026-08-21 19:00:00,528.7440836708624,68.0337056424875,40.24902545128791,1784.8218881824628
2026-08-21 20:00:00,1725.0619599354752,39.56543463072782,32.79070871223552,1769.1183035064998
2026-08-21 21:00:00,1669.60916405888,49.71662006147742,5.694200905969513,2640.8616043800625
2026-08-21 22:00:00,877.4382368177945,6.5242421670574915,3.401972190252649,2107.1357021227136
2026-08-21 23:00:00,1538.5295724624348,8.997354702004168,36.412315999081095,1659.4451869924433
2026-08-22 00:00:00,868.9499119783032,74.81886097258355,36.633867843435794,3163.900874474295
2026-08-22 01:00:00,,6.310777355742203,6.3029609508501565,3135.712244669368
2026-08-22 02:00:00,366.4970109188009,16.076522181302046,14.266897771100018,3111.172139417694
2026-08-22 03:00:00,824.8902960363538,71.8291066465893,35.32114684125114,2120.5643787413646
2026-08-22 04:00:00,1013.6087956196719,1.1019896059148095,24.11813112197628,1419.66315237195
2026-08-22 05:00:00,138.25735662876698,26.133985267281922,43.08973387191317,1524.1582375783157
2026-08-22 06:00:00,854.9921087981909,52.979440546569336,22.16675639522422,1879.7009675197282
2026-08-22 07:00:00,1428.3055712718406,53.9950439007674,30.786149252882552,1761.9370086281747
2026-08-22 08:00:00,1256.0782958362588,70.16660883242315,23.430468092629706,3135.3698023125544
2026-08-22 09:00:00,1179.7668810686896,46.02743664980317,42.490481810142015,3371.352178817445
2026-08-22 10:00:00,1646.2442283432442,46.33676638825636,18.54100005097479,3015.014690896785
2026-08-22 11:00:00,,65.55264122312234,11.111044027858402,2832.6826957732956
2026-08-22 12:00:00,1046.980896526798,45.37757723069923,15.371889852363699,2536.11069384736
2026-08-22 13:00:00,1438.4930422965022,55.1557067041619,38.52210898327009,2916.807428277733
2026-08-22 14:00:00,1020.2701505921543,80.90189207469955,22.90929679453387,3288.7699556040207
2026-08-22 15:00:00,650.6224393866446,36.7291396775011,16.587101354098515,2562.8238068048704
2026-08-22 16:00:00,331.6259606563624,35.27613131181078,24.947440959617246,1624.6878124416512
2026-08-22 17:00:00,1608.8572220875253,1.3158602759646467,6.862107120181063,1644.1024662643113
2026-08-22 18:00:00,900.296067058925,55.59493727538964,1.2358094035262277,2526.111886570031
2026-08-22 19:00:00,1592.7958348756924,3.649699759234746,13.345726082513593,2000.2839335480965
2026-08-22 20:00:00,1095.9486081363862,45.86921558582015,27.620251670475863,3211.5194880144354
2026-08-22 21:00:00,1246.1265982455013,72.57680722386817,32.31395386510104,2584.4489010555417
2026-08-22 22:00:00,1467.243962443365,49.94297527625002,37.37088251948653,2720.6344881890564
2026-08-22 23:00:00,1220.5644258202285,,41.77319661335667,1312.2234912118954
2026-08-23 00:00:00,776.6932291541941,70.96898950899404,19.132943266449793,2347.581959331508
2026-08-23 01:00:00,973.1767526787066,25.004813363345956,33.582739180528,2205.4459149167146
2026-08-23 02:00:00,1465.1773919489958,66.23982850418498,4.285608928714751,2782.330899211819
2026-08-23 03:00:00,735.2055038340732,55.313002511930584,3.531319945971524,2103.541186700068
2026-08-23 04:00:00,759.806476506445,16.129670410572107,6.49111164739089,3350.8075669630407
2026-08-23 05:00:00,262.67319729860196,81.55691486113253,20.737040304553545,2707.4266812684436
2026-08-23 06:00:00,1654.7935398769712,,10.296383293944997,2685.8284995994377
2026-08-23 07:00:00,254.76173540725094,89.07324959851961,13.624697445263896,3230.616403991764
2026-08-23 08:00:00,1201.955601662545,1.6506334902897288,29.506727634541317,3389.930151186526
2026-08-23 09:00:00,802.430613964756,24.450020565718372,16.774975867325224,1715.4234474504378
2026-08-23 10:00:00,789.552963434252,18.7875664574037,,
2026-08-23 11:00:00,1255.2381221735627,2.245413505171174,19.145765296410058,1640.8709401762578
2026-08-23 12:00:00,214.05934547079383,66.18074311311109,8.43464724287206,2259.7912514138407
2026-08-23 13:00:00,1109.299831017439,62.71489638686407,4.256879571259342,1510.3893490981873
2026-08-23 14:00:00,1412.454036153003,71.51923582758882,11.394185793635065,2609.079054781046
2026-08-23 15:00:00,1507.9616884072102,23.846170635346308,3.5388206576059513,2283.8881431506575
2026-08-23 16:00:00,389.901661969418,40.545829870384324,28.218926235151503,2620.2677914840015
2026-08-23 17:00:00,1625.6123851328953,59.66110342431772,36.01157446450841,2723.7175804923672
2026-08-23 18:00:00,1215.4483561406519,40.13939684604478,15.948593802445638,2600.8077250655997
2026-08-23 19:00:00,1599.1531613951609,63.0619935582945,18.032886435503762,1917.4611574754836
2026-08-23 20:00:00,924.9772190873371,57.42363335119935,36.91240676140949,
2026-08-23 21:00:00,1021.4566866652434,11.203654468973706,10.794968144436652,2458.5410186877607
2026-08-23 22:00:00,1662.3650709487408,70.51283777585016,6.2430516685744655,2328.6874637552864
2026-08-23 23:00:00,1629.846223702942,65.14019595923412,23.049197162567804,3372.8339888932364
2026-08-24 00:00:00,861.8734847273034,59.36926049794907,29.432367459462434,1895.3666040836015
2026-08-24 01:00:00,566.5014737806589,14.803330958119208,27.384794702045088,2408.863640279864
2026-08-24 02:00:00,,24.851683942787368,32.41041399206396,2732.881615076782
2026-08-24 03:00:00,759.1993585005746,35.99275581129644,3.497052015613051,1562.9744591597905
2026-08-24 04:00:00,587.6736874707497,25.913736327423464,19.840870961368406,2043.9034207077243
2026-08-24 05:00:00,556.5853273660432,21.2751158701757,11.497103053610497,2983.546303594385
2026-08-24 06:00:00,1563.806992015523,72.67683264439805,34.40133542002506,1797.192292659643
2026-08-24 07:00:00,218.76526516392488,57.80266992605801,39.400141298655385,2335.9097662975737
2026-08-24 08:00:00,1251.93900956931,51.327019707972276,13.378772595482255,2624.3242725642394
2026-08-24 09:00:00,393.7940874759689,21.10979126593959,5.189595479053963,2709.4409419459603
2026-08-24 10:00:00,685.6600187699075,82.70881404190908,12.15083032762146,2829.4519283004347
2026-08-24 11:00:00,204.62315802922268,18.015290479661147,5.576373518592466,3118.552365790183
2026-08-24 12:00:00,558.9551826542854,71.75063302139627,15.186575308991966,2125.004830370639
2026-08-24 13:00:00,1406.3158208993116,87.03386733677108,24.680737446160332,2783.927044524098
2026-08-24 14:00:00,1604.5260517303398,65.711252900957,43.84196199352108,2837.566760317528
2026-08-24 15:00:00,476.59615823402396,89.36443099143204,18.572291191459776,1930.5756732666796
2026-08-24 16:00:00,888.0313267401672,58.94354941103726,10.68175664960333,3333.1316954444464
2026-08-24 17:00:00,899.5508814932508,20.353970580746655,8.339276576316742,3116.9602643963303
2026-08-24 18:00:00,1585.078019791548,19.139934940769507,8.613749710101743,1908.7087902690846
2026-08-24 19:00:00,1396.7583898888693,29.886221298737393,9.474298063504206,2717.644221042674
2026-08-24 20:00:00,972.2312712256847,1.6345717996695395,34.53974899164767,2807.381332364517
2026-08-24 21:00:00,1240.2702408020148,61.671163837372276,3.6852193030264764,2206.115636178297
2026-08-24 22:00:00,1540.5035916459235,24.911432831876656,44.8857191054935,3113.860900476029
2026-08-24 23:00:00,116.21622184342641,73.551307674055,23.99820121131549,2749.4816423689836
2026-08-25 00:00:00,784.9130527850826,32.96636589977773,,2682.124838820708
2026-08-25 01:00:00,1642.3133843710336,,16.73281066278261,1763.7647817979082
2026-08-25 02:00:00,1358.5321524347173,86.94631357387287,31.3712358141333,2156.4688538341234
2026-08-25 03:00:00,1022.8303363679269,22.55331895120766,21.7440789987551,2211.237227177935
2026-08-25 04:00:00,1000.3956959597268,65.19161467124682,15.47869653844019,2840.688302815943
2026-08-25 05:00:00,691.2091659275442,68.20548324818213,12.666089763153886,2598.6285450408604
2026-08-25 06:00:00,984.8849071905747,20.66883601960353,41.72865310506342,
2026-08-25 07:00:00,1214.1514390878706,45.58871845848541,13.80353866230649,1946.165698963204
2026-08-25 08:00:00,811.2171653289482,32.16797135285418,20.201303414913045,2293.3997593692457
2026-08-25 09:00:00,1314.0603488666957,69.69965566260794,16.4150216931246,2847.139186299685
2026-08-25 10:00:00,1564.0947863426559,56.40101539358433,4.791868406833582,2861.4951731673154
2026-08-25 11:00:00,,43.362491882588685,9.181113357219754,2330.140948000437
2026-08-25 12:00:00,867.6299387896215,70.36333058924693,9.338086914360808,1545.558002747423
2026-08-25 13:00:00,793.6341551846378,21.928845730749114,31.52057863314481,1915.097147082962
2026-08-25 14:00:00,1268.6901668845378,68.07234737200795,18.889758038495604,1834.8540027188455
2026-08-25 15:00:00,524.7746909384799,78.01831377626137,35.40657277510898,2940.1554616473068
2026-08-25 16:00:00,1188.4265554188696,79.19732211587394,32.193840670702905,1677.9712594118726
2026-08-25 17:00:00,1591.7317109435296,,9.450189721425657,2276.3345670299036
2026-08-25 18:00:00,810.8237196491585,37.31326086284592,25.768344485284427,2708.509487380219
2026-08-25 19:00:00,1648.726689964674,88.3809140218866,33.68798922614732,3326.0509211950775
2026-08-25 20:00:00,1788.3783561869134,34.78383430019715,28.853888632931813,3398.405218471324
2026-08-25 21:00:00,280.3564849115185,57.83766052011588,27.40072635587116,3301.136501466422
2026-08-25 22:00:00,496.1904195742597,15.335601848182712,33.54287904563379,2808.3089250324238
2026-08-25 23:00:00,1715.6455775195584,88.25995197863895,3.498352527277503,2867.5257493463923
2026-08-26 00:00:00,1729.1570670183576,63.65474704595503,33.18256568390304,2894.3412049789367
2026-08-26 01:00:00,266.1023681574894,68.05060152692678,12.996831578750848,3111.470240747209
2026-08-26 02:00:00,125.49745064113236,6.854126603591871,26.16237919841158,3298.7494719896367
2026-08-26 03:00:00,373.87003953591784,68.94418546563979,11.661419766646329,
2026-08-26 04:00:00,1793.221731749822,69.95038520063352,37.90797317710086,2174.6728438884666
2026-08-26 05:00:00,405.99934823816767,60.78777264623846,22.144611589233264,2266.9753709951246
2026-08-26 06:00:00,954.3309314274394,26.979955627340583,29.289413329099276,2685.616060058848
2026-08-26 07:00:00,1542.3101349318688,44.58241375231846,,2928.435332183306
2026-08-26 08:00:00,134.68273816995077,10.828659046475765,40.39387122314003,3128.1432208927913
2026-08-26 09:00:00,1127.631269839381,42.97124891486458,33.210732271051,2258.042583993472
2026-08-26 10:00:00,570.9432630783613,22.70032288143603,7.545817352377853,2063.082514978272
2026-08-26 11:00:00,1565.9693579475438,32.0696317979733,38.59942426177461,3365.0404908746755
2026-08-26 12:00:00,581.8839537489346,15.471436347929176,28.21742829808227,1786.9640041151752
2026-08-26 13:00:00,1267.4847244792452,21.474838729473834,27.815789368732037,1766.2101540302024
2026-08-26 14:00:00,1246.1733751605748,7.814609121990346,41.53898463141655,2802.3556551356405
2026-08-26 15:00:00,476.539033061388,82.871221612886,11.948588449298857,1677.2803207655488
2026-08-26 16:00:00,159.1586397761952,48.2065512298109,11.541855213737467,
2026-08-26 17:00:00,795.7242754351754,36.310035442383835,23.580516406578322,1914.012326859929
2026-08-26 18:00:00,591.6283583419785,48.61759993642177,34.037974927534066,
2026-08-26 19:00:00,1475.2621743433047,56.91809733485819,20.678591162054403,2517.3852021055764
2026-08-26 20:00:00,1460.619120374087,83.04721260987206,28.891221155265697,2084.3741305847207
2026-08-26 21:00:00,876.9407187274633,16.903672753481885,20.91108786579963,2270.6917629817367
2026-08-26 22:00:00,1131.070783049472,27.304172378534368,27.857035941426624,1711.3123101335837
2026-08-26 23:00:00,1127.241177177773,,37.17954131500329,2912.520285610689
2026-08-27 00:00:00,1506.1688523269597,34.03617581171867,8.940974628000626,1960.8953752465661
2026-08-27 01:00:00,822.5041040094358,3.0079869174021594,31.5966554962633,2019.7081759564876
2026-08-27 02:00:00,568.2593556438654,14.140270844707134,35.646732530880065,1829.5233204102365
2026-08-27 03:00:00,550.5593608389306,3.3441444556211297,20.672901929198428,2212.247501449971
2026-08-27 04:00:00,1011.526874779747,89.10315967544483,15.222277390985589,2273.510917201211
2026-08-27 05:00:00,863.5519446447613,25.81950556021885,1.5959502526736915,2412.3005242919817
2026-08-27 06:00:00,848.2053106743915,83.19530536732411,36.072620982700116,3331.8933921620733
2026-08-27 07:00:00,254.93347645250228,,15.429300997583475,3199.852796895977
2026-08-27 08:00:00,1321.6263591733325,54.385868681737165,16.721616653954207,2579.724525072813
2026-08-27 09:00:00,463.3523695692482,3.9544720408349963,15.78427117634774,1381.6972823025048
2026-08-27 10:00:00,434.82117135482633,8.2616551044365,22.944530555742876,2585.7467158411428
2026-08-27 11:00:00,801.6891444715689,43.86142590460112,31.90998122163939,1488.3040742046442
2026-08-27 12:00:00,487.22318075026243,37.14930914912225,,2791.722900889369
2026-08-27 13:00:00,1092.559054423626,54.94978021457732,18.273111697738965,2119.1630578199542
2026-08-27 14:00:00,731.4876768686015,40.05745506431139,30.17648954198744,3059.162632293889
2026-08-27 15:00:00,863.1499284077432,84.13283958516212,32.710107011937865,3279.3114150567744
2026-08-27 16:00:00,1013.1878467268491,48.59183467180249,14.064362593804788,2175.931717077779
2026-08-27 17:00:00,446.0103882190682,62.74161947015735,5.251344659632104,2267.166120494867
2026-08-27 18:00:00,364.77775887140064,80.78718926518219,40.36529170835635,2539.3099201269856
2026-08-27 19:00:00,1596.7172348851282,14.071596949155456,30.793102758390088,1713.978715901906
2026-08-27 20:00:00,837.3302948134158,21.446384216549042,29.516857990556822,3247.3989657395587
2026-08-27 21:00:00,800.5591363753166,10.55136078218734,3.591710669327031,2209.2998456528826
2026-08-27 22:00:00,160.54065546383052,13.427817531462193,36.986414530172766,1650.3227054236154
2026-08-27 23:00:00,946.5597143985685,46.61997305714675,25.906382867786338,2901.7368501796564
2026-08-28 00:00:00,1042.0885267387002,29.584954048104297,38.30691436197291,1760.217882132369
2026-08-28 01:00:00,,38.66238271788119,43.880692084417504,1601.4114776508954
2026-08-28 02:00:00,1301.9529878489034,88.4415950296715,43.112414118730655,2482.031358537415
2026-08-28 03:00:00,401.71911948472,14.946686953839382,38.66793124116913,2710.1400361123406
2026-08-28 04:00:00,528.7793281920519,49.13227430102873,1.4816844485802316,2496.0817553963243
2026-08-28 05:00:00,1478.2417908917016,9.799532799774935,39.971997162426085,2678.6723627894626
2026-08-28 06:00:00,1710.1900486337697,29.346171880485198,4.3027418084164015,1542.6004258462633
2026-08-28 07:00:00,331.08567052444505,47.94980720703928,38.45253468777776,2299.637879556625
2026-08-28 08:00:00,946.0042426588709,85.25022539091506,13.32765901891144,2049.7391525859366
2026-08-28 09:00:00,464.09962965729767,35.81931169422999,27.843006895468175,3344.074094104256
2026-08-28 10:00:00,202.12438620347015,6.776695963105614,2.6750021705947056,
2026-08-28 11:00:00,653.3556748144302,35.54636886846821,34.93199462920204,1926.4178264258385
2026-08-28 12:00:00,344.2689628131617,13.970964652784017,5.915069378250745,3277.9106075926165
2026-08-28 13:00:00,1306.8862248382186,21.469075582938633,19.07027955373396,3365.341984687092
2026-08-28 14:00:00,1007.3332032414555,56.01006546168415,36.96762410231326,3032.2933762269804
2026-08-28 15:00:00,344.51860068352846,7.00072409212767,31.595355846366747,
2026-08-28 16:00:00,115.71070028937443,42.360414306253325,1.265878661754944,2478.8455595214346
2026-08-28 17:00:00,1473.8669833411616,55.24208115495803,18.73342271987215,2140.258284607981
2026-08-28 18:00:00,399.5304904792208,38.545396920707226,2.844810746438353,2993.550392160343
2026-08-28 19:00:00,1130.5682917753022,2.702245205512002,30.633993876012642,1415.5508946998
2026-08-28 20:00:00,672.7672522304674,88.71122276435501,43.63373363714614,1713.9703784538744
2026-08-28 21:00:00,1095.3260951355605,33.67330329330764,29.831495541233405,2327.309639067522
2026-08-28 22:00:00,636.6111658699508,70.29336963706076,10.872386969172455,1631.0600921904365
2026-08-28 23:00:00,247.7972531768321,29.982537804683336,16.630253410927764,2754.701799658026
2026-08-29 00:00:00,479.0150145481811,43.27649137241428,43.97262444897258,3023.6111643935765
2026-08-29 01:00:00,419.6995630144285,35.573264192378694,10.858306129423402,2779.4917766180515
2026-08-29 02:00:00,827.6328991473945,31.485991426355085,25.707279214395477,2224.595798643963
2026-08-29 03:00:00,1219.0824318244674,2.944772571492308,18.619967581996768,3144.614099130557
2026-08-29 04:00:00,548.4703274088079,33.04186346905081,34.80587310884175,1589.1408766118775
2026-08-29 05:00:00,120.51889001105052,80.16460914555817,39.16512796711503,1846.7110261879186
2026-08-29 06:00:00,982.1935192500868,62.445007134837844,15.996840071413057,2328.033339029837
2026-08-29 07:00:00,1129.7911319102525,13.942634459494146,30.057440002772836,1428.8110576464292
2026-08-29 08:00:00,1736.8798398030765,53.61279541142379,25.15809869078,1500.9401412897494
2026-08-29 09:00:00,,80.40854653544956,13.251557562439068,2134.6310806169813
2026-08-29 10:00:00,900.9933509428412,63.30302964587214,12.965395323772075,3282.1612231425634
2026-08-29 11:00:00,1074.7827640260966,14.232910919746008,24.699792491421373,3207.6687558817007
2026-08-29 12:00:00,1677.431070765446,78.2370922093702,7.776126435421191,2278.5472023846633
2026-08-29 13:00:00,1508.2428475227987,27.837417182709018,36.67563544522874,1598.5329434725331
2026-08-29 14:00:00,649.0638467184737,41.41277684379842,4.036212924817688,1674.0260775127147
2026-08-29 15:00:00,503.33241821713335,47.826705612334024,5.161277393165918,2092.8467146791672
2026-08-29 16:00:00,546.4771410223252,76.69508778965938,16.057957592799774,1741.155809682241
2026-08-29 17:00:00,957.5157675158621,83.91306706814183,6.196037360673868,1474.2487482197935
2026-08-29 18:00:00,1364.8840670885822,83.73910612335949,21.93080093524167,2714.932715391994
2026-08-29 19:00:00,955.4726522110356,1.707922133790117,18.585739179442296,2521.0421393646593
2026-08-29 20:00:00,215.2538729077914,83.04807521710569,32.75963101897155,1911.7231917539787
2026-08-29 21:00:00,1330.0871907479675,5.8404399741399375,42.9321828292277,2935.7916033598385
2026-08-29 22:00:00,1470.1492187406216,24.65385545675175,34.15657772852154,2929.492664182252
2026-08-29 23:00:00,592.1463707035234,46.83391907077713,8.89574116674659,2331.1041374467995
2026-08-30 00:00:00,1229.0137567816957,43.71338632139107,42.162936560433735,
2026-08-30 01:00:00,825.2062317924688,54.81917165597789,18.253871032334956,3228.785740212851
2026-08-30 02:00:00,1611.502904736653,43.67071435759352,21.864331880784167,2704.1870994360397
2026-08-30 03:00:00,,84.15943548799746,19.549354444307966,1818.8067202190969
2026-08-30 04:00:00,993.2343971263919,22.408847491098243,13.344069024659635,2581.954548771876
2026-08-30 05:00:00,1275.5594278831106,25.38819776942524,40.38194866308929,2150.5451412380235
2026-08-30 06:00:00,1601.6944917375768,82.945676276682,15.61851009945111,2634.2342434455113
2026-08-30 07:00:00,942.7189171330683,7.829816723327804,26.45824466590004,2295.128881035144
2026-08-30 08:00:00,632.5262588309973,55.25091314952808,11.561477712470529,2319.4915155034405
2026-08-30 09:00:00,1381.2324344462882,61.67449973383936,36.08451648988794,2845.3523930054544
2026-08-30 10:00:00,474.11263313397603,45.99321338524681,35.064741019284206,2588.824066734349
2026-08-30 11:00:00,760.5029516102715,62.78663721525921,14.037734091669934,1467.9006516128738
2026-08-30 12:00:00,1571.7363030815493,,30.98837921831196,1437.2844979372376
2026-08-30 13:00:00,1331.5179784578356,76.88426871666705,31.97043545617779,1940.519398743123
2026-08-30 14:00:00,786.4787089207487,13.462286362819817,25.75050230860971,2203.5165927313674
2026-08-30 15:00:00,465.0656540942076,36.67230754410172,27.426328819953486,1877.9673742765008
2026-08-30 16:00:00,705.1462644148021,7.697926516430316,26.276004084795016,2668.065701946828
2026-08-30 17:00:00,582.977053686636,49.523786014748616,4.602033775773208,1709.7266566238059
2026-08-30 18:00:00,399.3517895045517,60.607376860881885,30.491675167406537,2778.6963024319566
2026-08-30 19:00:00,1363.6659530616164,84.76872552348085,21.670100432902416,2923.616557966753
2026-08-30 20:00:00,528.5188076452916,66.80092143474408,20.292120343822194,1561.0705459508663
2026-08-30 21:00:00,872.0846992851984,49.15815956441945,38.839965626399234,2666.6931110622745
2026-08-30 22:00:00,755.9610596213854,84.0029145281597,2.021975392289179,3319.0155493902394
2026-08-30 23:00:00,1769.5315436805724,43.58087858563801,12.057856390185227,1704.930016253028
2026-08-31 00:00:00,764.8568150519749,50.94730312579937,6.3417539930808395,3209.535945343924
2026-08-31 01:00:00,235.97022075448314,54.052768962638524,2.5550059628279334,2572.700693475435
2026-08-31 02:00:00,252.70377937254284,37.48819560390445,13.129787897741693,2540.984221396595
2026-08-31 03:00:00,1104.2813263002101,75.62495946035835,44.49295600296582,1409.037632873821
2026-08-31 04:00:00,1118.9180379550517,17.480658557210262,12.890083621133247,2871.430584611436
2026-08-31 05:00:00,811.8902838205134,50.38095494307311,30.20305607101394,2304.3734105609224
2026-08-31 06:00:00,834.1342769304505,65.27875980066027,6.205151161791745,
2026-08-31 07:00:00,191.68539082948107,81.45387929701538,27.48129572207812,2999.2803172378726
2026-08-31 08:00:00,978.1290676617458,79.66873728265078,44.317185258085786,2399.972384081785
2026-08-31 09:00:00,958.0571081465979,46.27788575928263,13.840851032260474,1853.6530578844597
2026-08-31 10:00:00,354.2338415468057,58.241369153537406,38.315327120525644,1597.302231924908
2026-08-31 11:00:00,276.5269563885769,36.08715851550779,44.89314073612756,1637.0565686580699
2026-08-31 12:00:00,310.07323401913385,42.66782089633783,26.896379903712734,3120.5627732861776
2026-08-31 13:00:00,271.74801903513946,81.65765553900141,14.613648418833556,1559.5140008238163
2026-08-31 14:00:00,1136.5039324124916,,30.63537543556287,2107.8575533977937
2026-08-31 15:00:00,434.02050908496165,80.69185116796476,38.173321075819224,2001.9767572069647
2026-08-31 16:00:00,527.4312587186878,13.315006701413802,8.539410690327045,3117.4569001518375
2026-08-31 17:00:00,395.0726450574476,76.65747789842662,20.910693609023944,2303.1563514580125
2026-08-31 18:00:00,1728.3200175624552,85.40437206091175,15.044259245449002,3392.537476431089
2026-08-31 19:00:00,1552.8496873581203,33.151222817050815,13.467795866344714,
2026-08-31 20:00:00,,47.15951975852856,38.8761354725676,3086.939508349
2026-08-31 21:00:00,656.8626996676142,70.33947776735663,19.552776300160893,1507.2117586560173
2026-08-31 22:00:00,456.8178319184952,51.024954243342734,15.919359039372162,1831.5147360562814
2026-08-31 23:00:00,936.1891310834004,89.4200334318562,,1584.4370107008394
2026-09-01 00:00:00,133.3379052062311,41.55848949895773,10.653669504044776,2273.606142041175
2026-09-01 01:00:00,1241.3256151245528,64.5409012974566,11.115313584995473,2808.4037251400105
2026-09-01 02:00:00,989.3688546899908,71.54061147749243,23.892704158346202,1655.0334932263004
2026-09-01 03:00:00,1627.6861781118755,,19.008000060432103,1573.3539435964515
2026-09-01 04:00:00,379.46756335830406,77.27155870831244,13.979224892582277,2590.6783724389247
2026-09-01 05:00:00,1466.9857183039237,49.60775861744048,3.3738498200604967,1783.6567829031903
2026-09-01 06:00:00,1446.3337245934167,37.63692091534519,23.91406650009495,2306.582650682856
2026-09-01 07:00:00,316.2080216687078,10.596306972823285,36.930805046447304,1407.3472282282073
2026-09-01 08:00:00,777.5506810450169,36.01380829518775,38.46059703258655,2729.286905341676
2026-09-01 09:00:00,389.2594899456787,66.32034447126229,11.35935910794753,2436.7644014483126
2026-09-01 10:00:00,533.0248507778331,82.99449063952954,27.384212973689486,2659.588087813129
2026-09-01 11:00:00,547.5184972119255,23.399466943567617,38.65877761636938,1878.3533981254668
2026-09-01 12:00:00,1045.6018698438138,32.61596104241474,18.983940844155647,1885.0662482592152
2026-09-01 13:00:00,799.3985839927914,14.702528475293933,42.014019961531254,2982.857119490592
2026-09-01 14:00:00,1711.1457668107191,62.474337586378226,40.73105528170033,2808.980857268135
2026-09-01 15:00:00,314.82924130990875,86.45677027088335,10.157891486427612,2517.430167517091
2026-09-01 16:00:00,1755.276629245338,58.04474756648762,12.394452647608967,2619.101299142369
2026-09-01 17:00:00,492.0856883642487,55.91981117055414,8.939447940422632,1497.4927769523215
2026-09-01 18:00:00,1413.8856918491504,50.26060381453862,9.6263914640069,3097.9597393476324
2026-09-01 19:00:00,676.2488744937964,8.87256092101275,40.945931835633914,2916.8047693244916
2026-09-01 20:00:00,343.23837220943363,65.92584055221513,41.97006800447541,2540.03222102924
2026-09-01 21:00:00,1558.411614918608,54.58240937589222,3.2834786121457618,3229.0497753119053
2026-09-01 22:00:00,625.0635287019875,59.871432428209545,27.11854764957701,1654.1396061687396
2026-09-01 23:00:00,1220.0541871856317,80.99418727944052,25.82618876573315,2741.9805106717504
